123,34,112,114,111,100,117,99,116,115,34,58,91,123,34,105,100,34,58,55,56,56,55,57,50,50,57,53,52,51,49,53,44,34,116,105,116,108,101,34,58,34,66,101,115,116,32,83,101,108,108,101,114,32,66,117,110,100,108,101,34,44,34,104,97,110,100,108,101,34,58,34,98,101,115,116,45,115,101,108,108,101,114,45,98,117,110,100,108,101,34,44,34,98,111,100,121,95,104,116,109,108,34,58,34,34,44,34,112,117,98,108,105,115,104,101,100,95,97,116,34,58,34,50,48,50,54,45
48,54,45,49,50,84,49,49,58,51,48,58,53,49,43,49,48,58,48,48,34,44,34,99,114,101,97,116,101,100,95,97,116,34,58,34,50,48,50,54,45,48,54,45,49,50,84,48,56,58,49,52,58,50,48,43,49,48,58,48,48,34,44,34,117,112,100,97,116,101,100,95,97,116,34,58,34,50,48,50,54,45,48,54,45,50,55,84,48,54,58,51,51,58,52,51,43,49,48,58,48,48,34,44,34,118,101,110,100,111,114,34,58,34,104,105,115,109,105,108,101,95,100,101,118,34,44,34
112,114,111,100,117,99,116,95,116,121,112,101,34,58,34,34,44,34,116,97,103,115,34,58,91,93,44,34,118,97,114,105,97,110,116,115,34,58,91,123,34,105,100,34,58,52,50,54,55,53,52,55,55,55,48,56,56,55,53,44,34,116,105,116,108,101,34,58,34,68,101,102,97,117,108,116,32,84,105,116,108,101,34,44,34,111,112,116,105,111,110,49,34,58,34,68,101,102,97,117,108,116,32,84,105,116,108,101,34,44,34,111,112,116,105,111,110,50,34,58,110,117,108,108,44,34,111,112
116,105,111,110,51,34,58,110,117,108,108,44,34,115,107,117,34,58,34,66,69,83,84,95,83,69,76,76,69,82,95,66,85,78,68,76,69,34,44,34,114,101,113,117,105,114,101,115,95,115,104,105,112,112,105,110,103,34,58,116,114,117,101,44,34,116,97,120,97,98,108,101,34,58,116,114,117,101,44,34,102,101,97,116,117,114,101,100,95,105,109,97,103,101,34,58,110,117,108,108,44,34,97,118,97,105,108,97,98,108,101,34,58,116,114,117,101,44,34,112,114,105,99,101,34,58,34,54
51,46,57,57,34,44,34,103,114,97,109,115,34,58,48,44,34,99,111,109,112,97,114,101,95,97,116,95,112,114,105,99,101,34,58,110,117,108,108,44,34,112,111,115,105,116,105,111,110,34,58,49,44,34,112,114,111,100,117,99,116,95,105,100,34,58,55,56,56,55,57,50,50,57,53,52,51,49,53,44,34,99,114,101,97,116,101,100,95,97,116,34,58,34,50,48,50,54,45,48,54,45,49,50,84,48,56,58,49,52,58,50,48,43,49,48,58,48,48,34,44,34,117,112,100,97,116,101
100,95,97,116,34,58,34,50,48,50,54,45,48,54,45,50,55,84,48,54,58,51,51,58,52,51,43,49,48,58,48,48,34,125,93,44,34,105,109,97,103,101,115,34,58,91,123,34,105,100,34,58,51,53,53,55,50,55,52,48,57,52,56,48,52,51,44,34,99,114,101,97,116,101,100,95,97,116,34,58,34,50,48,50,54,45,48,54,45,49,50,84,48,56,58,49,52,58,50,48,43,49,48,58,48,48,34,44,34,112,111,115,105,116,105,111,110,34,58,49,44,34,117,112,100,97,116,101
100,95,97,116,34,58,34,50,48,50,54,45,48,54,45,49,50,84,48,56,58,49,52,58,50,50,43,49,48,58,48,48,34,44,34,112,114,111,100,117,99,116,95,105,100,34,58,55,56,56,55,57,50,50,57,53,52,51,49,53,44,34,118,97,114,105,97,110,116,95,105,100,115,34,58,91,93,44,34,115,114,99,34,58,34,104,116,116,112,115,58,92,47,92,47,99,100,110,46,115,104,111,112,105,102,121,46,99,111,109,92,47,115,92,47,102,105,108,101,115,92,47,49,92,47,49,53,50
53,92,47,57,55,54,54,92,47,102,105,108,101,115,92,47,66,83,66,66,95,45,95,77,111,98,105,108,101,95,72,101,97,100,101,114,46,112,110,103,63,118,61,49,55,56,49,50,49,54,48,54,50,34,44,34,119,105,100,116,104,34,58,55,49,50,44,34,104,101,105,103,104,116,34,58,52,51,48,125,93,44,34,111,112,116,105,111,110,115,34,58,91,123,34,110,97,109,101,34,58,34,84,105,116,108,101,34,44,34,112,111,115,105,116,105,111,110,34,58,49,44,34,118,97,108,117,101
115,34,58,91,34,68,101,102,97,117,108,116,32,84,105,116,108,101,34,93,125,93,125,44,123,34,105,100,34,58,55,56,56,55,56,56,51,57,50,55,54,50,55,44,34,116,105,116,108,101,34,58,34,66,101,115,116,32,83,101,108,108,101,114,32,66,117,110,100,108,101,32,55,32,112,97,99,107,34,44,34,104,97,110,100,108,101,34,58,34,98,101,115,116,45,115,101,108,108,101,114,45,98,117,110,100,108,101,45,55,45,112,97,99,107,34,44,34,98,111,100,121,95,104,116,109,108,34
58,34,34,44,34,112,117,98,108,105,115,104,101,100,95,97,116,34,58,34,50,48,50,54,45,48,54,45,49,50,84,49,49,58,51,48,58,53,49,43,49,48,58,48,48,34,44,34,99,114,101,97,116,101,100,95,97,116,34,58,34,50,48,50,54,45,48,54,45,49,50,84,48,55,58,53,51,58,49,53,43,49,48,58,48,48,34,44,34,117,112,100,97,116,101,100,95,97,116,34,58,34,50,48,50,54,45,48,54,45,50,55,84,48,54,58,51,51,58,52,51,43,49,48,58,48,48,34
44,34,118,101,110,100,111,114,34,58,34,104,105,115,109,105,108,101,95,100,101,118,34,44,34,112,114,111,100,117,99,116,95,116,121,112,101,34,58,34,34,44,34,116,97,103,115,34,58,91,93,44,34,118,97,114,105,97,110,116,115,34,58,91,123,34,105,100,34,58,52,50,54,55,53,52,51,54,53,56,53,48,51,53,44,34,116,105,116,108,101,34,58,34,68,101,102,97,117,108,116,32,84,105,116,108,101,34,44,34,111,112,116,105,111,110,49,34,58,34,68,101,102,97,117,108,116,32
84,105,116,108,101,34,44,34,111,112,116,105,111,110,50,34,58,110,117,108,108,44,34,111,112,116,105,111,110,51,34,58,110,117,108,108,44,34,115,107,117,34,58,34,66,69,83,84,95,83,69,76,76,69,82,95,55,95,80,65,67,75,34,44,34,114,101,113,117,105,114,101,115,95,115,104,105,112,112,105,110,103,34,58,116,114,117,101,44,34,116,97,120,97,98,108,101,34,58,116,114,117,101,44,34,102,101,97,116,117,114,101,100,95,105,109,97,103,101,34,58,110,117,108,108,44,34,97
118,97,105,108,97,98,108,101,34,58,116,114,117,101,44,34,112,114,105,99,101,34,58,34,54,51,46,57,57,34,44,34,103,114,97,109,115,34,58,48,44,34,99,111,109,112,97,114,101,95,97,116,95,112,114,105,99,101,34,58,110,117,108,108,44,34,112,111,115,105,116,105,111,110,34,58,49,44,34,112,114,111,100,117,99,116,95,105,100,34,58,55,56,56,55,56,56,51,57,50,55,54,50,55,44,34,99,114,101,97,116,101,100,95,97,116,34,58,34,50,48,50,54,45,48,54,45,49
50,84,48,55,58,53,51,58,49,53,43,49,48,58,48,48,34,44,34,117,112,100,97,116,101,100,95,97,116,34,58,34,50,48,50,54,45,48,54,45,50,55,84,48,54,58,51,51,58,52,51,43,49,48,58,48,48,34,125,93,44,34,105,109,97,103,101,115,34,58,91,123,34,105,100,34,58,51,53,53,55,50,54,57,56,48,50,49,57,54,51,44,34,99,114,101,97,116,101,100,95,97,116,34,58,34,50,48,50,54,45,48,54,45,49,50,84,48,55,58,53,51,58,49,53,43,49,48
58,48,48,34,44,34,112,111,115,105,116,105,111,110,34,58,49,44,34,117,112,100,97,116,101,100,95,97,116,34,58,34,50,48,50,54,45,48,54,45,49,50,84,48,55,58,53,51,58,49,55,43,49,48,58,48,48,34,44,34,112,114,111,100,117,99,116,95,105,100,34,58,55,56,56,55,56,56,51,57,50,55,54,50,55,44,34,118,97,114,105,97,110,116,95,105,100,115,34,58,91,93,44,34,115,114,99,34,58,34,104,116,116,112,115,58,92,47,92,47,99,100,110,46,115,104,111,112
105,102,121,46,99,111,109,92,47,115,92,47,102,105,108,101,115,92,47,49,92,47,49,53,50,53,92,47,57,55,54,54,92,47,102,105,108,101,115,92,47,67,97,114,116,45,66,83,66,66,45,55,80,97,99,107,46,112,110,103,63,118,61,49,55,56,49,50,49,52,55,57,55,34,44,34,119,105,100,116,104,34,58,57,48,48,44,34,104,101,105,103,104,116,34,58,57,48,48,125,93,44,34,111,112,116,105,111,110,115,34,58,91,123,34,110,97,109,101,34,58,34,84,105,116,108,101,34
44,34,112,111,115,105,116,105,111,110,34,58,49,44,34,118,97,108,117,101,115,34,58,91,34,68,101,102,97,117,108,116,32,84,105,116,108,101,34,93,125,93,125,44,123,34,105,100,34,58,55,56,56,55,56,56,51,56,57,52,56,53,57,44,34,116,105,116,108,101,34,58,34,66,101,115,116,32,83,101,108,108,101,114,32,66,117,110,100,108,101,32,53,32,112,97,99,107,34,44,34,104,97,110,100,108,101,34,58,34,98,101,115,116,45,115,101,108,108,101,114,45,98,117,110,100,108,101
45,53,45,112,97,99,107,34,44,34,98,111,100,121,95,104,116,109,108,34,58,34,34,44,34,112,117,98,108,105,115,104,101,100,95,97,116,34,58,34,50,48,50,54,45,48,54,45,49,50,84,49,49,58,51,48,58,53,49,43,49,48,58,48,48,34,44,34,99,114,101,97,116,101,100,95,97,116,34,58,34,50,48,50,54,45,48,54,45,49,50,84,48,55,58,53,51,58,49,52,43,49,48,58,48,48,34,44,34,117,112,100,97,116,101,100,95,97,116,34,58,34,50,48,50,54,45,48
54,45,50,55,84,48,54,58,51,51,58,52,51,43,49,48,58,48,48,34,44,34,118,101,110,100,111,114,34,58,34,104,105,115,109,105,108,101,95,100,101,118,34,44,34,112,114,111,100,117,99,116,95,116,121,112,101,34,58,34,34,44,34,116,97,103,115,34,58,91,93,44,34,118,97,114,105,97,110,116,115,34,58,91,123,34,105,100,34,58,52,50,54,55,53,52,51,54,53,53,50,50,54,55,44,34,116,105,116,108,101,34,58,34,68,101,102,97,117,108,116,32,84,105,116,108,101,34
44,34,111,112,116,105,111,110,49,34,58,34,68,101,102,97,117,108,116,32,84,105,116,108,101,34,44,34,111,112,116,105,111,110,50,34,58,110,117,108,108,44,34,111,112,116,105,111,110,51,34,58,110,117,108,108,44,34,115,107,117,34,58,34,66,69,83,84,95,83,69,76,76,69,82,95,53,95,80,65,67,75,34,44,34,114,101,113,117,105,114,101,115,95,115,104,105,112,112,105,110,103,34,58,116,114,117,101,44,34,116,97,120,97,98,108,101,34,58,116,114,117,101,44,34,102,101,97
116,117,114,101,100,95,105,109,97,103,101,34,58,110,117,108,108,44,34,97,118,97,105,108,97,98,108,101,34,58,116,114,117,101,44,34,112,114,105,99,101,34,58,34,54,51,46,57,57,34,44,34,103,114,97,109,115,34,58,48,44,34,99,111,109,112,97,114,101,95,97,116,95,112,114,105,99,101,34,58,110,117,108,108,44,34,112,111,115,105,116,105,111,110,34,58,49,44,34,112,114,111,100,117,99,116,95,105,100,34,58,55,56,56,55,56,56,51,56,57,52,56,53,57,44,34,99,114
101,97,116,101,100,95,97,116,34,58,34,50,48,50,54,45,48,54,45,49,50,84,48,55,58,53,51,58,49,52,43,49,48,58,48,48,34,44,34,117,112,100,97,116,101,100,95,97,116,34,58,34,50,48,50,54,45,48,54,45,50,55,84,48,54,58,51,51,58,52,51,43,49,48,58,48,48,34,125,93,44,34,105,109,97,103,101,115,34,58,91,123,34,105,100,34,58,51,53,53,55,50,54,57,55,57,56,57,49,57,53,44,34,99,114,101,97,116,101,100,95,97,116,34,58,34,50,48
50,54,45,48,54,45,49,50,84,48,55,58,53,51,58,49,52,43,49,48,58,48,48,34,44,34,112,111,115,105,116,105,111,110,34,58,49,44,34,117,112,100,97,116,101,100,95,97,116,34,58,34,50,48,50,54,45,48,54,45,49,50,84,48,55,58,53,51,58,49,54,43,49,48,58,48,48,34,44,34,112,114,111,100,117,99,116,95,105,100,34,58,55,56,56,55,56,56,51,56,57,52,56,53,57,44,34,118,97,114,105,97,110,116,95,105,100,115,34,58,91,93,44,34,115,114,99,34
58,34,104,116,116,112,115,58,92,47,92,47,99,100,110,46,115,104,111,112,105,102,121,46,99,111,109,92,47,115,92,47,102,105,108,101,115,92,47,49,92,47,49,53,50,53,92,47,57,55,54,54,92,47,102,105,108,101,115,92,47,67,97,114,116,45,66,83,66,66,45,53,80,97,99,107,46,112,110,103,63,118,61,49,55,56,49,50,49,52,55,57,54,34,44,34,119,105,100,116,104,34,58,57,48,48,44,34,104,101,105,103,104,116,34,58,57,48,48,125,93,44,34,111,112,116,105,111
110,115,34,58,91,123,34,110,97,109,101,34,58,34,84,105,116,108,101,34,44,34,112,111,115,105,116,105,111,110,34,58,49,44,34,118,97,108,117,101,115,34,58,91,34,68,101,102,97,117,108,116,32,84,105,116,108,101,34,93,125,93,125,44,123,34,105,100,34,58,55,56,56,55,56,56,51,56,54,50,48,57,49,44,34,116,105,116,108,101,34,58,34,66,101,115,116,32,83,101,108,108,101,114,32,66,117,110,100,108,101,32,51,32,112,97,99,107,34,44,34,104,97,110,100,108,101,34
58,34,98,101,115,116,45,115,101,108,108,101,114,45,98,117,110,100,108,101,45,51,45,112,97,99,107,34,44,34,98,111,100,121,95,104,116,109,108,34,58,34,34,44,34,112,117,98,108,105,115,104,101,100,95,97,116,34,58,34,50,48,50,54,45,48,54,45,49,50,84,49,49,58,51,48,58,53,48,43,49,48,58,48,48,34,44,34,99,114,101,97,116,101,100,95,97,116,34,58,34,50,48,50,54,45,48,54,45,49,50,84,48,55,58,53,51,58,49,50,43,49,48,58,48,48,34,44
34,117,112,100,97,116,101,100,95,97,116,34,58,34,50,48,50,54,45,48,54,45,50,55,84,48,54,58,51,51,58,52,51,43,49,48,58,48,48,34,44,34,118,101,110,100,111,114,34,58,34,104,105,115,109,105,108,101,95,100,101,118,34,44,34,112,114,111,100,117,99,116,95,116,121,112,101,34,58,34,34,44,34,116,97,103,115,34,58,91,93,44,34,118,97,114,105,97,110,116,115,34,58,91,123,34,105,100,34,58,52,50,54,55,53,52,51,54,53,49,57,52,57,57,44,34,116,105
116,108,101,34,58,34,68,101,102,97,117,108,116,32,84,105,116,108,101,34,44,34,111,112,116,105,111,110,49,34,58,34,68,101,102,97,117,108,116,32,84,105,116,108,101,34,44,34,111,112,116,105,111,110,50,34,58,110,117,108,108,44,34,111,112,116,105,111,110,51,34,58,110,117,108,108,44,34,115,107,117,34,58,34,66,69,83,84,95,83,69,76,76,69,82,95,51,95,80,65,67,75,34,44,34,114,101,113,117,105,114,101,115,95,115,104,105,112,112,105,110,103,34,58,116,114,117,101
44,34,116,97,120,97,98,108,101,34,58,116,114,117,101,44,34,102,101,97,116,117,114,101,100,95,105,109,97,103,101,34,58,110,117,108,108,44,34,97,118,97,105,108,97,98,108,101,34,58,116,114,117,101,44,34,112,114,105,99,101,34,58,34,54,51,46,57,57,34,44,34,103,114,97,109,115,34,58,48,44,34,99,111,109,112,97,114,101,95,97,116,95,112,114,105,99,101,34,58,110,117,108,108,44,34,112,111,115,105,116,105,111,110,34,58,49,44,34,112,114,111,100,117,99,116,95,105
100,34,58,55,56,56,55,56,56,51,56,54,50,48,57,49,44,34,99,114,101,97,116,101,100,95,97,116,34,58,34,50,48,50,54,45,48,54,45,49,50,84,48,55,58,53,51,58,49,50,43,49,48,58,48,48,34,44,34,117,112,100,97,116,101,100,95,97,116,34,58,34,50,48,50,54,45,48,54,45,50,55,84,48,54,58,51,51,58,52,51,43,49,48,58,48,48,34,125,93,44,34,105,109,97,103,101,115,34,58,91,123,34,105,100,34,58,51,53,53,55,50,54,57,55,57,53,54
52,50,55,44,34,99,114,101,97,116,101,100,95,97,116,34,58,34,50,48,50,54,45,48,54,45,49,50,84,48,55,58,53,51,58,49,50,43,49,48,58,48,48,34,44,34,112,111,115,105,116,105,111,110,34,58,49,44,34,117,112,100,97,116,101,100,95,97,116,34,58,34,50,48,50,54,45,48,54,45,49,50,84,48,55,58,53,51,58,49,54,43,49,48,58,48,48,34,44,34,112,114,111,100,117,99,116,95,105,100,34,58,55,56,56,55,56,56,51,56,54,50,48,57,49,44,34,118
97,114,105,97,110,116,95,105,100,115,34,58,91,93,44,34,115,114,99,34,58,34,104,116,116,112,115,58,92,47,92,47,99,100,110,46,115,104,111,112,105,102,121,46,99,111,109,92,47,115,92,47,102,105,108,101,115,92,47,49,92,47,49,53,50,53,92,47,57,55,54,54,92,47,102,105,108,101,115,92,47,67,97,114,116,45,66,83,66,66,45,51,80,97,99,107,46,112,110,103,63,118,61,49,55,56,49,50,49,52,55,57,54,34,44,34,119,105,100,116,104,34,58,57,48,48,44,34
104,101,105,103,104,116,34,58,57,48,48,125,93,44,34,111,112,116,105,111,110,115,34,58,91,123,34,110,97,109,101,34,58,34,84,105,116,108,101,34,44,34,112,111,115,105,116,105,111,110,34,58,49,44,34,118,97,108,117,101,115,34,58,91,34,68,101,102,97,117,108,116,32,84,105,116,108,101,34,93,125,93,125,44,123,34,105,100,34,58,55,55,56,54,57,52,56,52,50,55,56,53,49,44,34,116,105,116,108,101,34,58,34,80,101,114,102,101,99,116,32,80,97,105,114,32,83,101
116,34,44,34,104,97,110,100,108,101,34,58,34,112,101,114,102,101,99,116,45,112,97,105,114,45,115,101,116,34,44,34,98,111,100,121,95,104,116,109,108,34,58,34,92,117,48,48,51,99,112,92,117,48,48,51,101,92,117,48,48,51,99,92,47,112,92,117,48,48,51,101,34,44,34,112,117,98,108,105,115,104,101,100,95,97,116,34,58,34,50,48,50,54,45,48,54,45,48,50,84,49,53,58,51,54,58,52,54,43,49,48,58,48,48,34,44,34,99,114,101,97,116,101,100,95,97,116
34,58,34,50,48,50,54,45,48,54,45,48,50,84,49,51,58,49,51,58,50,52,43,49,48,58,48,48,34,44,34,117,112,100,97,116,101,100,95,97,116,34,58,34,50,48,50,54,45,48,54,45,50,55,84,48,54,58,51,51,58,52,51,43,49,48,58,48,48,34,44,34,118,101,110,100,111,114,34,58,34,104,105,115,109,105,108,101,95,100,101,118,34,44,34,112,114,111,100,117,99,116,95,116,121,112,101,34,58,34,34,44,34,116,97,103,115,34,58,91,93,44,34,118,97,114,105,97
110,116,115,34,58,91,123,34,105,100,34,58,52,50,53,52,56,54,55,52,54,50,53,54,49,49,44,34,116,105,116,108,101,34,58,34,68,101,102,97,117,108,116,32,84,105,116,108,101,34,44,34,111,112,116,105,111,110,49,34,58,34,68,101,102,97,117,108,116,32,84,105,116,108,101,34,44,34,111,112,116,105,111,110,50,34,58,110,117,108,108,44,34,111,112,116,105,111,110,51,34,58,110,117,108,108,44,34,115,107,117,34,58,34,80,69,82,70,69,67,84,95,80,65,73,82,95,83
69,84,34,44,34,114,101,113,117,105,114,101,115,95,115,104,105,112,112,105,110,103,34,58,116,114,117,101,44,34,116,97,120,97,98,108,101,34,58,116,114,117,101,44,34,102,101,97,116,117,114,101,100,95,105,109,97,103,101,34,58,110,117,108,108,44,34,97,118,97,105,108,97,98,108,101,34,58,116,114,117,101,44,34,112,114,105,99,101,34,58,34,51,57,46,57,56,34,44,34,103,114,97,109,115,34,58,48,44,34,99,111,109,112,97,114,101,95,97,116,95,112,114,105,99,101,34,58
110,117,108,108,44,34,112,111,115,105,116,105,111,110,34,58,49,44,34,112,114,111,100,117,99,116,95,105,100,34,58,55,55,56,54,57,52,56,52,50,55,56,53,49,44,34,99,114,101,97,116,101,100,95,97,116,34,58,34,50,48,50,54,45,48,54,45,48,50,84,49,51,58,49,51,58,50,52,43,49,48,58,48,48,34,44,34,117,112,100,97,116,101,100,95,97,116,34,58,34,50,48,50,54,45,48,54,45,50,55,84,48,54,58,51,51,58,52,51,43,49,48,58,48,48,34,125,93
44,34,105,109,97,103,101,115,34,58,91,123,34,105,100,34,58,51,53,52,53,48,55,54,54,55,53,51,56,54,55,44,34,99,114,101,97,116,101,100,95,97,116,34,58,34,50,48,50,54,45,48,54,45,48,50,84,49,51,58,49,51,58,50,52,43,49,48,58,48,48,34,44,34,112,111,115,105,116,105,111,110,34,58,49,44,34,117,112,100,97,116,101,100,95,97,116,34,58,34,50,48,50,54,45,48,54,45,48,50,84,49,51,58,49,51,58,50,54,43,49,48,58,48,48,34,44,34
112,114,111,100,117,99,116,95,105,100,34,58,55,55,56,54,57,52,56,52,50,55,56,53,49,44,34,118,97,114,105,97,110,116,95,105,100,115,34,58,91,93,44,34,115,114,99,34,58,34,104,116,116,112,115,58,92,47,92,47,99,100,110,46,115,104,111,112,105,102,121,46,99,111,109,92,47,115,92,47,102,105,108,101,115,92,47,49,92,47,49,53,50,53,92,47,57,55,54,54,92,47,102,105,108,101,115,92,47,67,111,108,108,101,99,116,105,111,110,45,80,101,114,102,101,99,116,80
97,105,114,83,101,116,45,83,105,110,103,108,101,46,112,110,103,63,118,61,49,55,56,48,51,55,48,48,48,54,34,44,34,119,105,100,116,104,34,58,57,48,48,44,34,104,101,105,103,104,116,34,58,57,48,48,125,93,44,34,111,112,116,105,111,110,115,34,58,91,123,34,110,97,109,101,34,58,34,84,105,116,108,101,34,44,34,112,111,115,105,116,105,111,110,34,58,49,44,34,118,97,108,117,101,115,34,58,91,34,68,101,102,97,117,108,116,32,84,105,116,108,101,34,93,125,93,125
44,123,34,105,100,34,58,55,55,56,54,57,52,56,51,57,53,48,56,51,44,34,116,105,116,108,101,34,58,34,66,117,121,32,51,32,71,101,116,32,50,32,70,114,101,101,32,45,32,105,68,32,83,116,97,105,110,32,87,104,105,116,101,110,105,110,103,32,77,111,117,116,104,119,97,115,104,34,44,34,104,97,110,100,108,101,34,58,34,109,111,117,116,104,119,97,115,104,45,118,97,108,117,101,45,115,101,116,34,44,34,98,111,100,121,95,104,116,109,108,34,58,34,92,117,48,48,51
99,100,105,118,32,99,108,97,115,115,61,92,34,112,114,111,100,117,99,116,45,100,101,115,99,114,105,112,116,105,111,110,45,99,111,110,116,97,105,110,101,114,95,95,99,117,115,116,111,109,92,34,92,117,48,48,51,101,92,110,92,117,48,48,51,99,112,92,117,48,48,51,101,66,117,121,32,51,44,32,103,101,116,32,50,32,102,114,101,101,46,32,72,101,108,112,115,32,77,97,105,110,116,97,105,110,32,87,104,105,116,101,32,84,101,101,116,104,46,32,84,97,114,103,101,116,32,103
117,110,107,32,105,110,32,116,104,101,32,109,111,117,116,104,46,32,70,114,101,115,104,101,110,32,98,114,101,97,116,104,32,97,116,32,116,104,101,32,115,111,117,114,99,101,46,32,105,68,32,83,116,97,105,110,32,87,104,105,116,101,110,105,110,103,32,77,111,117,116,104,119,97,115,104,32,116,97,114,103,101,116,115,32,116,104,101,32,103,117,110,107,32,121,111,117,114,32,116,111,111,116,104,98,114,117,115,104,32,108,101,102,116,32,98,101,104,105,110,100,32,97,110,100,32,112,117
108,108,115,32,105,116,32,105,110,116,111,32,118,105,115,105,98,108,101,32,99,108,117,109,112,115,32,121,111,117,32,99,97,110,32,97,99,116,117,97,108,108,121,32,115,101,101,32,105,110,32,116,104,101,32,115,105,110,107,46,32,80,111,119,101,114,101,100,32,98,121,32,104,121,100,114,111,103,101,110,32,112,101,114,111,120,105,100,101,32,97,110,100,32,101,115,115,101,110,116,105,97,108,32,111,105,108,32,97,99,116,105,118,101,115,44,32,105,68,32,83,116,97,105,110,32,104,101
108,112,115,32,109,97,105,110,116,97,105,110,32,119,104,105,116,101,114,32,116,101,101,116,104,32,97,110,100,32,108,101,97,118,101,115,32,121,111,117,114,32,109,111,117,116,104,32,102,101,101,108,105,110,103,32,115,101,114,105,111,117,115,108,121,32,102,114,101,115,104,32,102,114,111,109,32,116,104,101,32,102,105,114,115,116,32,114,105,110,115,101,46,194,160,92,117,48,48,51,99,109,101,116,97,32,99,104,97,114,115,101,116,61,92,34,117,116,102,45,56,92,34,92,117,48,48,51
101,92,117,48,48,51,99,115,112,97,110,92,117,48,48,51,101,105,68,32,83,116,97,105,110,32,105,115,32,110,111,116,32,121,111,117,114,32,97,118,101,114,97,103,101,32,109,111,117,116,104,119,97,115,104,46,32,92,117,48,48,51,99,92,47,115,112,97,110,92,117,48,48,51,101,92,117,48,48,51,99,115,112,97,110,92,117,48,48,51,101,84,104,105,115,32,111,114,97,108,32,114,105,110,115,101,32,119,111,114,107,115,32,119,105,116,104,32,121,111,117,114,32,114,111,117,116,105
110,101,32,116,111,32,104,101,108,112,32,109,97,105,110,116,97,105,110,32,119,104,105,116,101,32,116,101,101,116,104,44,32,102,114,101,115,104,101,110,32,98,114,101,97,116,104,44,32,97,110,100,32,108,105,102,116,32,98,117,105,108,100,45,117,112,32,102,114,111,109,32,116,104,101,32,97,114,101,97,115,32,98,114,117,115,104,105,110,103,32,99,97,110,32,109,105,115,115,46,32,65,115,32,121,111,117,32,114,105,110,115,101,44,32,116,104,101,32,102,111,114,109,117,108,97,32,105
110,116,101,114,97,99,116,115,32,119,105,116,104,32,111,114,97,108,32,100,101,98,114,105,115,44,32,112,117,108,108,105,110,103,32,116,104,101,109,32,105,110,116,111,32,118,105,115,105,98,108,101,32,112,97,114,116,105,99,108,101,115,32,121,111,117,32,99,97,110,32,97,99,116,117,97,108,108,121,32,115,101,101,32,105,110,32,116,104,101,32,115,105,110,107,46,32,84,104,97,116,226,128,153,115,32,119,104,97,116,32,121,111,117,114,32,116,111,111,116,104,98,114,117,115,104,32,100
105,100,110,226,128,153,116,32,99,97,116,99,104,46,32,92,117,48,48,51,99,92,47,115,112,97,110,92,117,48,48,51,101,92,117,48,48,51,99,115,112,97,110,92,117,48,48,51,101,85,115,101,32,97,115,32,100,105,114,101,99,116,101,100,32,97,115,32,112,97,114,116,32,111,102,32,121,111,117,114,32,100,97,105,108,121,32,111,114,97,108,32,99,97,114,101,32,114,111,117,116,105,110,101,46,32,86,105,115,105,98,108,101,32,114,101,115,105,100,117,101,32,105,115,32,110,111,116
32,103,117,97,114,97,110,116,101,101,100,32,97,110,100,32,100,101,112,101,110,100,115,32,111,110,32,105,110,100,105,118,105,100,117,97,108,32,102,97,99,116,111,114,115,46,32,82,101,115,117,108,116,115,32,109,97,121,32,118,97,114,121,32,98,101,116,119,101,101,110,32,105,110,100,105,118,105,100,117,97,108,115,46,92,117,48,48,51,99,92,47,115,112,97,110,92,117,48,48,51,101,92,117,48,48,51,99,92,47,112,92,117,48,48,51,101,92,110,92,117,48,48,51,99,92,47,100
105,118,92,117,48,48,51,101,34,44,34,112,117,98,108,105,115,104,101,100,95,97,116,34,58,34,50,48,50,54,45,48,54,45,48,50,84,49,53,58,51,54,58,52,53,43,49,48,58,48,48,34,44,34,99,114,101,97,116,101,100,95,97,116,34,58,34,50,48,50,54,45,48,54,45,48,50,84,49,51,58,49,51,58,50,51,43,49,48,58,48,48,34,44,34,117,112,100,97,116,101,100,95,97,116,34,58,34,50,48,50,54,45,48,54,45,50,55,84,48,54,58,51,51,58,52,51,43
49,48,58,48,48,34,44,34,118,101,110,100,111,114,34,58,34,104,105,115,109,105,108,101,95,100,101,118,34,44,34,112,114,111,100,117,99,116,95,116,121,112,101,34,58,34,34,44,34,116,97,103,115,34,58,91,93,44,34,118,97,114,105,97,110,116,115,34,58,91,123,34,105,100,34,58,52,50,53,52,56,54,55,52,53,57,50,56,52,51,44,34,116,105,116,108,101,34,58,34,68,101,102,97,117,108,116,32,84,105,116,108,101,34,44,34,111,112,116,105,111,110,49,34,58,34,68,101
102,97,117,108,116,32,84,105,116,108,101,34,44,34,111,112,116,105,111,110,50,34,58,110,117,108,108,44,34,111,112,116,105,111,110,51,34,58,110,117,108,108,44,34,115,107,117,34,58,34,77,79,85,84,72,87,65,83,72,95,86,65,76,85,69,95,83,69,84,34,44,34,114,101,113,117,105,114,101,115,95,115,104,105,112,112,105,110,103,34,58,116,114,117,101,44,34,116,97,120,97,98,108,101,34,58,116,114,117,101,44,34,102,101,97,116,117,114,101,100,95,105,109,97,103,101,34,58
110,117,108,108,44,34,97,118,97,105,108,97,98,108,101,34,58,116,114,117,101,44,34,112,114,105,99,101,34,58,34,53,57,46,57,55,34,44,34,103,114,97,109,115,34,58,48,44,34,99,111,109,112,97,114,101,95,97,116,95,112,114,105,99,101,34,58,110,117,108,108,44,34,112,111,115,105,116,105,111,110,34,58,49,44,34,112,114,111,100,117,99,116,95,105,100,34,58,55,55,56,54,57,52,56,51,57,53,48,56,51,44,34,99,114,101,97,116,101,100,95,97,116,34,58,34,50,48
50,54,45,48,54,45,48,50,84,49,51,58,49,51,58,50,51,43,49,48,58,48,48,34,44,34,117,112,100,97,116,101,100,95,97,116,34,58,34,50,48,50,54,45,48,54,45,50,55,84,48,54,58,51,51,58,52,51,43,49,48,58,48,48,34,125,93,44,34,105,109,97,103,101,115,34,58,91,123,34,105,100,34,58,51,53,52,53,48,55,54,54,55,50,49,48,57,57,44,34,99,114,101,97,116,101,100,95,97,116,34,58,34,50,48,50,54,45,48,54,45,48,50,84,49,51,58,49
51,58,50,51,43,49,48,58,48,48,34,44,34,112,111,115,105,116,105,111,110,34,58,49,44,34,117,112,100,97,116,101,100,95,97,116,34,58,34,50,48,50,54,45,48,54,45,48,50,84,49,51,58,49,51,58,50,53,43,49,48,58,48,48,34,44,34,112,114,111,100,117,99,116,95,105,100,34,58,55,55,56,54,57,52,56,51,57,53,48,56,51,44,34,118,97,114,105,97,110,116,95,105,100,115,34,58,91,93,44,34,115,114,99,34,58,34,104,116,116,112,115,58,92,47,92,47,99
100,110,46,115,104,111,112,105,102,121,46,99,111,109,92,47,115,92,47,102,105,108,101,115,92,47,49,92,47,49,53,50,53,92,47,57,55,54,54,92,47,102,105,108,101,115,92,47,67,111,108,108,101,99,116,105,111,110,45,77,111,117,116,104,119,97,115,104,86,97,108,117,101,83,101,116,45,83,105,110,103,108,101,46,112,110,103,63,118,61,49,55,56,48,51,55,48,48,48,53,34,44,34,119,105,100,116,104,34,58,57,48,48,44,34,104,101,105,103,104,116,34,58,57,48,48,125,93
44,34,111,112,116,105,111,110,115,34,58,91,123,34,110,97,109,101,34,58,34,84,105,116,108,101,34,44,34,112,111,115,105,116,105,111,110,34,58,49,44,34,118,97,108,117,101,115,34,58,91,34,68,101,102,97,117,108,116,32,84,105,116,108,101,34,93,125,93,125,44,123,34,105,100,34,58,55,55,53,54,48,56,48,48,53,52,51,52,55,44,34,116,105,116,108,101,34,58,34,84,111,111,116,104,98,114,117,115,104,32,82,101,112,108,97,99,101,109,101,110,116,32,72,101,97,100,115
32,45,32,80,117,114,112,108,101,34,44,34,104,97,110,100,108,101,34,58,34,114,101,112,108,97,99,101,109,101,110,116,45,104,101,97,100,115,45,112,117,114,112,108,101,34,44,34,98,111,100,121,95,104,116,109,108,34,58,34,92,117,48,48,51,99,112,32,99,108,97,115,115,61,92,34,112,114,111,100,117,99,116,45,100,101,115,99,114,105,112,116,105,111,110,95,95,116,105,116,108,101,32,104,49,92,34,92,117,48,48,51,101,77,105,120,32,97,110,100,32,109,97,116,99,104,32,121
111,117,114,32,115,116,121,108,101,46,194,160,83,111,102,116,45,116,97,112,101,114,101,100,32,98,114,105,115,116,108,101,115,32,102,111,114,32,101,102,102,101,99,116,105,118,101,32,99,108,101,97,110,105,110,103,46,194,160,73,110,99,108,117,100,101,115,32,111,110,101,32,99,111,108,111,117,114,101,100,32,116,111,111,116,104,98,114,117,115,104,32,104,101,97,100,115,46,194,160,67,111,109,112,97,116,105,98,108,101,32,119,105,116,104,32,72,105,115,109,105,108,101,32,51,32,109,111
100,101,32,69,108,101,99,116,114,105,99,32,84,111,111,116,104,98,114,117,115,104,46,194,160,65,32,115,116,121,108,101,32,102,111,114,32,101,118,101,114,121,32,115,109,105,108,101,46,92,117,48,48,51,99,109,101,116,97,32,99,104,97,114,115,101,116,61,92,34,117,116,102,45,56,92,34,92,117,48,48,51,101,92,117,48,48,51,99,115,112,97,110,92,117,48,48,51,101,84,105,109,101,32,102,111,114,32,121,111,117,32,116,111,32,114,101,112,108,97,99,101,32,121,111,117,114,32
116,111,111,116,104,98,114,117,115,104,32,92,117,48,48,51,99,92,47,115,112,97,110,92,117,48,48,51,101,92,117,48,48,51,99,115,112,97,110,92,117,48,48,51,101,104,101,97,100,63,32,87,97,110,116,32,116,111,32,109,105,120,32,97,110,100,32,109,97,116,99,104,32,116,111,32,98,114,105,103,104,116,101,110,32,121,111,117,114,32,98,114,117,115,104,105,110,103,32,114,111,117,116,105,110,101,63,32,87,101,226,128,153,118,101,32,103,111,116,32,121,111,117,32,99,111,118,101
114,101,100,32,119,105,116,104,32,97,32,115,116,121,108,101,32,102,111,114,32,101,118,101,114,121,32,115,109,105,108,101,46,92,117,48,48,51,99,92,47,115,112,97,110,92,117,48,48,51,101,84,105,109,101,32,102,111,114,32,121,111,117,32,116,111,32,114,101,112,108,97,99,101,32,121,111,117,114,116,111,111,116,104,98,114,117,115,104,32,104,101,97,100,63,32,87,97,110,116,32,116,111,32,109,105,120,32,97,110,100,32,109,97,116,99,104,32,116,111,32,98,114,105,103,104,116,101
110,32,121,111,117,114,32,98,114,117,115,104,105,110,103,32,114,111,117,116,105,110,101,63,32,87,101,226,128,153,118,101,32,103,111,116,32,121,111,117,32,99,111,118,101,114,101,100,32,119,105,116,104,32,97,32,115,116,121,108,101,32,102,111,114,32,101,118,101,114,121,32,115,109,105,108,101,46,92,117,48,48,51,99,92,47,112,92,117,48,48,51,101,92,110,92,117,48,48,51,99,112,92,117,48,48,51,101,92,117,48,48,51,99,98,114,92,117,48,48,51,101,92,117,48,48,51,99
92,47,112,92,117,48,48,51,101,92,110,92,117,48,48,51,99,112,92,117,48,48,51,101,194,160,92,117,48,48,51,99,92,47,112,92,117,48,48,51,101,34,44,34,112,117,98,108,105,115,104,101,100,95,97,116,34,58,34,50,48,50,54,45,48,54,45,48,50,84,48,57,58,48,51,58,48,53,43,49,48,58,48,48,34,44,34,99,114,101,97,116,101,100,95,97,116,34,58,34,50,48,50,54,45,48,53,45,50,50,84,49,49,58,50,57,58,48,49,43,49,48,58,48,48,34,44,34
117,112,100,97,116,101,100,95,97,116,34,58,34,50,48,50,54,45,48,54,45,50,55,84,48,54,58,51,51,58,52,51,43,49,48,58,48,48,34,44,34,118,101,110,100,111,114,34,58,34,104,105,115,109,105,108,101,95,100,101,118,34,44,34,112,114,111,100,117,99,116,95,116,121,112,101,34,58,34,34,44,34,116,97,103,115,34,58,91,93,44,34,118,97,114,105,97,110,116,115,34,58,91,123,34,105,100,34,58,52,50,52,56,48,49,57,51,57,50,57,50,57,49,44,34,116,105,116
108,101,34,58,34,68,101,102,97,117,108,116,32,84,105,116,108,101,34,44,34,111,112,116,105,111,110,49,34,58,34,68,101,102,97,117,108,116,32,84,105,116,108,101,34,44,34,111,112,116,105,111,110,50,34,58,110,117,108,108,44,34,111,112,116,105,111,110,51,34,58,110,117,108,108,44,34,115,107,117,34,58,34,52,49,48,50,54,45,82,72,45,80,85,34,44,34,114,101,113,117,105,114,101,115,95,115,104,105,112,112,105,110,103,34,58,116,114,117,101,44,34,116,97,120,97,98,108
101,34,58,116,114,117,101,44,34,102,101,97,116,117,114,101,100,95,105,109,97,103,101,34,58,110,117,108,108,44,34,97,118,97,105,108,97,98,108,101,34,58,116,114,117,101,44,34,112,114,105,99,101,34,58,34,57,46,48,48,34,44,34,103,114,97,109,115,34,58,51,50,44,34,99,111,109,112,97,114,101,95,97,116,95,112,114,105,99,101,34,58,110,117,108,108,44,34,112,111,115,105,116,105,111,110,34,58,49,44,34,112,114,111,100,117,99,116,95,105,100,34,58,55,55,53,54,48
56,48,48,53,52,51,52,55,44,34,99,114,101,97,116,101,100,95,97,116,34,58,34,50,48,50,54,45,48,53,45,50,50,84,49,49,58,50,57,58,48,49,43,49,48,58,48,48,34,44,34,117,112,100,97,116,101,100,95,97,116,34,58,34,50,48,50,54,45,48,54,45,50,55,84,48,54,58,51,51,58,52,51,43,49,48,58,48,48,34,125,93,44,34,105,109,97,103,101,115,34,58,91,123,34,105,100,34,58,51,53,51,56,50,53,51,50,49,55,55,57,57,53,44,34,99,114,101
97,116,101,100,95,97,116,34,58,34,50,48,50,54,45,48,53,45,50,50,84,49,49,58,50,57,58,48,49,43,49,48,58,48,48,34,44,34,112,111,115,105,116,105,111,110,34,58,49,44,34,117,112,100,97,116,101,100,95,97,116,34,58,34,50,48,50,54,45,48,53,45,50,50,84,49,49,58,50,57,58,48,51,43,49,48,58,48,48,34,44,34,112,114,111,100,117,99,116,95,105,100,34,58,55,55,53,54,48,56,48,48,53,52,51,52,55,44,34,118,97,114,105,97,110,116,95,105
100,115,34,58,91,93,44,34,115,114,99,34,58,34,104,116,116,112,115,58,92,47,92,47,99,100,110,46,115,104,111,112,105,102,121,46,99,111,109,92,47,115,92,47,102,105,108,101,115,92,47,49,92,47,49,53,50,53,92,47,57,55,54,54,92,47,102,105,108,101,115,92,47,69,84,66,72,101,97,100,115,80,117,114,112,108,101,45,83,105,110,103,108,101,45,67,111,108,108,101,99,116,105,111,110,115,95,50,101,53,97,48,57,54,52,45,50,53,57,57,45,52,99,55,48,45,97,57
50,57,45,52,99,51,57,99,97,53,97,49,52,99,51,46,112,110,103,63,118,61,49,55,55,57,52,49,51,51,52,51,34,44,34,119,105,100,116,104,34,58,49,48,52,49,44,34,104,101,105,103,104,116,34,58,49,48,52,49,125,93,44,34,111,112,116,105,111,110,115,34,58,91,123,34,110,97,109,101,34,58,34,84,105,116,108,101,34,44,34,112,111,115,105,116,105,111,110,34,58,49,44,34,118,97,108,117,101,115,34,58,91,34,68,101,102,97,117,108,116,32,84,105,116,108,101,34
93,125,93,125,44,123,34,105,100,34,58,55,55,53,54,48,56,48,48,50,49,53,55,57,44,34,116,105,116,108,101,34,58,34,84,111,111,116,104,98,114,117,115,104,32,82,101,112,108,97,99,101,109,101,110,116,32,72,101,97,100,115,32,45,32,71,114,101,101,110,34,44,34,104,97,110,100,108,101,34,58,34,114,101,112,108,97,99,101,109,101,110,116,45,104,101,97,100,115,45,103,114,101,101,110,34,44,34,98,111,100,121,95,104,116,109,108,34,58,34,92,117,48,48,51,99,112,92
117,48,48,51,101,92,117,48,48,51,99,109,101,116,97,32,99,104,97,114,115,101,116,61,92,34,117,116,102,45,56,92,34,92,117,48,48,51,101,77,105,120,32,97,110,100,32,109,97,116,99,104,32,121,111,117,114,32,115,116,121,108,101,46,194,160,83,111,102,116,45,116,97,112,101,114,101,100,32,98,114,105,115,116,108,101,115,32,102,111,114,32,101,102,102,101,99,116,105,118,101,32,99,108,101,97,110,105,110,103,46,194,160,73,110,99,108,117,100,101,115,32,111,110,101,32,99,111
108,111,117,114,101,100,32,116,111,111,116,104,98,114,117,115,104,32,104,101,97,100,115,46,194,160,67,111,109,112,97,116,105,98,108,101,32,119,105,116,104,32,72,105,115,109,105,108,101,32,51,32,109,111,100,101,32,69,108,101,99,116,114,105,99,32,84,111,111,116,104,98,114,117,115,104,46,194,160,65,32,115,116,121,108,101,32,102,111,114,32,101,118,101,114,121,32,115,109,105,108,101,46,92,117,48,48,51,99,109,101,116,97,32,99,104,97,114,115,101,116,61,92,34,117,116,102,45
56,92,34,92,117,48,48,51,101,92,117,48,48,51,99,115,112,97,110,92,117,48,48,51,101,84,105,109,101,32,102,111,114,32,121,111,117,32,116,111,32,114,101,112,108,97,99,101,32,121,111,117,114,32,116,111,111,116,104,98,114,117,115,104,32,92,117,48,48,51,99,92,47,115,112,97,110,92,117,48,48,51,101,92,117,48,48,51,99,115,112,97,110,92,117,48,48,51,101,104,101,97,100,63,32,87,97,110,116,32,116,111,32,109,105,120,32,97,110,100,32,109,97,116,99,104,32,116
111,32,98,114,105,103,104,116,101,110,32,121,111,117,114,32,98,114,117,115,104,105,110,103,32,114,111,117,116,105,110,101,63,32,87,101,226,128,153,118,101,32,103,111,116,32,121,111,117,32,99,111,118,101,114,101,100,32,119,105,116,104,32,97,32,115,116,121,108,101,32,102,111,114,32,101,118,101,114,121,32,115,109,105,108,101,46,92,117,48,48,51,99,92,47,115,112,97,110,92,117,48,48,51,101,84,105,109,101,32,102,111,114,32,121,111,117,32,116,111,32,114,101,112,108,97,99,101
32,121,111,117,114,116,111,111,116,104,98,114,117,115,104,32,104,101,97,100,63,32,87,97,110,116,32,116,111,32,109,105,120,32,97,110,100,32,109,97,116,99,104,32,116,111,32,98,114,105,103,104,116,101,110,32,121,111,117,114,32,98,114,117,115,104,105,110,103,32,114,111,117,116,105,110,101,63,32,87,101,226,128,153,118,101,32,103,111,116,32,121,111,117,32,99,111,118,101,114,101,100,32,119,105,116,104,32,97,32,115,116,121,108,101,32,102,111,114,32,101,118,101,114,121,32,115,109
105,108,101,46,92,117,48,48,51,99,92,47,112,92,117,48,48,51,101,34,44,34,112,117,98,108,105,115,104,101,100,95,97,116,34,58,34,50,48,50,54,45,48,54,45,48,50,84,48,57,58,48,51,58,48,53,43,49,48,58,48,48,34,44,34,99,114,101,97,116,101,100,95,97,116,34,58,34,50,48,50,54,45,48,53,45,50,50,84,49,49,58,50,57,58,48,48,43,49,48,58,48,48,34,44,34,117,112,100,97,116,101,100,95,97,116,34,58,34,50,48,50,54,45,48,54,45,50
55,84,48,54,58,51,51,58,52,51,43,49,48,58,48,48,34,44,34,118,101,110,100,111,114,34,58,34,104,105,115,109,105,108,101,95,100,101,118,34,44,34,112,114,111,100,117,99,116,95,116,121,112,101,34,58,34,34,44,34,116,97,103,115,34,58,91,93,44,34,118,97,114,105,97,110,116,115,34,58,91,123,34,105,100,34,58,52,50,52,56,48,49,57,51,56,57,54,53,50,51,44,34,116,105,116,108,101,34,58,34,68,101,102,97,117,108,116,32,84,105,116,108,101,34,44,34,111
112,116,105,111,110,49,34,58,34,68,101,102,97,117,108,116,32,84,105,116,108,101,34,44,34,111,112,116,105,111,110,50,34,58,110,117,108,108,44,34,111,112,116,105,111,110,51,34,58,110,117,108,108,44,34,115,107,117,34,58,34,52,49,48,50,53,45,82,72,45,71,82,34,44,34,114,101,113,117,105,114,101,115,95,115,104,105,112,112,105,110,103,34,58,116,114,117,101,44,34,116,97,120,97,98,108,101,34,58,116,114,117,101,44,34,102,101,97,116,117,114,101,100,95,105,109,97,103
101,34,58,110,117,108,108,44,34,97,118,97,105,108,97,98,108,101,34,58,116,114,117,101,44,34,112,114,105,99,101,34,58,34,57,46,48,48,34,44,34,103,114,97,109,115,34,58,51,50,44,34,99,111,109,112,97,114,101,95,97,116,95,112,114,105,99,101,34,58,110,117,108,108,44,34,112,111,115,105,116,105,111,110,34,58,49,44,34,112,114,111,100,117,99,116,95,105,100,34,58,55,55,53,54,48,56,48,48,50,49,53,55,57,44,34,99,114,101,97,116,101,100,95,97,116,34,58
34,50,48,50,54,45,48,53,45,50,50,84,49,49,58,50,57,58,48,48,43,49,48,58,48,48,34,44,34,117,112,100,97,116,101,100,95,97,116,34,58,34,50,48,50,54,45,48,54,45,50,55,84,48,54,58,51,51,58,52,51,43,49,48,58,48,48,34,125,93,44,34,105,109,97,103,101,115,34,58,91,123,34,105,100,34,58,51,53,51,56,50,53,51,50,49,52,53,50,50,55,44,34,99,114,101,97,116,101,100,95,97,116,34,58,34,50,48,50,54,45,48,53,45,50,50,84,49
49,58,50,57,58,48,48,43,49,48,58,48,48,34,44,34,112,111,115,105,116,105,111,110,34,58,49,44,34,117,112,100,97,116,101,100,95,97,116,34,58,34,50,48,50,54,45,48,53,45,50,50,84,49,49,58,50,57,58,48,50,43,49,48,58,48,48,34,44,34,112,114,111,100,117,99,116,95,105,100,34,58,55,55,53,54,48,56,48,48,50,49,53,55,57,44,34,118,97,114,105,97,110,116,95,105,100,115,34,58,91,93,44,34,115,114,99,34,58,34,104,116,116,112,115,58,92,47
92,47,99,100,110,46,115,104,111,112,105,102,121,46,99,111,109,92,47,115,92,47,102,105,108,101,115,92,47,49,92,47,49,53,50,53,92,47,57,55,54,54,92,47,102,105,108,101,115,92,47,69,84,66,72,101,97,100,115,71,114,101,101,110,45,83,105,110,103,108,101,45,67,111,108,108,101,99,116,105,111,110,115,95,52,54,56,101,101,55,102,55,45,49,56,52,57,45,52,102,52,53,45,98,100,52,48,45,56,57,55,54,102,50,97,102,102,97,49,48,46,112,110,103,63,118,61,49
55,55,57,52,49,51,51,52,50,34,44,34,119,105,100,116,104,34,58,49,48,52,49,44,34,104,101,105,103,104,116,34,58,49,48,52,49,125,93,44,34,111,112,116,105,111,110,115,34,58,91,123,34,110,97,109,101,34,58,34,84,105,116,108,101,34,44,34,112,111,115,105,116,105,111,110,34,58,49,44,34,118,97,108,117,101,115,34,58,91,34,68,101,102,97,117,108,116,32,84,105,116,108,101,34,93,125,93,125,44,123,34,105,100,34,58,55,55,53,54,48,55,57,57,56,56,56,49
49,44,34,116,105,116,108,101,34,58,34,84,111,111,116,104,98,114,117,115,104,32,82,101,112,108,97,99,101,109,101,110,116,32,72,101,97,100,115,32,45,32,80,105,110,107,34,44,34,104,97,110,100,108,101,34,58,34,114,101,112,108,97,99,101,109,101,110,116,45,104,101,97,100,115,45,112,105,110,107,34,44,34,98,111,100,121,95,104,116,109,108,34,58,34,92,117,48,48,51,99,112,92,117,48,48,51,101,92,117,48,48,51,99,109,101,116,97,32,99,104,97,114,115,101,116,61,92
34,117,116,102,45,56,92,34,92,117,48,48,51,101,77,105,120,32,97,110,100,32,109,97,116,99,104,32,121,111,117,114,32,115,116,121,108,101,46,194,160,83,111,102,116,45,116,97,112,101,114,101,100,32,98,114,105,115,116,108,101,115,32,102,111,114,32,101,102,102,101,99,116,105,118,101,32,99,108,101,97,110,105,110,103,46,194,160,73,110,99,108,117,100,101,115,32,111,110,101,32,99,111,108,111,117,114,101,100,32,116,111,111,116,104,98,114,117,115,104,32,104,101,97,100,115,46,194
160,67,111,109,112,97,116,105,98,108,101,32,119,105,116,104,32,72,105,115,109,105,108,101,32,51,32,109,111,100,101,32,69,108,101,99,116,114,105,99,32,84,111,111,116,104,98,114,117,115,104,46,194,160,65,32,115,116,121,108,101,32,102,111,114,32,101,118,101,114,121,32,115,109,105,108,101,46,92,117,48,48,51,99,109,101,116,97,32,99,104,97,114,115,101,116,61,92,34,117,116,102,45,56,92,34,92,117,48,48,51,101,92,117,48,48,51,99,115,112,97,110,92,117,48,48,51,101
84,105,109,101,32,102,111,114,32,121,111,117,32,116,111,32,114,101,112,108,97,99,101,32,121,111,117,114,32,116,111,111,116,104,98,114,117,115,104,32,92,117,48,48,51,99,92,47,115,112,97,110,92,117,48,48,51,101,92,117,48,48,51,99,115,112,97,110,92,117,48,48,51,101,104,101,97,100,63,32,87,97,110,116,32,116,111,32,109,105,120,32,97,110,100,32,109,97,116,99,104,32,116,111,32,98,114,105,103,104,116,101,110,32,121,111,117,114,32,98,114,117,115,104,105,110,103,32
114,111,117,116,105,110,101,63,32,87,101,226,128,153,118,101,32,103,111,116,32,121,111,117,32,99,111,118,101,114,101,100,32,119,105,116,104,32,97,32,115,116,121,108,101,32,102,111,114,32,101,118,101,114,121,32,115,109,105,108,101,46,92,117,48,48,51,99,92,47,115,112,97,110,92,117,48,48,51,101,84,105,109,101,32,102,111,114,32,121,111,117,32,116,111,32,114,101,112,108,97,99,101,32,121,111,117,114,116,111,111,116,104,98,114,117,115,104,32,104,101,97,100,63,32,87,97,110
116,32,116,111,32,109,105,120,32,97,110,100,32,109,97,116,99,104,32,116,111,32,98,114,105,103,104,116,101,110,32,121,111,117,114,32,98,114,117,115,104,105,110,103,32,114,111,117,116,105,110,101,63,32,87,101,226,128,153,118,101,32,103,111,116,32,121,111,117,32,99,111,118,101,114,101,100,32,119,105,116,104,32,97,32,115,116,121,108,101,32,102,111,114,32,101,118,101,114,121,32,115,109,105,108,101,46,92,117,48,48,51,99,92,47,112,92,117,48,48,51,101,34,44,34,112,117,98
108,105,115,104,101,100,95,97,116,34,58,34,50,48,50,54,45,48,54,45,48,50,84,48,57,58,48,51,58,48,52,43,49,48,58,48,48,34,44,34,99,114,101,97,116,101,100,95,97,116,34,58,34,50,48,50,54,45,48,53,45,50,50,84,49,49,58,50,56,58,53,57,43,49,48,58,48,48,34,44,34,117,112,100,97,116,101,100,95,97,116,34,58,34,50,48,50,54,45,48,54,45,50,55,84,48,54,58,51,51,58,52,51,43,49,48,58,48,48,34,44,34,118,101,110,100,111,114
34,58,34,104,105,115,109,105,108,101,95,100,101,118,34,44,34,112,114,111,100,117,99,116,95,116,121,112,101,34,58,34,34,44,34,116,97,103,115,34,58,91,93,44,34,118,97,114,105,97,110,116,115,34,58,91,123,34,105,100,34,58,52,50,52,56,48,49,57,51,56,54,51,55,53,53,44,34,116,105,116,108,101,34,58,34,68,101,102,97,117,108,116,32,84,105,116,108,101,34,44,34,111,112,116,105,111,110,49,34,58,34,68,101,102,97,117,108,116,32,84,105,116,108,101,34,44,34
111,112,116,105,111,110,50,34,58,110,117,108,108,44,34,111,112,116,105,111,110,51,34,58,110,117,108,108,44,34,115,107,117,34,58,34,52,49,48,50,52,45,82,72,45,80,73,34,44,34,114,101,113,117,105,114,101,115,95,115,104,105,112,112,105,110,103,34,58,116,114,117,101,44,34,116,97,120,97,98,108,101,34,58,116,114,117,101,44,34,102,101,97,116,117,114,101,100,95,105,109,97,103,101,34,58,110,117,108,108,44,34,97,118,97,105,108,97,98,108,101,34,58,116,114,117,101,44
34,112,114,105,99,101,34,58,34,57,46,48,48,34,44,34,103,114,97,109,115,34,58,51,50,44,34,99,111,109,112,97,114,101,95,97,116,95,112,114,105,99,101,34,58,110,117,108,108,44,34,112,111,115,105,116,105,111,110,34,58,49,44,34,112,114,111,100,117,99,116,95,105,100,34,58,55,55,53,54,48,55,57,57,56,56,56,49,49,44,34,99,114,101,97,116,101,100,95,97,116,34,58,34,50,48,50,54,45,48,53,45,50,50,84,49,49,58,50,56,58,53,57,43,49,48,58,48
48,34,44,34,117,112,100,97,116,101,100,95,97,116,34,58,34,50,48,50,54,45,48,54,45,50,55,84,48,54,58,51,51,58,52,51,43,49,48,58,48,48,34,125,93,44,34,105,109,97,103,101,115,34,58,91,123,34,105,100,34,58,51,53,51,56,50,53,51,50,48,55,57,54,57,49,44,34,99,114,101,97,116,101,100,95,97,116,34,58,34,50,48,50,54,45,48,53,45,50,50,84,49,49,58,50,56,58,53,57,43,49,48,58,48,48,34,44,34,112,111,115,105,116,105,111,110,34
58,49,44,34,117,112,100,97,116,101,100,95,97,116,34,58,34,50,48,50,54,45,48,53,45,50,50,84,49,49,58,50,57,58,48,49,43,49,48,58,48,48,34,44,34,112,114,111,100,117,99,116,95,105,100,34,58,55,55,53,54,48,55,57,57,56,56,56,49,49,44,34,118,97,114,105,97,110,116,95,105,100,115,34,58,91,93,44,34,115,114,99,34,58,34,104,116,116,112,115,58,92,47,92,47,99,100,110,46,115,104,111,112,105,102,121,46,99,111,109,92,47,115,92,47,102,105,108
101,115,92,47,49,92,47,49,53,50,53,92,47,57,55,54,54,92,47,102,105,108,101,115,92,47,69,84,66,72,101,97,100,80,105,110,107,45,83,105,110,103,108,101,45,67,111,108,108,101,99,116,105,111,110,115,95,102,55,98,99,101,97,53,98,45,97,54,53,101,45,52,99,48,54,45,98,100,52,99,45,97,55,101,97,101,53,100,48,54,100,102,56,46,112,110,103,63,118,61,49,55,55,57,52,49,51,51,52,49,34,44,34,119,105,100,116,104,34,58,49,48,52,49,44,34,104,101
105,103,104,116,34,58,49,48,52,49,125,93,44,34,111,112,116,105,111,110,115,34,58,91,123,34,110,97,109,101,34,58,34,84,105,116,108,101,34,44,34,112,111,115,105,116,105,111,110,34,58,49,44,34,118,97,108,117,101,115,34,58,91,34,68,101,102,97,117,108,116,32,84,105,116,108,101,34,93,125,93,125,44,123,34,105,100,34,58,55,55,53,54,48,55,57,57,53,54,48,52,51,44,34,116,105,116,108,101,34,58,34,84,111,111,116,104,98,114,117,115,104,32,82,101,112,108,97
99,101,109,101,110,116,32,72,101,97,100,115,32,45,32,66,114,105,103,104,116,32,82,101,100,34,44,34,104,97,110,100,108,101,34,58,34,114,101,112,108,97,99,101,109,101,110,116,45,104,101,97,100,115,45,98,114,105,103,104,116,45,114,101,100,34,44,34,98,111,100,121,95,104,116,109,108,34,58,34,92,117,48,48,51,99,112,92,117,48,48,51,101,92,117,48,48,51,99,109,101,116,97,32,99,104,97,114,115,101,116,61,92,34,117,116,102,45,56,92,34,92,117,48,48,51,101,77
105,120,32,97,110,100,32,109,97,116,99,104,32,121,111,117,114,32,115,116,121,108,101,46,194,160,83,111,102,116,45,116,97,112,101,114,101,100,32,98,114,105,115,116,108,101,115,32,102,111,114,32,101,102,102,101,99,116,105,118,101,32,99,108,101,97,110,105,110,103,46,194,160,73,110,99,108,117,100,101,115,32,111,110,101,32,99,111,108,111,117,114,101,100,32,116,111,111,116,104,98,114,117,115,104,32,104,101,97,100,115,46,194,160,67,111,109,112,97,116,105,98,108,101,32,119,105,116
104,32,72,105,115,109,105,108,101,32,51,32,109,111,100,101,32,69,108,101,99,116,114,105,99,32,84,111,111,116,104,98,114,117,115,104,46,194,160,65,32,115,116,121,108,101,32,102,111,114,32,101,118,101,114,121,32,115,109,105,108,101,46,92,117,48,48,51,99,109,101,116,97,32,99,104,97,114,115,101,116,61,92,34,117,116,102,45,56,92,34,92,117,48,48,51,101,92,117,48,48,51,99,115,112,97,110,92,117,48,48,51,101,84,105,109,101,32,102,111,114,32,121,111,117,32,116,111
32,114,101,112,108,97,99,101,32,121,111,117,114,32,116,111,111,116,104,98,114,117,115,104,32,92,117,48,48,51,99,92,47,115,112,97,110,92,117,48,48,51,101,92,117,48,48,51,99,115,112,97,110,92,117,48,48,51,101,104,101,97,100,63,32,87,97,110,116,32,116,111,32,109,105,120,32,97,110,100,32,109,97,116,99,104,32,116,111,32,98,114,105,103,104,116,101,110,32,121,111,117,114,32,98,114,117,115,104,105,110,103,32,114,111,117,116,105,110,101,63,32,87,101,226,128,153,118
101,32,103,111,116,32,121,111,117,32,99,111,118,101,114,101,100,32,119,105,116,104,32,97,32,115,116,121,108,101,32,102,111,114,32,101,118,101,114,121,32,115,109,105,108,101,46,92,117,48,48,51,99,92,47,115,112,97,110,92,117,48,48,51,101,84,105,109,101,32,102,111,114,32,121,111,117,32,116,111,32,114,101,112,108,97,99,101,32,121,111,117,114,116,111,111,116,104,98,114,117,115,104,32,104,101,97,100,63,32,87,97,110,116,32,116,111,32,109,105,120,32,97,110,100,32,109,97
116,99,104,32,116,111,32,98,114,105,103,104,116,101,110,32,121,111,117,114,32,98,114,117,115,104,105,110,103,32,114,111,117,116,105,110,101,63,32,87,101,226,128,153,118,101,32,103,111,116,32,121,111,117,32,99,111,118,101,114,101,100,32,119,105,116,104,32,97,32,115,116,121,108,101,32,102,111,114,32,101,118,101,114,121,32,115,109,105,108,101,46,92,117,48,48,51,99,92,47,112,92,117,48,48,51,101,34,44,34,112,117,98,108,105,115,104,101,100,95,97,116,34,58,34,50,48,50
54,45,48,54,45,48,50,84,48,57,58,48,51,58,48,52,43,49,48,58,48,48,34,44,34,99,114,101,97,116,101,100,95,97,116,34,58,34,50,48,50,54,45,48,53,45,50,50,84,49,49,58,50,56,58,53,56,43,49,48,58,48,48,34,44,34,117,112,100,97,116,101,100,95,97,116,34,58,34,50,48,50,54,45,48,54,45,50,55,84,48,54,58,51,51,58,52,51,43,49,48,58,48,48,34,44,34,118,101,110,100,111,114,34,58,34,104,105,115,109,105,108,101,95,100,101,118,34
44,34,112,114,111,100,117,99,116,95,116,121,112,101,34,58,34,34,44,34,116,97,103,115,34,58,91,93,44,34,118,97,114,105,97,110,116,115,34,58,91,123,34,105,100,34,58,52,50,52,56,48,49,57,51,56,51,48,57,56,55,44,34,116,105,116,108,101,34,58,34,68,101,102,97,117,108,116,32,84,105,116,108,101,34,44,34,111,112,116,105,111,110,49,34,58,34,68,101,102,97,117,108,116,32,84,105,116,108,101,34,44,34,111,112,116,105,111,110,50,34,58,110,117,108,108,44,34
111,112,116,105,111,110,51,34,58,110,117,108,108,44,34,115,107,117,34,58,34,52,49,48,49,51,45,82,72,45,79,82,34,44,34,114,101,113,117,105,114,101,115,95,115,104,105,112,112,105,110,103,34,58,116,114,117,101,44,34,116,97,120,97,98,108,101,34,58,116,114,117,101,44,34,102,101,97,116,117,114,101,100,95,105,109,97,103,101,34,58,110,117,108,108,44,34,97,118,97,105,108,97,98,108,101,34,58,116,114,117,101,44,34,112,114,105,99,101,34,58,34,57,46,48,48,34,44
34,103,114,97,109,115,34,58,51,50,44,34,99,111,109,112,97,114,101,95,97,116,95,112,114,105,99,101,34,58,110,117,108,108,44,34,112,111,115,105,116,105,111,110,34,58,49,44,34,112,114,111,100,117,99,116,95,105,100,34,58,55,55,53,54,48,55,57,57,53,54,48,52,51,44,34,99,114,101,97,116,101,100,95,97,116,34,58,34,50,48,50,54,45,48,53,45,50,50,84,49,49,58,50,56,58,53,56,43,49,48,58,48,48,34,44,34,117,112,100,97,116,101,100,95,97,116,34
58,34,50,48,50,54,45,48,54,45,50,55,84,48,54,58,51,51,58,52,51,43,49,48,58,48,48,34,125,93,44,34,105,109,97,103,101,115,34,58,91,123,34,105,100,34,58,51,53,51,56,50,53,51,50,48,52,54,57,50,51,44,34,99,114,101,97,116,101,100,95,97,116,34,58,34,50,48,50,54,45,48,53,45,50,50,84,49,49,58,50,56,58,53,56,43,49,48,58,48,48,34,44,34,112,111,115,105,116,105,111,110,34,58,49,44,34,117,112,100,97,116,101,100,95,97,116,34
58,34,50,48,50,54,45,48,53,45,50,50,84,49,49,58,50,57,58,48,48,43,49,48,58,48,48,34,44,34,112,114,111,100,117,99,116,95,105,100,34,58,55,55,53,54,48,55,57,57,53,54,48,52,51,44,34,118,97,114,105,97,110,116,95,105,100,115,34,58,91,93,44,34,115,114,99,34,58,34,104,116,116,112,115,58,92,47,92,47,99,100,110,46,115,104,111,112,105,102,121,46,99,111,109,92,47,115,92,47,102,105,108,101,115,92,47,49,92,47,49,53,50,53,92,47,57,55
54,54,92,47,102,105,108,101,115,92,47,69,84,66,72,101,97,100,115,66,114,105,103,104,116,82,101,100,45,83,105,110,103,108,101,45,67,111,108,108,101,99,116,105,111,110,115,95,98,57,100,52,56,48,52,53,45,99,98,51,51,45,52,52,101,100,45,97,52,100,97,45,57,52,101,51,98,57,51,55,102,52,56,97,46,112,110,103,63,118,61,49,55,55,57,52,49,51,51,52,48,34,44,34,119,105,100,116,104,34,58,49,48,52,49,44,34,104,101,105,103,104,116,34,58,49,48,52
49,125,93,44,34,111,112,116,105,111,110,115,34,58,91,123,34,110,97,109,101,34,58,34,84,105,116,108,101,34,44,34,112,111,115,105,116,105,111,110,34,58,49,44,34,118,97,108,117,101,115,34,58,91,34,68,101,102,97,117,108,116,32,84,105,116,108,101,34,93,125,93,125,44,123,34,105,100,34,58,55,55,53,54,48,55,57,56,53,55,55,51,57,44,34,116,105,116,108,101,34,58,34,84,111,111,116,104,98,114,117,115,104,32,82,101,112,108,97,99,101,109,101,110,116,32,72,101
97,100,115,32,45,32,67,114,101,97,109,34,44,34,104,97,110,100,108,101,34,58,34,114,101,112,108,97,99,101,109,101,110,116,45,104,101,97,100,115,45,99,114,101,97,109,34,44,34,98,111,100,121,95,104,116,109,108,34,58,34,92,117,48,48,51,99,112,92,117,48,48,51,101,92,117,48,48,51,99,109,101,116,97,32,99,104,97,114,115,101,116,61,92,34,117,116,102,45,56,92,34,92,117,48,48,51,101,77,105,120,32,97,110,100,32,109,97,116,99,104,32,121,111,117,114,32,115
116,121,108,101,46,194,160,83,111,102,116,45,116,97,112,101,114,101,100,32,98,114,105,115,116,108,101,115,32,102,111,114,32,101,102,102,101,99,116,105,118,101,32,99,108,101,97,110,105,110,103,46,194,160,73,110,99,108,117,100,101,115,32,111,110,101,32,99,111,108,111,117,114,101,100,32,116,111,111,116,104,98,114,117,115,104,32,104,101,97,100,115,46,194,160,67,111,109,112,97,116,105,98,108,101,32,119,105,116,104,32,72,105,115,109,105,108,101,32,51,32,109,111,100,101,32,69,108
101,99,116,114,105,99,32,84,111,111,116,104,98,114,117,115,104,46,194,160,65,32,115,116,121,108,101,32,102,111,114,32,101,118,101,114,121,32,115,109,105,108,101,46,92,117,48,48,51,99,109,101,116,97,32,99,104,97,114,115,101,116,61,92,34,117,116,102,45,56,92,34,92,117,48,48,51,101,92,117,48,48,51,99,115,112,97,110,92,117,48,48,51,101,84,105,109,101,32,102,111,114,32,121,111,117,32,116,111,32,114,101,112,108,97,99,101,32,121,111,117,114,32,116,111,111,116,104
98,114,117,115,104,32,92,117,48,48,51,99,92,47,115,112,97,110,92,117,48,48,51,101,92,117,48,48,51,99,115,112,97,110,92,117,48,48,51,101,104,101,97,100,63,32,87,97,110,116,32,116,111,32,109,105,120,32,97,110,100,32,109,97,116,99,104,32,116,111,32,98,114,105,103,104,116,101,110,32,121,111,117,114,32,98,114,117,115,104,105,110,103,32,114,111,117,116,105,110,101,63,32,87,101,226,128,153,118,101,32,103,111,116,32,121,111,117,32,99,111,118,101,114,101,100,32,119
105,116,104,32,97,32,115,116,121,108,101,32,102,111,114,32,101,118,101,114,121,32,115,109,105,108,101,46,92,117,48,48,51,99,92,47,115,112,97,110,92,117,48,48,51,101,84,105,109,101,32,102,111,114,32,121,111,117,32,116,111,32,114,101,112,108,97,99,101,32,121,111,117,114,116,111,111,116,104,98,114,117,115,104,32,104,101,97,100,63,32,87,97,110,116,32,116,111,32,109,105,120,32,97,110,100,32,109,97,116,99,104,32,116,111,32,98,114,105,103,104,116,101,110,32,121,111,117
114,32,98,114,117,115,104,105,110,103,32,114,111,117,116,105,110,101,63,32,87,101,226,128,153,118,101,32,103,111,116,32,121,111,117,32,99,111,118,101,114,101,100,32,119,105,116,104,32,97,32,115,116,121,108,101,32,102,111,114,32,101,118,101,114,121,32,115,109,105,108,101,46,92,117,48,48,51,99,92,47,112,92,117,48,48,51,101,34,44,34,112,117,98,108,105,115,104,101,100,95,97,116,34,58,34,50,48,50,54,45,48,54,45,48,50,84,48,57,58,48,51,58,48,51,43,49,48
58,48,48,34,44,34,99,114,101,97,116,101,100,95,97,116,34,58,34,50,48,50,54,45,48,53,45,50,50,84,49,49,58,50,56,58,53,53,43,49,48,58,48,48,34,44,34,117,112,100,97,116,101,100,95,97,116,34,58,34,50,48,50,54,45,48,54,45,50,55,84,48,54,58,51,51,58,52,51,43,49,48,58,48,48,34,44,34,118,101,110,100,111,114,34,58,34,104,105,115,109,105,108,101,95,100,101,118,34,44,34,112,114,111,100,117,99,116,95,116,121,112,101,34,58,34,34,44
34,116,97,103,115,34,58,91,93,44,34,118,97,114,105,97,110,116,115,34,58,91,123,34,105,100,34,58,52,50,52,56,48,49,57,51,55,51,50,54,56,51,44,34,116,105,116,108,101,34,58,34,68,101,102,97,117,108,116,32,84,105,116,108,101,34,44,34,111,112,116,105,111,110,49,34,58,34,68,101,102,97,117,108,116,32,84,105,116,108,101,34,44,34,111,112,116,105,111,110,50,34,58,110,117,108,108,44,34,111,112,116,105,111,110,51,34,58,110,117,108,108,44,34,115,107,117,34
58,34,52,49,48,50,55,45,82,72,45,67,82,34,44,34,114,101,113,117,105,114,101,115,95,115,104,105,112,112,105,110,103,34,58,116,114,117,101,44,34,116,97,120,97,98,108,101,34,58,116,114,117,101,44,34,102,101,97,116,117,114,101,100,95,105,109,97,103,101,34,58,110,117,108,108,44,34,97,118,97,105,108,97,98,108,101,34,58,116,114,117,101,44,34,112,114,105,99,101,34,58,34,57,46,48,48,34,44,34,103,114,97,109,115,34,58,51,50,44,34,99,111,109,112,97,114,101
95,97,116,95,112,114,105,99,101,34,58,110,117,108,108,44,34,112,111,115,105,116,105,111,110,34,58,49,44,34,112,114,111,100,117,99,116,95,105,100,34,58,55,55,53,54,48,55,57,56,53,55,55,51,57,44,34,99,114,101,97,116,101,100,95,97,116,34,58,34,50,48,50,54,45,48,53,45,50,50,84,49,49,58,50,56,58,53,53,43,49,48,58,48,48,34,44,34,117,112,100,97,116,101,100,95,97,116,34,58,34,50,48,50,54,45,48,54,45,50,55,84,48,54,58,51,51,58
52,51,43,49,48,58,48,48,34,125,93,44,34,105,109,97,103,101,115,34,58,91,123,34,105,100,34,58,51,53,51,56,50,53,51,49,54,50,48,57,51,57,44,34,99,114,101,97,116,101,100,95,97,116,34,58,34,50,48,50,54,45,48,53,45,50,50,84,49,49,58,50,56,58,53,53,43,49,48,58,48,48,34,44,34,112,111,115,105,116,105,111,110,34,58,49,44,34,117,112,100,97,116,101,100,95,97,116,34,58,34,50,48,50,54,45,48,53,45,50,50,84,49,49,58,50,56,58
53,55,43,49,48,58,48,48,34,44,34,112,114,111,100,117,99,116,95,105,100,34,58,55,55,53,54,48,55,57,56,53,55,55,51,57,44,34,118,97,114,105,97,110,116,95,105,100,115,34,58,91,93,44,34,115,114,99,34,58,34,104,116,116,112,115,58,92,47,92,47,99,100,110,46,115,104,111,112,105,102,121,46,99,111,109,92,47,115,92,47,102,105,108,101,115,92,47,49,92,47,49,53,50,53,92,47,57,55,54,54,92,47,102,105,108,101,115,92,47,69,84,66,72,101,97,100,115
67,114,101,97,109,45,83,105,110,103,108,101,45,67,111,108,108,101,99,116,105,111,110,115,95,102,99,48,54,102,49,99,102,45,50,49,52,52,45,52,50,57,52,45,98,56,51,100,45,48,56,97,53,52,48,54,49,56,97,97,102,46,112,110,103,63,118,61,49,55,55,57,52,49,51,51,51,55,34,44,34,119,105,100,116,104,34,58,49,48,52,49,44,34,104,101,105,103,104,116,34,58,49,48,52,49,125,93,44,34,111,112,116,105,111,110,115,34,58,91,123,34,110,97,109,101,34,58
34,84,105,116,108,101,34,44,34,112,111,115,105,116,105,111,110,34,58,49,44,34,118,97,108,117,101,115,34,58,91,34,68,101,102,97,117,108,116,32,84,105,116,108,101,34,93,125,93,125,44,123,34,105,100,34,58,55,55,53,54,48,55,57,55,53,57,52,51,53,44,34,116,105,116,108,101,34,58,34,67,114,101,97,109,32,69,108,101,99,116,114,105,99,32,84,111,111,116,104,98,114,117,115,104,34,44,34,104,97,110,100,108,101,34,58,34,99,114,101,97,109,45,101,108,101,99,116
114,105,99,45,116,111,111,116,104,98,114,117,115,104,34,44,34,98,111,100,121,95,104,116,109,108,34,58,34,92,117,48,48,51,99,112,92,117,48,48,51,101,92,117,48,48,51,99,109,101,116,97,32,99,104,97,114,115,101,116,61,92,34,117,116,102,45,56,92,34,92,117,48,48,51,101,66,114,117,115,104,105,110,103,32,110,101,118,101,114,32,108,111,111,107,101,100,32,116,104,105,115,32,103,111,111,100,46,194,160,67,111,109,98,105,110,105,110,103,32,116,104,114,101,101,32,105,110
116,101,108,108,105,103,101,110,116,32,99,108,101,97,110,105,110,103,32,109,111,100,101,115,44,32,116,104,101,32,72,105,115,109,105,108,101,32,69,108,101,99,116,114,105,99,32,84,111,111,116,104,98,114,117,115,104,32,119,105,108,108,32,112,114,111,118,105,100,101,32,121,111,117,32,119,105,116,104,32,97,32,112,111,119,101,114,102,117,108,32,97,110,100,32,101,102,102,101,99,116,105,118,101,32,99,108,101,97,110,46,84,104,114,101,101,32,112,111,119,101,114,102,117,108,32,99,108
101,97,110,105,110,103,32,109,111,100,101,115,44,66,117,105,108,116,45,105,110,32,116,105,109,101,114,32,102,111,114,32,99,111,110,118,101,110,105,101,110,99,101,44,83,111,102,116,45,116,97,112,101,114,101,100,32,98,114,105,115,116,108,101,115,32,102,111,114,32,101,102,102,101,99,116,105,118,101,32,99,108,101,97,110,105,110,103,44,77,111,100,101,32,109,101,109,111,114,121,32,116,111,32,115,117,105,116,32,121,111,117,114,32,98,114,117,115,104,105,110,103,32,110,101,101,100,115
46,92,117,48,48,51,99,109,101,116,97,32,99,104,97,114,115,101,116,61,92,34,117,116,102,45,56,92,34,92,117,48,48,51,101,92,117,48,48,51,99,115,112,97,110,92,117,48,48,51,101,87,104,101,116,104,101,114,32,121,111,117,32,97,114,101,32,97,102,116,101,114,32,97,32,71,101,110,116,108,101,44,32,73,110,116,101,110,115,101,32,111,114,32,69,118,101,114,121,100,97,121,32,67,108,101,97,110,44,32,116,104,101,32,72,105,115,109,105,108,101,32,69,108,101,99,116,114
105,99,32,84,111,111,116,104,98,114,117,115,104,32,105,110,99,108,117,100,101,115,32,97,32,99,111,109,98,105,110,97,116,105,111,110,32,111,102,32,98,114,117,115,104,105,110,103,32,115,101,116,116,105,110,103,115,32,116,111,32,103,105,118,101,32,121,111,117,32,116,104,101,32,109,111,115,116,32,101,102,102,101,99,116,105,118,101,32,99,108,101,97,110,46,92,117,48,48,51,99,92,47,115,112,97,110,92,117,48,48,51,101,92,117,48,48,51,99,92,47,112,92,117,48,48,51,101
34,44,34,112,117,98,108,105,115,104,101,100,95,97,116,34,58,34,50,48,50,54,45,48,54,45,48,50,84,48,57,58,48,51,58,48,51,43,49,48,58,48,48,34,44,34,99,114,101,97,116,101,100,95,97,116,34,58,34,50,48,50,54,45,48,53,45,50,50,84,49,49,58,50,56,58,53,50,43,49,48,58,48,48,34,44,34,117,112,100,97,116,101,100,95,97,116,34,58,34,50,48,50,54,45,48,54,45,50,55,84,48,54,58,51,51,58,52,51,43,49,48,58,48,48,34,44,34
118,101,110,100,111,114,34,58,34,104,105,115,109,105,108,101,95,100,101,118,34,44,34,112,114,111,100,117,99,116,95,116,121,112,101,34,58,34,34,44,34,116,97,103,115,34,58,91,93,44,34,118,97,114,105,97,110,116,115,34,58,91,123,34,105,100,34,58,52,50,52,56,48,49,57,51,54,51,52,51,55,57,44,34,116,105,116,108,101,34,58,34,68,101,102,97,117,108,116,32,84,105,116,108,101,34,44,34,111,112,116,105,111,110,49,34,58,34,68,101,102,97,117,108,116,32,84,105
116,108,101,34,44,34,111,112,116,105,111,110,50,34,58,110,117,108,108,44,34,111,112,116,105,111,110,51,34,58,110,117,108,108,44,34,115,107,117,34,58,34,52,49,48,49,55,45,69,84,45,67,82,34,44,34,114,101,113,117,105,114,101,115,95,115,104,105,112,112,105,110,103,34,58,116,114,117,101,44,34,116,97,120,97,98,108,101,34,58,116,114,117,101,44,34,102,101,97,116,117,114,101,100,95,105,109,97,103,101,34,58,110,117,108,108,44,34,97,118,97,105,108,97,98,108,101,34
58,116,114,117,101,44,34,112,114,105,99,101,34,58,34,53,57,46,48,48,34,44,34,103,114,97,109,115,34,58,51,48,48,44,34,99,111,109,112,97,114,101,95,97,116,95,112,114,105,99,101,34,58,110,117,108,108,44,34,112,111,115,105,116,105,111,110,34,58,49,44,34,112,114,111,100,117,99,116,95,105,100,34,58,55,55,53,54,48,55,57,55,53,57,52,51,53,44,34,99,114,101,97,116,101,100,95,97,116,34,58,34,50,48,50,54,45,48,53,45,50,50,84,49,49,58,50,56
58,53,50,43,49,48,58,48,48,34,44,34,117,112,100,97,116,101,100,95,97,116,34,58,34,50,48,50,54,45,48,54,45,50,55,84,48,54,58,51,51,58,52,51,43,49,48,58,48,48,34,125,93,44,34,105,109,97,103,101,115,34,58,91,123,34,105,100,34,58,51,53,51,56,50,53,51,49,52,56,57,56,54,55,44,34,99,114,101,97,116,101,100,95,97,116,34,58,34,50,48,50,54,45,48,53,45,50,50,84,49,49,58,50,56,58,53,50,43,49,48,58,48,48,34,44,34,112
111,115,105,116,105,111,110,34,58,49,44,34,117,112,100,97,116,101,100,95,97,116,34,58,34,50,48,50,54,45,48,53,45,50,50,84,49,49,58,50,56,58,53,52,43,49,48,58,48,48,34,44,34,112,114,111,100,117,99,116,95,105,100,34,58,55,55,53,54,48,55,57,55,53,57,52,51,53,44,34,118,97,114,105,97,110,116,95,105,100,115,34,58,91,93,44,34,115,114,99,34,58,34,104,116,116,112,115,58,92,47,92,47,99,100,110,46,115,104,111,112,105,102,121,46,99,111,109
92,47,115,92,47,102,105,108,101,115,92,47,49,92,47,49,53,50,53,92,47,57,55,54,54,92,47,102,105,108,101,115,92,47,69,84,66,67,114,101,97,109,45,83,105,110,103,108,101,45,67,111,108,108,101,99,116,105,111,110,115,95,98,48,57,56,53,100,102,99,45,51,56,54,55,45,52,51,48,53,45,56,101,102,52,45,54,49,50,49,54,49,48,51,51,54,100,55,46,112,110,103,63,118,61,49,55,55,57,52,49,51,51,51,52,34,44,34,119,105,100,116,104,34,58,49,48,52
49,44,34,104,101,105,103,104,116,34,58,49,48,52,49,125,93,44,34,111,112,116,105,111,110,115,34,58,91,123,34,110,97,109,101,34,58,34,84,105,116,108,101,34,44,34,112,111,115,105,116,105,111,110,34,58,49,44,34,118,97,108,117,101,115,34,58,91,34,68,101,102,97,117,108,116,32,84,105,116,108,101,34,93,125,93,125,44,123,34,105,100,34,58,55,55,53,54,48,55,57,54,57,51,56,57,57,44,34,116,105,116,108,101,34,58,34,66,114,105,103,104,116,32,66,108,117,101
32,69,108,101,99,116,114,105,99,32,84,111,111,116,104,98,114,117,115,104,34,44,34,104,97,110,100,108,101,34,58,34,98,114,105,103,104,116,45,98,108,117,101,45,101,108,101,99,116,114,105,99,45,116,111,111,116,104,98,114,117,115,104,34,44,34,98,111,100,121,95,104,116,109,108,34,58,34,92,117,48,48,51,99,112,92,117,48,48,51,101,92,117,48,48,51,99,109,101,116,97,32,99,104,97,114,115,101,116,61,92,34,117,116,102,45,56,92,34,92,117,48,48,51,101,66,114,117
115,104,105,110,103,32,110,101,118,101,114,32,108,111,111,107,101,100,32,116,104,105,115,32,103,111,111,100,46,194,160,67,111,109,98,105,110,105,110,103,32,116,104,114,101,101,32,105,110,116,101,108,108,105,103,101,110,116,32,99,108,101,97,110,105,110,103,32,109,111,100,101,115,44,32,116,104,101,32,72,105,115,109,105,108,101,32,69,108,101,99,116,114,105,99,32,84,111,111,116,104,98,114,117,115,104,32,119,105,108,108,32,112,114,111,118,105,100,101,32,121,111,117,32,119,105,116,104
32,97,32,112,111,119,101,114,102,117,108,32,97,110,100,32,101,102,102,101,99,116,105,118,101,32,99,108,101,97,110,46,84,104,114,101,101,32,112,111,119,101,114,102,117,108,32,99,108,101,97,110,105,110,103,32,109,111,100,101,115,44,66,117,105,108,116,45,105,110,32,116,105,109,101,114,32,102,111,114,32,99,111,110,118,101,110,105,101,110,99,101,44,83,111,102,116,45,116,97,112,101,114,101,100,32,98,114,105,115,116,108,101,115,32,102,111,114,32,101,102,102,101,99,116,105,118,101
32,99,108,101,97,110,105,110,103,44,77,111,100,101,32,109,101,109,111,114,121,32,116,111,32,115,117,105,116,32,121,111,117,114,32,98,114,117,115,104,105,110,103,32,110,101,101,100,115,46,92,117,48,48,51,99,109,101,116,97,32,99,104,97,114,115,101,116,61,92,34,117,116,102,45,56,92,34,92,117,48,48,51,101,92,117,48,48,51,99,115,112,97,110,92,117,48,48,51,101,87,104,101,116,104,101,114,32,121,111,117,32,97,114,101,32,97,102,116,101,114,32,97,32,71,101,110,116
108,101,44,32,73,110,116,101,110,115,101,32,111,114,32,69,118,101,114,121,100,97,121,32,67,108,101,97,110,44,32,116,104,101,32,72,105,115,109,105,108,101,32,69,108,101,99,116,114,105,99,32,84,111,111,116,104,98,114,117,115,104,32,105,110,99,108,117,100,101,115,32,97,32,99,111,109,98,105,110,97,116,105,111,110,32,111,102,32,98,114,117,115,104,105,110,103,32,115,101,116,116,105,110,103,115,32,116,111,32,103,105,118,101,32,121,111,117,32,116,104,101,32,109,111,115,116,32
101,102,102,101,99,116,105,118,101,32,99,108,101,97,110,46,92,117,48,48,51,99,92,47,115,112,97,110,92,117,48,48,51,101,92,117,48,48,51,99,92,47,112,92,117,48,48,51,101,34,44,34,112,117,98,108,105,115,104,101,100,95,97,116,34,58,34,50,48,50,54,45,48,54,45,48,50,84,48,57,58,48,51,58,48,51,43,49,48,58,48,48,34,44,34,99,114,101,97,116,101,100,95,97,116,34,58,34,50,48,50,54,45,48,53,45,50,50,84,49,49,58,50,56,58,53,49,43
49,48,58,48,48,34,44,34,117,112,100,97,116,101,100,95,97,116,34,58,34,50,48,50,54,45,48,54,45,50,55,84,48,54,58,51,51,58,52,51,43,49,48,58,48,48,34,44,34,118,101,110,100,111,114,34,58,34,104,105,115,109,105,108,101,95,100,101,118,34,44,34,112,114,111,100,117,99,116,95,116,121,112,101,34,58,34,34,44,34,116,97,103,115,34,58,91,93,44,34,118,97,114,105,97,110,116,115,34,58,91,123,34,105,100,34,58,52,50,52,56,48,49,57,51,53,54,56
56,52,51,44,34,116,105,116,108,101,34,58,34,68,101,102,97,117,108,116,32,84,105,116,108,101,34,44,34,111,112,116,105,111,110,49,34,58,34,68,101,102,97,117,108,116,32,84,105,116,108,101,34,44,34,111,112,116,105,111,110,50,34,58,110,117,108,108,44,34,111,112,116,105,111,110,51,34,58,110,117,108,108,44,34,115,107,117,34,58,34,52,49,48,49,49,45,69,84,45,69,66,34,44,34,114,101,113,117,105,114,101,115,95,115,104,105,112,112,105,110,103,34,58,116,114,117,101
44,34,116,97,120,97,98,108,101,34,58,116,114,117,101,44,34,102,101,97,116,117,114,101,100,95,105,109,97,103,101,34,58,110,117,108,108,44,34,97,118,97,105,108,97,98,108,101,34,58,116,114,117,101,44,34,112,114,105,99,101,34,58,34,53,57,46,48,48,34,44,34,103,114,97,109,115,34,58,51,48,48,44,34,99,111,109,112,97,114,101,95,97,116,95,112,114,105,99,101,34,58,110,117,108,108,44,34,112,111,115,105,116,105,111,110,34,58,49,44,34,112,114,111,100,117,99,116
95,105,100,34,58,55,55,53,54,48,55,57,54,57,51,56,57,57,44,34,99,114,101,97,116,101,100,95,97,116,34,58,34,50,48,50,54,45,48,53,45,50,50,84,49,49,58,50,56,58,53,49,43,49,48,58,48,48,34,44,34,117,112,100,97,116,101,100,95,97,116,34,58,34,50,48,50,54,45,48,54,45,50,55,84,48,54,58,51,51,58,52,51,43,49,48,58,48,48,34,125,93,44,34,105,109,97,103,101,115,34,58,91,123,34,105,100,34,58,51,53,51,56,50,53,51,49,52
50,52,51,51,49,44,34,99,114,101,97,116,101,100,95,97,116,34,58,34,50,48,50,54,45,48,53,45,50,50,84,49,49,58,50,56,58,53,49,43,49,48,58,48,48,34,44,34,112,111,115,105,116,105,111,110,34,58,49,44,34,117,112,100,97,116,101,100,95,97,116,34,58,34,50,48,50,54,45,48,53,45,50,50,84,49,49,58,50,56,58,53,51,43,49,48,58,48,48,34,44,34,112,114,111,100,117,99,116,95,105,100,34,58,55,55,53,54,48,55,57,54,57,51,56,57,57,44
34,118,97,114,105,97,110,116,95,105,100,115,34,58,91,93,44,34,115,114,99,34,58,34,104,116,116,112,115,58,92,47,92,47,99,100,110,46,115,104,111,112,105,102,121,46,99,111,109,92,47,115,92,47,102,105,108,101,115,92,47,49,92,47,49,53,50,53,92,47,57,55,54,54,92,47,102,105,108,101,115,92,47,69,84,66,66,114,105,103,104,116,66,108,117,101,45,83,105,110,103,108,101,45,67,111,108,108,101,99,116,105,111,110,115,95,48,53,49,50,98,55,99,101,45,51,57,53
98,45,52,54,99,55,45,57,52,57,97,45,53,55,97,55,97,97,54,50,99,100,56,50,46,112,110,103,63,118,61,49,55,55,57,52,49,51,51,51,51,34,44,34,119,105,100,116,104,34,58,49,48,52,49,44,34,104,101,105,103,104,116,34,58,49,48,52,49,125,93,44,34,111,112,116,105,111,110,115,34,58,91,123,34,110,97,109,101,34,58,34,84,105,116,108,101,34,44,34,112,111,115,105,116,105,111,110,34,58,49,44,34,118,97,108,117,101,115,34,58,91,34,68,101,102,97,117
108,116,32,84,105,116,108,101,34,93,125,93,125,44,123,34,105,100,34,58,55,55,53,54,48,55,57,54,54,49,49,51,49,44,34,116,105,116,108,101,34,58,34,75,104,97,107,105,32,80,105,110,107,32,69,108,101,99,116,114,105,99,32,84,111,111,116,104,98,114,117,115,104,34,44,34,104,97,110,100,108,101,34,58,34,107,104,97,107,105,45,112,105,110,107,45,101,108,101,99,116,114,105,99,45,116,111,111,116,104,98,114,117,115,104,34,44,34,98,111,100,121,95,104,116,109,108,34
58,34,92,117,48,48,51,99,112,92,117,48,48,51,101,92,117,48,48,51,99,109,101,116,97,32,99,104,97,114,115,101,116,61,92,34,117,116,102,45,56,92,34,92,117,48,48,51,101,66,114,117,115,104,105,110,103,32,110,101,118,101,114,32,108,111,111,107,101,100,32,116,104,105,115,32,103,111,111,100,46,194,160,67,111,109,98,105,110,105,110,103,32,116,104,114,101,101,32,105,110,116,101,108,108,105,103,101,110,116,32,99,108,101,97,110,105,110,103,32,109,111,100,101,115,44,32,116
104,101,32,72,105,115,109,105,108,101,32,69,108,101,99,116,114,105,99,32,84,111,111,116,104,98,114,117,115,104,32,119,105,108,108,32,112,114,111,118,105,100,101,32,121,111,117,32,119,105,116,104,32,97,32,112,111,119,101,114,102,117,108,32,97,110,100,32,101,102,102,101,99,116,105,118,101,32,99,108,101,97,110,46,84,104,114,101,101,32,112,111,119,101,114,102,117,108,32,99,108,101,97,110,105,110,103,32,109,111,100,101,115,44,66,117,105,108,116,45,105,110,32,116,105,109,101,114
32,102,111,114,32,99,111,110,118,101,110,105,101,110,99,101,44,83,111,102,116,45,116,97,112,101,114,101,100,32,98,114,105,115,116,108,101,115,32,102,111,114,32,101,102,102,101,99,116,105,118,101,32,99,108,101,97,110,105,110,103,44,77,111,100,101,32,109,101,109,111,114,121,32,116,111,32,115,117,105,116,32,121,111,117,114,32,98,114,117,115,104,105,110,103,32,110,101,101,100,115,46,92,117,48,48,51,99,109,101,116,97,32,99,104,97,114,115,101,116,61,92,34,117,116,102,45,56
92,34,92,117,48,48,51,101,92,117,48,48,51,99,115,112,97,110,92,117,48,48,51,101,87,104,101,116,104,101,114,32,121,111,117,32,97,114,101,32,97,102,116,101,114,32,97,32,71,101,110,116,108,101,44,32,73,110,116,101,110,115,101,32,111,114,32,69,118,101,114,121,100,97,121,32,67,108,101,97,110,44,32,116,104,101,32,72,105,115,109,105,108,101,32,69,108,101,99,116,114,105,99,32,84,111,111,116,104,98,114,117,115,104,32,105,110,99,108,117,100,101,115,32,97,32,99,111
109,98,105,110,97,116,105,111,110,32,111,102,32,98,114,117,115,104,105,110,103,32,115,101,116,116,105,110,103,115,32,116,111,32,103,105,118,101,32,121,111,117,32,116,104,101,32,109,111,115,116,32,101,102,102,101,99,116,105,118,101,32,99,108,101,97,110,46,92,117,48,48,51,99,92,47,115,112,97,110,92,117,48,48,51,101,92,117,48,48,51,99,92,47,112,92,117,48,48,51,101,34,44,34,112,117,98,108,105,115,104,101,100,95,97,116,34,58,34,50,48,50,54,45,48,54,45,48
50,84,48,57,58,48,51,58,48,50,43,49,48,58,48,48,34,44,34,99,114,101,97,116,101,100,95,97,116,34,58,34,50,48,50,54,45,48,53,45,50,50,84,49,49,58,50,56,58,53,48,43,49,48,58,48,48,34,44,34,117,112,100,97,116,101,100,95,97,116,34,58,34,50,48,50,54,45,48,54,45,50,55,84,48,54,58,51,51,58,52,51,43,49,48,58,48,48,34,44,34,118,101,110,100,111,114,34,58,34,104,105,115,109,105,108,101,95,100,101,118,34,44,34,112,114,111,100
117,99,116,95,116,121,112,101,34,58,34,34,44,34,116,97,103,115,34,58,91,93,44,34,118,97,114,105,97,110,116,115,34,58,91,123,34,105,100,34,58,52,50,52,56,48,49,57,51,53,51,54,48,55,53,44,34,116,105,116,108,101,34,58,34,68,101,102,97,117,108,116,32,84,105,116,108,101,34,44,34,111,112,116,105,111,110,49,34,58,34,68,101,102,97,117,108,116,32,84,105,116,108,101,34,44,34,111,112,116,105,111,110,50,34,58,110,117,108,108,44,34,111,112,116,105,111,110
51,34,58,110,117,108,108,44,34,115,107,117,34,58,34,52,49,48,50,50,45,69,84,45,75,80,34,44,34,114,101,113,117,105,114,101,115,95,115,104,105,112,112,105,110,103,34,58,116,114,117,101,44,34,116,97,120,97,98,108,101,34,58,116,114,117,101,44,34,102,101,97,116,117,114,101,100,95,105,109,97,103,101,34,58,110,117,108,108,44,34,97,118,97,105,108,97,98,108,101,34,58,116,114,117,101,44,34,112,114,105,99,101,34,58,34,53,57,46,48,48,34,44,34,103,114,97,109
115,34,58,51,48,48,44,34,99,111,109,112,97,114,101,95,97,116,95,112,114,105,99,101,34,58,110,117,108,108,44,34,112,111,115,105,116,105,111,110,34,58,49,44,34,112,114,111,100,117,99,116,95,105,100,34,58,55,55,53,54,48,55,57,54,54,49,49,51,49,44,34,99,114,101,97,116,101,100,95,97,116,34,58,34,50,48,50,54,45,48,53,45,50,50,84,49,49,58,50,56,58,53,48,43,49,48,58,48,48,34,44,34,117,112,100,97,116,101,100,95,97,116,34,58,34,50,48
50,54,45,48,54,45,50,55,84,48,54,58,51,51,58,52,51,43,49,48,58,48,48,34,125,93,44,34,105,109,97,103,101,115,34,58,91,123,34,105,100,34,58,51,53,51,56,50,53,51,49,51,57,49,53,54,51,44,34,99,114,101,97,116,101,100,95,97,116,34,58,34,50,48,50,54,45,48,53,45,50,50,84,49,49,58,50,56,58,53,48,43,49,48,58,48,48,34,44,34,112,111,115,105,116,105,111,110,34,58,49,44,34,117,112,100,97,116,101,100,95,97,116,34,58,34,50,48
50,54,45,48,53,45,50,50,84,49,49,58,50,56,58,53,50,43,49,48,58,48,48,34,44,34,112,114,111,100,117,99,116,95,105,100,34,58,55,55,53,54,48,55,57,54,54,49,49,51,49,44,34,118,97,114,105,97,110,116,95,105,100,115,34,58,91,93,44,34,115,114,99,34,58,34,104,116,116,112,115,58,92,47,92,47,99,100,110,46,115,104,111,112,105,102,121,46,99,111,109,92,47,115,92,47,102,105,108,101,115,92,47,49,92,47,49,53,50,53,92,47,57,55,54,54,92,47
102,105,108,101,115,92,47,69,84,66,75,104,97,107,105,80,105,110,107,45,83,105,110,103,108,101,45,67,111,108,108,101,99,116,105,111,110,115,95,100,56,50,49,50,55,99,101,45,50,52,54,50,45,52,52,51,48,45,98,54,48,97,45,56,56,100,55,57,101,100,57,98,102,97,101,46,112,110,103,63,118,61,49,55,55,57,52,49,51,51,51,50,34,44,34,119,105,100,116,104,34,58,49,48,52,49,44,34,104,101,105,103,104,116,34,58,49,48,52,49,125,93,44,34,111,112,116,105
111,110,115,34,58,91,123,34,110,97,109,101,34,58,34,84,105,116,108,101,34,44,34,112,111,115,105,116,105,111,110,34,58,49,44,34,118,97,108,117,101,115,34,58,91,34,68,101,102,97,117,108,116,32,84,105,116,108,101,34,93,125,93,125,44,123,34,105,100,34,58,55,55,53,54,48,55,57,54,50,56,51,54,51,44,34,116,105,116,108,101,34,58,34,80,105,110,107,32,69,108,101,99,116,114,105,99,32,84,111,111,116,104,98,114,117,115,104,34,44,34,104,97,110,100,108,101,34
58,34,112,105,110,107,45,101,108,101,99,116,114,105,99,45,116,111,111,116,104,98,114,117,115,104,34,44,34,98,111,100,121,95,104,116,109,108,34,58,34,92,117,48,48,51,99,112,92,117,48,48,51,101,92,117,48,48,51,99,109,101,116,97,32,99,104,97,114,115,101,116,61,92,34,117,116,102,45,56,92,34,92,117,48,48,51,101,66,114,117,115,104,105,110,103,32,110,101,118,101,114,32,108,111,111,107,101,100,32,116,104,105,115,32,103,111,111,100,46,194,160,67,111,109,98,105,110
105,110,103,32,116,104,114,101,101,32,105,110,116,101,108,108,105,103,101,110,116,32,99,108,101,97,110,105,110,103,32,109,111,100,101,115,44,32,116,104,101,32,72,105,115,109,105,108,101,32,69,108,101,99,116,114,105,99,32,84,111,111,116,104,98,114,117,115,104,32,119,105,108,108,32,112,114,111,118,105,100,101,32,121,111,117,32,119,105,116,104,32,97,32,112,111,119,101,114,102,117,108,32,97,110,100,32,101,102,102,101,99,116,105,118,101,32,99,108,101,97,110,46,84,104,114,101,101
32,112,111,119,101,114,102,117,108,32,99,108,101,97,110,105,110,103,32,109,111,100,101,115,44,66,117,105,108,116,45,105,110,32,116,105,109,101,114,32,102,111,114,32,99,111,110,118,101,110,105,101,110,99,101,44,83,111,102,116,45,116,97,112,101,114,101,100,32,98,114,105,115,116,108,101,115,32,102,111,114,32,101,102,102,101,99,116,105,118,101,32,99,108,101,97,110,105,110,103,44,77,111,100,101,32,109,101,109,111,114,121,32,116,111,32,115,117,105,116,32,121,111,117,114,32,98,114
117,115,104,105,110,103,32,110,101,101,100,115,46,92,117,48,48,51,99,109,101,116,97,32,99,104,97,114,115,101,116,61,92,34,117,116,102,45,56,92,34,92,117,48,48,51,101,92,117,48,48,51,99,115,112,97,110,92,117,48,48,51,101,87,104,101,116,104,101,114,32,121,111,117,32,97,114,101,32,97,102,116,101,114,32,97,32,71,101,110,116,108,101,44,32,73,110,116,101,110,115,101,32,111,114,32,69,118,101,114,121,100,97,121,32,67,108,101,97,110,44,32,116,104,101,32,72,105
115,109,105,108,101,32,69,108,101,99,116,114,105,99,32,84,111,111,116,104,98,114,117,115,104,32,105,110,99,108,117,100,101,115,32,97,32,99,111,109,98,105,110,97,116,105,111,110,32,111,102,32,98,114,117,115,104,105,110,103,32,115,101,116,116,105,110,103,115,32,116,111,32,103,105,118,101,32,121,111,117,32,116,104,101,32,109,111,115,116,32,101,102,102,101,99,116,105,118,101,32,99,108,101,97,110,46,92,117,48,48,51,99,92,47,115,112,97,110,92,117,48,48,51,101,92,117,48
48,51,99,92,47,112,92,117,48,48,51,101,34,44,34,112,117,98,108,105,115,104,101,100,95,97,116,34,58,34,50,48,50,54,45,48,54,45,48,50,84,48,57,58,48,51,58,48,50,43,49,48,58,48,48,34,44,34,99,114,101,97,116,101,100,95,97,116,34,58,34,50,48,50,54,45,48,53,45,50,50,84,49,49,58,50,56,58,52,57,43,49,48,58,48,48,34,44,34,117,112,100,97,116,101,100,95,97,116,34,58,34,50,48,50,54,45,48,54,45,50,55,84,48,54,58,51,51
58,52,51,43,49,48,58,48,48,34,44,34,118,101,110,100,111,114,34,58,34,104,105,115,109,105,108,101,95,100,101,118,34,44,34,112,114,111,100,117,99,116,95,116,121,112,101,34,58,34,34,44,34,116,97,103,115,34,58,91,93,44,34,118,97,114,105,97,110,116,115,34,58,91,123,34,105,100,34,58,52,50,52,56,48,49,57,51,53,48,51,51,48,55,44,34,116,105,116,108,101,34,58,34,68,101,102,97,117,108,116,32,84,105,116,108,101,34,44,34,111,112,116,105,111,110,49,34
58,34,68,101,102,97,117,108,116,32,84,105,116,108,101,34,44,34,111,112,116,105,111,110,50,34,58,110,117,108,108,44,34,111,112,116,105,111,110,51,34,58,110,117,108,108,44,34,115,107,117,34,58,34,52,49,48,48,49,45,69,84,45,80,73,34,44,34,114,101,113,117,105,114,101,115,95,115,104,105,112,112,105,110,103,34,58,116,114,117,101,44,34,116,97,120,97,98,108,101,34,58,116,114,117,101,44,34,102,101,97,116,117,114,101,100,95,105,109,97,103,101,34,58,110,117,108,108
44,34,97,118,97,105,108,97,98,108,101,34,58,116,114,117,101,44,34,112,114,105,99,101,34,58,34,53,57,46,48,48,34,44,34,103,114,97,109,115,34,58,51,48,48,44,34,99,111,109,112,97,114,101,95,97,116,95,112,114,105,99,101,34,58,110,117,108,108,44,34,112,111,115,105,116,105,111,110,34,58,49,44,34,112,114,111,100,117,99,116,95,105,100,34,58,55,55,53,54,48,55,57,54,50,56,51,54,51,44,34,99,114,101,97,116,101,100,95,97,116,34,58,34,50,48,50,54
45,48,53,45,50,50,84,49,49,58,50,56,58,52,57,43,49,48,58,48,48,34,44,34,117,112,100,97,116,101,100,95,97,116,34,58,34,50,48,50,54,45,48,54,45,50,55,84,48,54,58,51,51,58,52,51,43,49,48,58,48,48,34,125,93,44,34,105,109,97,103,101,115,34,58,91,123,34,105,100,34,58,51,53,51,56,50,53,51,49,51,50,54,48,50,55,44,34,99,114,101,97,116,101,100,95,97,116,34,58,34,50,48,50,54,45,48,53,45,50,50,84,49,49,58,50,56,58
52,57,43,49,48,58,48,48,34,44,34,112,111,115,105,116,105,111,110,34,58,49,44,34,117,112,100,97,116,101,100,95,97,116,34,58,34,50,48,50,54,45,48,53,45,50,50,84,49,49,58,50,56,58,53,49,43,49,48,58,48,48,34,44,34,112,114,111,100,117,99,116,95,105,100,34,58,55,55,53,54,48,55,57,54,50,56,51,54,51,44,34,118,97,114,105,97,110,116,95,105,100,115,34,58,91,93,44,34,115,114,99,34,58,34,104,116,116,112,115,58,92,47,92,47,99,100,110
46,115,104,111,112,105,102,121,46,99,111,109,92,47,115,92,47,102,105,108,101,115,92,47,49,92,47,49,53,50,53,92,47,57,55,54,54,92,47,102,105,108,101,115,92,47,69,84,66,80,105,110,107,45,83,105,110,103,108,101,45,67,111,108,108,101,99,116,105,111,110,115,46,112,110,103,63,118,61,49,55,55,57,52,49,51,51,51,49,34,44,34,119,105,100,116,104,34,58,49,48,52,49,44,34,104,101,105,103,104,116,34,58,49,48,52,49,125,93,44,34,111,112,116,105,111,110,115
34,58,91,123,34,110,97,109,101,34,58,34,84,105,116,108,101,34,44,34,112,111,115,105,116,105,111,110,34,58,49,44,34,118,97,108,117,101,115,34,58,91,34,68,101,102,97,117,108,116,32,84,105,116,108,101,34,93,125,93,125,44,123,34,105,100,34,58,55,55,53,54,48,55,57,53,57,53,53,57,53,44,34,116,105,116,108,101,34,58,34,66,108,97,99,107,32,69,108,101,99,116,114,105,99,32,84,111,111,116,104,98,114,117,115,104,34,44,34,104,97,110,100,108,101,34,58,34
98,108,97,99,107,45,101,108,101,99,116,114,105,99,45,116,111,111,116,104,98,114,117,115,104,34,44,34,98,111,100,121,95,104,116,109,108,34,58,34,92,117,48,48,51,99,112,92,117,48,48,51,101,92,117,48,48,51,99,109,101,116,97,32,99,104,97,114,115,101,116,61,92,34,117,116,102,45,56,92,34,92,117,48,48,51,101,66,114,117,115,104,105,110,103,32,110,101,118,101,114,32,108,111,111,107,101,100,32,116,104,105,115,32,103,111,111,100,46,194,160,67,111,109,98,105,110,105
110,103,32,116,104,114,101,101,32,105,110,116,101,108,108,105,103,101,110,116,32,99,108,101,97,110,105,110,103,32,109,111,100,101,115,44,32,116,104,101,32,72,105,115,109,105,108,101,32,69,108,101,99,116,114,105,99,32,84,111,111,116,104,98,114,117,115,104,32,119,105,108,108,32,112,114,111,118,105,100,101,32,121,111,117,32,119,105,116,104,32,97,32,112,111,119,101,114,102,117,108,32,97,110,100,32,101,102,102,101,99,116,105,118,101,32,99,108,101,97,110,46,84,104,114,101,101,32
112,111,119,101,114,102,117,108,32,99,108,101,97,110,105,110,103,32,109,111,100,101,115,44,66,117,105,108,116,45,105,110,32,116,105,109,101,114,32,102,111,114,32,99,111,110,118,101,110,105,101,110,99,101,44,83,111,102,116,45,116,97,112,101,114,101,100,32,98,114,105,115,116,108,101,115,32,102,111,114,32,101,102,102,101,99,116,105,118,101,32,99,108,101,97,110,105,110,103,44,77,111,100,101,32,109,101,109,111,114,121,32,116,111,32,115,117,105,116,32,121,111,117,114,32,98,114,117
115,104,105,110,103,32,110,101,101,100,115,46,92,117,48,48,51,99,109,101,116,97,32,99,104,97,114,115,101,116,61,92,34,117,116,102,45,56,92,34,92,117,48,48,51,101,92,117,48,48,51,99,115,112,97,110,92,117,48,48,51,101,87,104,101,116,104,101,114,32,121,111,117,32,97,114,101,32,97,102,116,101,114,32,97,32,71,101,110,116,108,101,44,32,73,110,116,101,110,115,101,32,111,114,32,69,118,101,114,121,100,97,121,32,67,108,101,97,110,44,32,116,104,101,32,72,105,115
109,105,108,101,32,69,108,101,99,116,114,105,99,32,84,111,111,116,104,98,114,117,115,104,32,105,110,99,108,117,100,101,115,32,97,32,99,111,109,98,105,110,97,116,105,111,110,32,111,102,32,98,114,117,115,104,105,110,103,32,115,101,116,116,105,110,103,115,32,116,111,32,103,105,118,101,32,121,111,117,32,116,104,101,32,109,111,115,116,32,101,102,102,101,99,116,105,118,101,32,99,108,101,97,110,46,92,117,48,48,51,99,92,47,115,112,97,110,92,117,48,48,51,101,92,117,48,48
51,99,92,47,112,92,117,48,48,51,101,34,44,34,112,117,98,108,105,115,104,101,100,95,97,116,34,58,34,50,48,50,54,45,48,54,45,48,50,84,48,57,58,48,51,58,48,50,43,49,48,58,48,48,34,44,34,99,114,101,97,116,101,100,95,97,116,34,58,34,50,48,50,54,45,48,53,45,50,50,84,49,49,58,50,56,58,52,56,43,49,48,58,48,48,34,44,34,117,112,100,97,116,101,100,95,97,116,34,58,34,50,48,50,54,45,48,54,45,50,55,84,48,54,58,51,51,58
52,51,43,49,48,58,48,48,34,44,34,118,101,110,100,111,114,34,58,34,104,105,115,109,105,108,101,95,100,101,118,34,44,34,112,114,111,100,117,99,116,95,116,121,112,101,34,58,34,34,44,34,116,97,103,115,34,58,91,93,44,34,118,97,114,105,97,110,116,115,34,58,91,123,34,105,100,34,58,52,50,52,56,48,49,57,51,52,55,48,53,51,57,44,34,116,105,116,108,101,34,58,34,68,101,102,97,117,108,116,32,84,105,116,108,101,34,44,34,111,112,116,105,111,110,49,34,58
34,68,101,102,97,117,108,116,32,84,105,116,108,101,34,44,34,111,112,116,105,111,110,50,34,58,110,117,108,108,44,34,111,112,116,105,111,110,51,34,58,110,117,108,108,44,34,115,107,117,34,58,34,52,49,48,50,51,45,69,84,45,66,76,34,44,34,114,101,113,117,105,114,101,115,95,115,104,105,112,112,105,110,103,34,58,116,114,117,101,44,34,116,97,120,97,98,108,101,34,58,116,114,117,101,44,34,102,101,97,116,117,114,101,100,95,105,109,97,103,101,34,58,110,117,108,108,44
34,97,118,97,105,108,97,98,108,101,34,58,116,114,117,101,44,34,112,114,105,99,101,34,58,34,53,57,46,48,48,34,44,34,103,114,97,109,115,34,58,51,48,48,44,34,99,111,109,112,97,114,101,95,97,116,95,112,114,105,99,101,34,58,110,117,108,108,44,34,112,111,115,105,116,105,111,110,34,58,49,44,34,112,114,111,100,117,99,116,95,105,100,34,58,55,55,53,54,48,55,57,53,57,53,53,57,53,44,34,99,114,101,97,116,101,100,95,97,116,34,58,34,50,48,50,54,45
48,53,45,50,50,84,49,49,58,50,56,58,52,56,43,49,48,58,48,48,34,44,34,117,112,100,97,116,101,100,95,97,116,34,58,34,50,48,50,54,45,48,54,45,50,55,84,48,54,58,51,51,58,52,51,43,49,48,58,48,48,34,125,93,44,34,105,109,97,103,101,115,34,58,91,123,34,105,100,34,58,51,53,51,56,50,53,51,49,50,57,51,50,53,57,44,34,99,114,101,97,116,101,100,95,97,116,34,58,34,50,48,50,54,45,48,53,45,50,50,84,49,49,58,50,56,58,52
56,43,49,48,58,48,48,34,44,34,112,111,115,105,116,105,111,110,34,58,49,44,34,117,112,100,97,116,101,100,95,97,116,34,58,34,50,48,50,54,45,48,53,45,50,50,84,49,49,58,50,56,58,53,48,43,49,48,58,48,48,34,44,34,112,114,111,100,117,99,116,95,105,100,34,58,55,55,53,54,48,55,57,53,57,53,53,57,53,44,34,118,97,114,105,97,110,116,95,105,100,115,34,58,91,93,44,34,115,114,99,34,58,34,104,116,116,112,115,58,92,47,92,47,99,100,110,46
115,104,111,112,105,102,121,46,99,111,109,92,47,115,92,47,102,105,108,101,115,92,47,49,92,47,49,53,50,53,92,47,57,55,54,54,92,47,102,105,108,101,115,92,47,69,84,66,66,108,97,99,107,45,83,105,110,103,108,101,45,67,111,108,108,101,99,116,105,111,110,115,95,98,49,49,101,102,55,102,100,45,51,57,52,100,45,52,48,102,54,45,57,56,50,50,45,102,102,57,50,56,102,99,100,98,98,50,50,46,112,110,103,63,118,61,49,55,55,57,52,49,51,51,51,48,34,44
34,119,105,100,116,104,34,58,49,48,52,49,44,34,104,101,105,103,104,116,34,58,49,48,52,49,125,93,44,34,111,112,116,105,111,110,115,34,58,91,123,34,110,97,109,101,34,58,34,84,105,116,108,101,34,44,34,112,111,115,105,116,105,111,110,34,58,49,44,34,118,97,108,117,101,115,34,58,91,34,68,101,102,97,117,108,116,32,84,105,116,108,101,34,93,125,93,125,44,123,34,105,100,34,58,55,55,53,54,48,55,57,53,54,50,56,50,55,44,34,116,105,116,108,101,34,58,34
66,114,105,103,104,116,32,71,114,101,101,110,32,69,108,101,99,116,114,105,99,32,84,111,111,116,104,98,114,117,115,104,34,44,34,104,97,110,100,108,101,34,58,34,98,114,105,103,104,116,45,103,114,101,101,110,45,101,108,101,99,116,114,105,99,45,116,111,111,116,104,98,114,117,115,104,34,44,34,98,111,100,121,95,104,116,109,108,34,58,34,92,117,48,48,51,99,112,92,117,48,48,51,101,92,117,48,48,51,99,109,101,116,97,32,99,104,97,114,115,101,116,61,92,34,117,116,102
45,56,92,34,92,117,48,48,51,101,66,114,117,115,104,105,110,103,32,110,101,118,101,114,32,108,111,111,107,101,100,32,116,104,105,115,32,103,111,111,100,46,194,160,67,111,109,98,105,110,105,110,103,32,116,104,114,101,101,32,105,110,116,101,108,108,105,103,101,110,116,32,99,108,101,97,110,105,110,103,32,109,111,100,101,115,44,32,116,104,101,32,72,105,115,109,105,108,101,32,69,108,101,99,116,114,105,99,32,84,111,111,116,104,98,114,117,115,104,32,119,105,108,108,32,112,114,111
118,105,100,101,32,121,111,117,32,119,105,116,104,32,97,32,112,111,119,101,114,102,117,108,32,97,110,100,32,101,102,102,101,99,116,105,118,101,32,99,108,101,97,110,46,84,104,114,101,101,32,112,111,119,101,114,102,117,108,32,99,108,101,97,110,105,110,103,32,109,111,100,101,115,44,66,117,105,108,116,45,105,110,32,116,105,109,101,114,32,102,111,114,32,99,111,110,118,101,110,105,101,110,99,101,44,83,111,102,116,45,116,97,112,101,114,101,100,32,98,114,105,115,116,108,101,115,32
102,111,114,32,101,102,102,101,99,116,105,118,101,32,99,108,101,97,110,105,110,103,44,77,111,100,101,32,109,101,109,111,114,121,32,116,111,32,115,117,105,116,32,121,111,117,114,32,98,114,117,115,104,105,110,103,32,110,101,101,100,115,46,92,117,48,48,51,99,109,101,116,97,32,99,104,97,114,115,101,116,61,92,34,117,116,102,45,56,92,34,92,117,48,48,51,101,92,117,48,48,51,99,115,112,97,110,92,117,48,48,51,101,87,104,101,116,104,101,114,32,121,111,117,32,97,114,101
32,97,102,116,101,114,32,97,32,71,101,110,116,108,101,44,32,73,110,116,101,110,115,101,32,111,114,32,69,118,101,114,121,100,97,121,32,67,108,101,97,110,44,32,116,104,101,32,72,105,115,109,105,108,101,32,69,108,101,99,116,114,105,99,32,84,111,111,116,104,98,114,117,115,104,32,105,110,99,108,117,100,101,115,32,97,32,99,111,109,98,105,110,97,116,105,111,110,32,111,102,32,98,114,117,115,104,105,110,103,32,115,101,116,116,105,110,103,115,32,116,111,32,103,105,118,101,32
121,111,117,32,116,104,101,32,109,111,115,116,32,101,102,102,101,99,116,105,118,101,32,99,108,101,97,110,46,92,117,48,48,51,99,92,47,115,112,97,110,92,117,48,48,51,101,92,117,48,48,51,99,92,47,112,92,117,48,48,51,101,34,44,34,112,117,98,108,105,115,104,101,100,95,97,116,34,58,34,50,48,50,54,45,48,54,45,48,50,84,48,57,58,48,51,58,48,49,43,49,48,58,48,48,34,44,34,99,114,101,97,116,101,100,95,97,116,34,58,34,50,48,50,54,45,48,53
45,50,50,84,49,49,58,50,56,58,52,55,43,49,48,58,48,48,34,44,34,117,112,100,97,116,101,100,95,97,116,34,58,34,50,48,50,54,45,48,54,45,50,55,84,48,54,58,51,51,58,52,51,43,49,48,58,48,48,34,44,34,118,101,110,100,111,114,34,58,34,104,105,115,109,105,108,101,95,100,101,118,34,44,34,112,114,111,100,117,99,116,95,116,121,112,101,34,58,34,34,44,34,116,97,103,115,34,58,91,93,44,34,118,97,114,105,97,110,116,115,34,58,91,123,34,105,100
34,58,52,50,52,56,48,49,57,51,52,51,55,55,55,49,44,34,116,105,116,108,101,34,58,34,68,101,102,97,117,108,116,32,84,105,116,108,101,34,44,34,111,112,116,105,111,110,49,34,58,34,68,101,102,97,117,108,116,32,84,105,116,108,101,34,44,34,111,112,116,105,111,110,50,34,58,110,117,108,108,44,34,111,112,116,105,111,110,51,34,58,110,117,108,108,44,34,115,107,117,34,58,34,52,49,48,49,48,45,69,84,45,71,71,34,44,34,114,101,113,117,105,114,101,115,95,115
104,105,112,112,105,110,103,34,58,116,114,117,101,44,34,116,97,120,97,98,108,101,34,58,116,114,117,101,44,34,102,101,97,116,117,114,101,100,95,105,109,97,103,101,34,58,110,117,108,108,44,34,97,118,97,105,108,97,98,108,101,34,58,116,114,117,101,44,34,112,114,105,99,101,34,58,34,53,57,46,48,48,34,44,34,103,114,97,109,115,34,58,51,48,48,44,34,99,111,109,112,97,114,101,95,97,116,95,112,114,105,99,101,34,58,110,117,108,108,44,34,112,111,115,105,116,105,111
110,34,58,49,44,34,112,114,111,100,117,99,116,95,105,100,34,58,55,55,53,54,48,55,57,53,54,50,56,50,55,44,34,99,114,101,97,116,101,100,95,97,116,34,58,34,50,48,50,54,45,48,53,45,50,50,84,49,49,58,50,56,58,52,55,43,49,48,58,48,48,34,44,34,117,112,100,97,116,101,100,95,97,116,34,58,34,50,48,50,54,45,48,54,45,50,55,84,48,54,58,51,51,58,52,51,43,49,48,58,48,48,34,125,93,44,34,105,109,97,103,101,115,34,58,91,123,34
105,100,34,58,51,53,51,56,50,53,51,49,50,50,55,55,50,51,44,34,99,114,101,97,116,101,100,95,97,116,34,58,34,50,48,50,54,45,48,53,45,50,50,84,49,49,58,50,56,58,52,55,43,49,48,58,48,48,34,44,34,112,111,115,105,116,105,111,110,34,58,49,44,34,117,112,100,97,116,101,100,95,97,116,34,58,34,50,48,50,54,45,48,53,45,50,50,84,49,49,58,50,56,58,52,57,43,49,48,58,48,48,34,44,34,112,114,111,100,117,99,116,95,105,100,34,58,55
55,53,54,48,55,57,53,54,50,56,50,55,44,34,118,97,114,105,97,110,116,95,105,100,115,34,58,91,93,44,34,115,114,99,34,58,34,104,116,116,112,115,58,92,47,92,47,99,100,110,46,115,104,111,112,105,102,121,46,99,111,109,92,47,115,92,47,102,105,108,101,115,92,47,49,92,47,49,53,50,53,92,47,57,55,54,54,92,47,102,105,108,101,115,92,47,69,84,66,66,114,105,103,104,116,71,114,101,101,110,45,83,105,110,103,108,101,45,67,111,108,108,101,99,116,105,111,110
115,95,101,49,54,56,99,102,51,52,45,48,50,49,49,45,52,50,50,55,45,98,51,57,53,45,51,97,52,55,53,53,53,98,55,97,50,50,46,112,110,103,63,118,61,49,55,55,57,52,49,51,51,50,57,34,44,34,119,105,100,116,104,34,58,49,48,52,49,44,34,104,101,105,103,104,116,34,58,49,48,52,49,125,93,44,34,111,112,116,105,111,110,115,34,58,91,123,34,110,97,109,101,34,58,34,84,105,116,108,101,34,44,34,112,111,115,105,116,105,111,110,34,58,49,44,34,118
97,108,117,101,115,34,58,91,34,68,101,102,97,117,108,116,32,84,105,116,108,101,34,93,125,93,125,44,123,34,105,100,34,58,55,55,53,54,48,55,57,53,51,48,48,53,57,44,34,116,105,116,108,101,34,58,34,83,116,111,110,101,32,77,97,114,98,108,101,32,69,108,101,99,116,114,105,99,32,84,111,111,116,104,98,114,117,115,104,34,44,34,104,97,110,100,108,101,34,58,34,115,116,111,110,101,45,109,97,114,98,108,101,45,101,108,101,99,116,114,105,99,45,116,111,111,116,104
98,114,117,115,104,34,44,34,98,111,100,121,95,104,116,109,108,34,58,34,92,117,48,48,51,99,112,92,117,48,48,51,101,92,117,48,48,51,99,109,101,116,97,32,99,104,97,114,115,101,116,61,92,34,117,116,102,45,56,92,34,92,117,48,48,51,101,66,114,117,115,104,105,110,103,32,110,101,118,101,114,32,108,111,111,107,101,100,32,116,104,105,115,32,103,111,111,100,46,194,160,67,111,109,98,105,110,105,110,103,32,116,104,114,101,101,32,105,110,116,101,108,108,105,103,101,110,116
32,99,108,101,97,110,105,110,103,32,109,111,100,101,115,44,32,116,104,101,32,72,105,115,109,105,108,101,32,69,108,101,99,116,114,105,99,32,84,111,111,116,104,98,114,117,115,104,32,119,105,108,108,32,112,114,111,118,105,100,101,32,121,111,117,32,119,105,116,104,32,97,32,112,111,119,101,114,102,117,108,32,97,110,100,32,101,102,102,101,99,116,105,118,101,32,99,108,101,97,110,46,84,104,114,101,101,32,112,111,119,101,114,102,117,108,32,99,108,101,97,110,105,110,103,32,109,111
100,101,115,44,66,117,105,108,116,45,105,110,32,116,105,109,101,114,32,102,111,114,32,99,111,110,118,101,110,105,101,110,99,101,44,83,111,102,116,45,116,97,112,101,114,101,100,32,98,114,105,115,116,108,101,115,32,102,111,114,32,101,102,102,101,99,116,105,118,101,32,99,108,101,97,110,105,110,103,44,77,111,100,101,32,109,101,109,111,114,121,32,116,111,32,115,117,105,116,32,121,111,117,114,32,98,114,117,115,104,105,110,103,32,110,101,101,100,115,46,92,117,48,48,51,99,109,101
116,97,32,99,104,97,114,115,101,116,61,92,34,117,116,102,45,56,92,34,92,117,48,48,51,101,92,117,48,48,51,99,115,112,97,110,92,117,48,48,51,101,87,104,101,116,104,101,114,32,121,111,117,32,97,114,101,32,97,102,116,101,114,32,97,32,71,101,110,116,108,101,44,32,73,110,116,101,110,115,101,32,111,114,32,69,118,101,114,121,100,97,121,32,67,108,101,97,110,44,32,116,104,101,32,72,105,115,109,105,108,101,32,69,108,101,99,116,114,105,99,32,84,111,111,116,104,98
114,117,115,104,32,105,110,99,108,117,100,101,115,32,97,32,99,111,109,98,105,110,97,116,105,111,110,32,111,102,32,98,114,117,115,104,105,110,103,32,115,101,116,116,105,110,103,115,32,116,111,32,103,105,118,101,32,121,111,117,32,116,104,101,32,109,111,115,116,32,101,102,102,101,99,116,105,118,101,32,99,108,101,97,110,46,92,117,48,48,51,99,92,47,115,112,97,110,92,117,48,48,51,101,92,117,48,48,51,99,92,47,112,92,117,48,48,51,101,34,44,34,112,117,98,108,105,115
104,101,100,95,97,116,34,58,34,50,48,50,54,45,48,54,45,48,50,84,48,57,58,48,51,58,48,49,43,49,48,58,48,48,34,44,34,99,114,101,97,116,101,100,95,97,116,34,58,34,50,48,50,54,45,48,53,45,50,50,84,49,49,58,50,56,58,52,54,43,49,48,58,48,48,34,44,34,117,112,100,97,116,101,100,95,97,116,34,58,34,50,48,50,54,45,48,54,45,50,55,84,48,54,58,51,51,58,52,51,43,49,48,58,48,48,34,44,34,118,101,110,100,111,114,34,58,34
104,105,115,109,105,108,101,95,100,101,118,34,44,34,112,114,111,100,117,99,116,95,116,121,112,101,34,58,34,34,44,34,116,97,103,115,34,58,91,93,44,34,118,97,114,105,97,110,116,115,34,58,91,123,34,105,100,34,58,52,50,52,56,48,49,57,51,52,48,53,48,48,51,44,34,116,105,116,108,101,34,58,34,68,101,102,97,117,108,116,32,84,105,116,108,101,34,44,34,111,112,116,105,111,110,49,34,58,34,68,101,102,97,117,108,116,32,84,105,116,108,101,34,44,34,111,112,116
105,111,110,50,34,58,110,117,108,108,44,34,111,112,116,105,111,110,51,34,58,110,117,108,108,44,34,115,107,117,34,58,34,52,49,48,50,52,45,69,84,45,66,77,34,44,34,114,101,113,117,105,114,101,115,95,115,104,105,112,112,105,110,103,34,58,116,114,117,101,44,34,116,97,120,97,98,108,101,34,58,116,114,117,101,44,34,102,101,97,116,117,114,101,100,95,105,109,97,103,101,34,58,110,117,108,108,44,34,97,118,97,105,108,97,98,108,101,34,58,116,114,117,101,44,34,112,114
105,99,101,34,58,34,53,57,46,48,48,34,44,34,103,114,97,109,115,34,58,51,48,48,44,34,99,111,109,112,97,114,101,95,97,116,95,112,114,105,99,101,34,58,110,117,108,108,44,34,112,111,115,105,116,105,111,110,34,58,49,44,34,112,114,111,100,117,99,116,95,105,100,34,58,55,55,53,54,48,55,57,53,51,48,48,53,57,44,34,99,114,101,97,116,101,100,95,97,116,34,58,34,50,48,50,54,45,48,53,45,50,50,84,49,49,58,50,56,58,52,54,43,49,48,58,48,48
34,44,34,117,112,100,97,116,101,100,95,97,116,34,58,34,50,48,50,54,45,48,54,45,50,55,84,48,54,58,51,51,58,52,51,43,49,48,58,48,48,34,125,93,44,34,105,109,97,103,101,115,34,58,91,123,34,105,100,34,58,51,53,51,56,50,53,51,49,49,57,52,57,53,53,44,34,99,114,101,97,116,101,100,95,97,116,34,58,34,50,48,50,54,45,48,53,45,50,50,84,49,49,58,50,56,58,52,54,43,49,48,58,48,48,34,44,34,112,111,115,105,116,105,111,110,34,58
49,44,34,117,112,100,97,116,101,100,95,97,116,34,58,34,50,48,50,54,45,48,53,45,50,50,84,49,49,58,50,56,58,52,56,43,49,48,58,48,48,34,44,34,112,114,111,100,117,99,116,95,105,100,34,58,55,55,53,54,48,55,57,53,51,48,48,53,57,44,34,118,97,114,105,97,110,116,95,105,100,115,34,58,91,93,44,34,115,114,99,34,58,34,104,116,116,112,115,58,92,47,92,47,99,100,110,46,115,104,111,112,105,102,121,46,99,111,109,92,47,115,92,47,102,105,108,101
115,92,47,49,92,47,49,53,50,53,92,47,57,55,54,54,92,47,102,105,108,101,115,92,47,67,111,108,108,101,99,116,105,111,110,45,69,84,66,83,116,111,110,101,77,97,114,98,108,101,45,83,105,110,103,108,101,95,49,98,99,97,55,99,100,54,45,49,57,100,97,45,52,100,55,48,45,56,53,100,57,45,48,53,99,56,102,97,101,100,53,98,52,53,46,112,110,103,63,118,61,49,55,55,57,52,49,51,51,50,56,34,44,34,119,105,100,116,104,34,58,49,48,52,49,44,34,104
101,105,103,104,116,34,58,49,48,52,49,125,93,44,34,111,112,116,105,111,110,115,34,58,91,123,34,110,97,109,101,34,58,34,84,105,116,108,101,34,44,34,112,111,115,105,116,105,111,110,34,58,49,44,34,118,97,108,117,101,115,34,58,91,34,68,101,102,97,117,108,116,32,84,105,116,108,101,34,93,125,93,125,44,123,34,105,100,34,58,55,55,53,54,48,55,57,52,57,55,50,57,49,44,34,116,105,116,108,101,34,58,34,77,111,115,115,32,77,97,114,98,108,101,32,69,108,101
99,116,114,105,99,32,84,111,111,116,104,98,114,117,115,104,34,44,34,104,97,110,100,108,101,34,58,34,109,111,115,115,45,109,97,114,98,108,101,45,101,108,101,99,116,114,105,99,45,116,111,111,116,104,98,114,117,115,104,34,44,34,98,111,100,121,95,104,116,109,108,34,58,34,92,117,48,48,51,99,112,92,117,48,48,51,101,92,117,48,48,51,99,109,101,116,97,32,99,104,97,114,115,101,116,61,92,34,117,116,102,45,56,92,34,92,117,48,48,51,101,66,114,117,115,104,105,110
103,32,110,101,118,101,114,32,108,111,111,107,101,100,32,116,104,105,115,32,103,111,111,100,46,194,160,67,111,109,98,105,110,105,110,103,32,116,104,114,101,101,32,105,110,116,101,108,108,105,103,101,110,116,32,99,108,101,97,110,105,110,103,32,109,111,100,101,115,44,32,116,104,101,32,72,105,115,109,105,108,101,32,69,108,101,99,116,114,105,99,32,84,111,111,116,104,98,114,117,115,104,32,119,105,108,108,32,112,114,111,118,105,100,101,32,121,111,117,32,119,105,116,104,32,97,32,112
111,119,101,114,102,117,108,32,97,110,100,32,101,102,102,101,99,116,105,118,101,32,99,108,101,97,110,46,84,104,114,101,101,32,112,111,119,101,114,102,117,108,32,99,108,101,97,110,105,110,103,32,109,111,100,101,115,44,66,117,105,108,116,45,105,110,32,116,105,109,101,114,32,102,111,114,32,99,111,110,118,101,110,105,101,110,99,101,44,83,111,102,116,45,116,97,112,101,114,101,100,32,98,114,105,115,116,108,101,115,32,102,111,114,32,101,102,102,101,99,116,105,118,101,32,99,108,101
97,110,105,110,103,44,77,111,100,101,32,109,101,109,111,114,121,32,116,111,32,115,117,105,116,32,121,111,117,114,32,98,114,117,115,104,105,110,103,32,110,101,101,100,115,46,92,117,48,48,51,99,109,101,116,97,32,99,104,97,114,115,101,116,61,92,34,117,116,102,45,56,92,34,92,117,48,48,51,101,92,117,48,48,51,99,115,112,97,110,92,117,48,48,51,101,87,104,101,116,104,101,114,32,121,111,117,32,97,114,101,32,97,102,116,101,114,32,97,32,71,101,110,116,108,101,44,32
73,110,116,101,110,115,101,32,111,114,32,69,118,101,114,121,100,97,121,32,67,108,101,97,110,44,32,116,104,101,32,72,105,115,109,105,108,101,32,69,108,101,99,116,114,105,99,32,84,111,111,116,104,98,114,117,115,104,32,105,110,99,108,117,100,101,115,32,97,32,99,111,109,98,105,110,97,116,105,111,110,32,111,102,32,98,114,117,115,104,105,110,103,32,115,101,116,116,105,110,103,115,32,116,111,32,103,105,118,101,32,121,111,117,32,116,104,101,32,109,111,115,116,32,101,102,102,101
99,116,105,118,101,32,99,108,101,97,110,46,92,117,48,48,51,99,92,47,115,112,97,110,92,117,48,48,51,101,92,117,48,48,51,99,92,47,112,92,117,48,48,51,101,34,44,34,112,117,98,108,105,115,104,101,100,95,97,116,34,58,34,50,48,50,54,45,48,54,45,48,50,84,48,57,58,48,51,58,48,48,43,49,48,58,48,48,34,44,34,99,114,101,97,116,101,100,95,97,116,34,58,34,50,48,50,54,45,48,53,45,50,50,84,49,49,58,50,56,58,52,53,43,49,48,58,48
48,34,44,34,117,112,100,97,116,101,100,95,97,116,34,58,34,50,48,50,54,45,48,54,45,50,55,84,48,54,58,51,51,58,52,51,43,49,48,58,48,48,34,44,34,118,101,110,100,111,114,34,58,34,104,105,115,109,105,108,101,95,100,101,118,34,44,34,112,114,111,100,117,99,116,95,116,121,112,101,34,58,34,34,44,34,116,97,103,115,34,58,91,93,44,34,118,97,114,105,97,110,116,115,34,58,91,123,34,105,100,34,58,52,50,52,56,48,49,57,51,51,55,50,50,51,53,44
34,116,105,116,108,101,34,58,34,68,101,102,97,117,108,116,32,84,105,116,108,101,34,44,34,111,112,116,105,111,110,49,34,58,34,68,101,102,97,117,108,116,32,84,105,116,108,101,34,44,34,111,112,116,105,111,110,50,34,58,110,117,108,108,44,34,111,112,116,105,111,110,51,34,58,110,117,108,108,44,34,115,107,117,34,58,34,52,49,48,50,57,45,69,84,45,77,77,34,44,34,114,101,113,117,105,114,101,115,95,115,104,105,112,112,105,110,103,34,58,116,114,117,101,44,34,116,97
120,97,98,108,101,34,58,116,114,117,101,44,34,102,101,97,116,117,114,101,100,95,105,109,97,103,101,34,58,110,117,108,108,44,34,97,118,97,105,108,97,98,108,101,34,58,116,114,117,101,44,34,112,114,105,99,101,34,58,34,53,57,46,48,48,34,44,34,103,114,97,109,115,34,58,51,48,48,44,34,99,111,109,112,97,114,101,95,97,116,95,112,114,105,99,101,34,58,110,117,108,108,44,34,112,111,115,105,116,105,111,110,34,58,49,44,34,112,114,111,100,117,99,116,95,105,100,34
58,55,55,53,54,48,55,57,52,57,55,50,57,49,44,34,99,114,101,97,116,101,100,95,97,116,34,58,34,50,48,50,54,45,48,53,45,50,50,84,49,49,58,50,56,58,52,53,43,49,48,58,48,48,34,44,34,117,112,100,97,116,101,100,95,97,116,34,58,34,50,48,50,54,45,48,54,45,50,55,84,48,54,58,51,51,58,52,51,43,49,48,58,48,48,34,125,93,44,34,105,109,97,103,101,115,34,58,91,123,34,105,100,34,58,51,53,51,56,50,53,51,49,49,54,50,49,56
55,44,34,99,114,101,97,116,101,100,95,97,116,34,58,34,50,48,50,54,45,48,53,45,50,50,84,49,49,58,50,56,58,52,53,43,49,48,58,48,48,34,44,34,112,111,115,105,116,105,111,110,34,58,49,44,34,117,112,100,97,116,101,100,95,97,116,34,58,34,50,48,50,54,45,48,53,45,50,50,84,49,49,58,50,56,58,52,55,43,49,48,58,48,48,34,44,34,112,114,111,100,117,99,116,95,105,100,34,58,55,55,53,54,48,55,57,52,57,55,50,57,49,44,34,118,97,114
105,97,110,116,95,105,100,115,34,58,91,93,44,34,115,114,99,34,58,34,104,116,116,112,115,58,92,47,92,47,99,100,110,46,115,104,111,112,105,102,121,46,99,111,109,92,47,115,92,47,102,105,108,101,115,92,47,49,92,47,49,53,50,53,92,47,57,55,54,54,92,47,102,105,108,101,115,92,47,67,111,108,108,101,99,116,105,111,110,45,69,84,66,77,111,115,115,77,97,114,98,108,101,45,83,105,110,103,108,101,95,98,101,48,48,53,56,97,99,45,102,99,52,56,45,52,48,56
52,45,97,57,97,48,45,98,56,98,100,52,50,53,97,53,97,54,57,46,112,110,103,63,118,61,49,55,55,57,52,49,51,51,50,55,34,44,34,119,105,100,116,104,34,58,49,48,52,49,44,34,104,101,105,103,104,116,34,58,49,48,52,49,125,93,44,34,111,112,116,105,111,110,115,34,58,91,123,34,110,97,109,101,34,58,34,84,105,116,108,101,34,44,34,112,111,115,105,116,105,111,110,34,58,49,44,34,118,97,108,117,101,115,34,58,91,34,68,101,102,97,117,108,116,32,84,105
116,108,101,34,93,125,93,125,44,123,34,105,100,34,58,55,55,53,54,48,55,57,52,51,49,55,53,53,44,34,116,105,116,108,101,34,58,34,66,114,105,103,104,116,32,82,101,100,32,69,108,101,99,116,114,105,99,32,84,111,111,116,104,98,114,117,115,104,34,44,34,104,97,110,100,108,101,34,58,34,98,114,105,103,104,116,45,114,101,100,45,101,108,101,99,116,114,105,99,45,116,111,111,116,104,98,114,117,115,104,34,44,34,98,111,100,121,95,104,116,109,108,34,58,34,92,117,48
48,51,99,112,92,117,48,48,51,101,92,117,48,48,51,99,109,101,116,97,32,99,104,97,114,115,101,116,61,92,34,117,116,102,45,56,92,34,92,117,48,48,51,101,66,114,117,115,104,105,110,103,32,110,101,118,101,114,32,108,111,111,107,101,100,32,116,104,105,115,32,103,111,111,100,46,194,160,67,111,109,98,105,110,105,110,103,32,116,104,114,101,101,32,105,110,116,101,108,108,105,103,101,110,116,32,99,108,101,97,110,105,110,103,32,109,111,100,101,115,44,32,116,104,101,32,72,105
115,109,105,108,101,32,69,108,101,99,116,114,105,99,32,84,111,111,116,104,98,114,117,115,104,32,119,105,108,108,32,112,114,111,118,105,100,101,32,121,111,117,32,119,105,116,104,32,97,32,112,111,119,101,114,102,117,108,32,97,110,100,32,101,102,102,101,99,116,105,118,101,32,99,108,101,97,110,46,84,104,114,101,101,32,112,111,119,101,114,102,117,108,32,99,108,101,97,110,105,110,103,32,109,111,100,101,115,44,66,117,105,108,116,45,105,110,32,116,105,109,101,114,32,102,111,114,32
99,111,110,118,101,110,105,101,110,99,101,44,83,111,102,116,45,116,97,112,101,114,101,100,32,98,114,105,115,116,108,101,115,32,102,111,114,32,101,102,102,101,99,116,105,118,101,32,99,108,101,97,110,105,110,103,44,77,111,100,101,32,109,101,109,111,114,121,32,116,111,32,115,117,105,116,32,121,111,117,114,32,98,114,117,115,104,105,110,103,32,110,101,101,100,115,46,92,117,48,48,51,99,109,101,116,97,32,99,104,97,114,115,101,116,61,92,34,117,116,102,45,56,92,34,92,117,48
48,51,101,92,117,48,48,51,99,115,112,97,110,92,117,48,48,51,101,87,104,101,116,104,101,114,32,121,111,117,32,97,114,101,32,97,102,116,101,114,32,97,32,71,101,110,116,108,101,44,32,73,110,116,101,110,115,101,32,111,114,32,69,118,101,114,121,100,97,121,32,67,108,101,97,110,44,32,116,104,101,32,72,105,115,109,105,108,101,32,69,108,101,99,116,114,105,99,32,84,111,111,116,104,98,114,117,115,104,32,105,110,99,108,117,100,101,115,32,97,32,99,111,109,98,105,110,97
116,105,111,110,32,111,102,32,98,114,117,115,104,105,110,103,32,115,101,116,116,105,110,103,115,32,116,111,32,103,105,118,101,32,121,111,117,32,116,104,101,32,109,111,115,116,32,101,102,102,101,99,116,105,118,101,32,99,108,101,97,110,46,92,117,48,48,51,99,92,47,115,112,97,110,92,117,48,48,51,101,92,117,48,48,51,99,92,47,112,92,117,48,48,51,101,34,44,34,112,117,98,108,105,115,104,101,100,95,97,116,34,58,34,50,48,50,54,45,48,54,45,48,50,84,48,57,58
48,51,58,48,48,43,49,48,58,48,48,34,44,34,99,114,101,97,116,101,100,95,97,116,34,58,34,50,48,50,54,45,48,53,45,50,50,84,49,49,58,50,56,58,52,51,43,49,48,58,48,48,34,44,34,117,112,100,97,116,101,100,95,97,116,34,58,34,50,48,50,54,45,48,54,45,50,55,84,48,54,58,51,51,58,52,51,43,49,48,58,48,48,34,44,34,118,101,110,100,111,114,34,58,34,104,105,115,109,105,108,101,95,100,101,118,34,44,34,112,114,111,100,117,99,116,95,116
121,112,101,34,58,34,34,44,34,116,97,103,115,34,58,91,93,44,34,118,97,114,105,97,110,116,115,34,58,91,123,34,105,100,34,58,52,50,52,56,48,49,57,51,51,48,54,54,57,57,44,34,116,105,116,108,101,34,58,34,68,101,102,97,117,108,116,32,84,105,116,108,101,34,44,34,111,112,116,105,111,110,49,34,58,34,68,101,102,97,117,108,116,32,84,105,116,108,101,34,44,34,111,112,116,105,111,110,50,34,58,110,117,108,108,44,34,111,112,116,105,111,110,51,34,58,110,117
108,108,44,34,115,107,117,34,58,34,52,49,48,48,56,45,69,84,45,79,82,34,44,34,114,101,113,117,105,114,101,115,95,115,104,105,112,112,105,110,103,34,58,116,114,117,101,44,34,116,97,120,97,98,108,101,34,58,116,114,117,101,44,34,102,101,97,116,117,114,101,100,95,105,109,97,103,101,34,58,110,117,108,108,44,34,97,118,97,105,108,97,98,108,101,34,58,116,114,117,101,44,34,112,114,105,99,101,34,58,34,53,57,46,48,48,34,44,34,103,114,97,109,115,34,58,51,48
48,44,34,99,111,109,112,97,114,101,95,97,116,95,112,114,105,99,101,34,58,110,117,108,108,44,34,112,111,115,105,116,105,111,110,34,58,49,44,34,112,114,111,100,117,99,116,95,105,100,34,58,55,55,53,54,48,55,57,52,51,49,55,53,53,44,34,99,114,101,97,116,101,100,95,97,116,34,58,34,50,48,50,54,45,48,53,45,50,50,84,49,49,58,50,56,58,52,52,43,49,48,58,48,48,34,44,34,117,112,100,97,116,101,100,95,97,116,34,58,34,50,48,50,54,45,48,54
45,50,55,84,48,54,58,51,51,58,52,51,43,49,48,58,48,48,34,125,93,44,34,105,109,97,103,101,115,34,58,91,123,34,105,100,34,58,51,53,51,56,50,53,51,49,48,57,54,54,53,49,44,34,99,114,101,97,116,101,100,95,97,116,34,58,34,50,48,50,54,45,48,53,45,50,50,84,49,49,58,50,56,58,52,52,43,49,48,58,48,48,34,44,34,112,111,115,105,116,105,111,110,34,58,49,44,34,117,112,100,97,116,101,100,95,97,116,34,58,34,50,48,50,54,45,48,53
45,50,50,84,49,49,58,50,56,58,52,53,43,49,48,58,48,48,34,44,34,112,114,111,100,117,99,116,95,105,100,34,58,55,55,53,54,48,55,57,52,51,49,55,53,53,44,34,118,97,114,105,97,110,116,95,105,100,115,34,58,91,93,44,34,115,114,99,34,58,34,104,116,116,112,115,58,92,47,92,47,99,100,110,46,115,104,111,112,105,102,121,46,99,111,109,92,47,115,92,47,102,105,108,101,115,92,47,49,92,47,49,53,50,53,92,47,57,55,54,54,92,47,102,105,108,101,115
92,47,69,84,66,66,114,105,103,104,116,82,101,100,45,83,105,110,103,108,101,45,67,111,108,108,101,99,116,105,111,110,115,95,51,99,51,55,98,48,53,49,45,97,50,51,51,45,52,51,50,51,45,97,100,55,99,45,48,56,98,53,101,56,49,51,57,101,50,49,46,112,110,103,63,118,61,49,55,55,57,52,49,51,51,50,53,34,44,34,119,105,100,116,104,34,58,49,48,52,49,44,34,104,101,105,103,104,116,34,58,49,48,52,49,125,93,44,34,111,112,116,105,111,110,115,34,58
91,123,34,110,97,109,101,34,58,34,84,105,116,108,101,34,44,34,112,111,115,105,116,105,111,110,34,58,49,44,34,118,97,108,117,101,115,34,58,91,34,68,101,102,97,117,108,116,32,84,105,116,108,101,34,93,125,93,125,44,123,34,105,100,34,58,55,55,53,54,48,55,57,51,57,56,57,56,55,44,34,116,105,116,108,101,34,58,34,84,104,101,32,83,105,109,112,115,111,110,115,32,80,105,110,107,32,68,111,110,117,116,32,84,111,111,116,104,112,97,115,116,101,34,44,34,104,97
110,100,108,101,34,58,34,116,104,101,45,115,105,109,112,115,111,110,115,45,112,105,110,107,45,100,111,110,117,116,45,116,111,111,116,104,112,97,115,116,101,34,44,34,98,111,100,121,95,104,116,109,108,34,58,34,92,117,48,48,51,99,100,105,118,32,100,97,116,97,45,118,45,54,53,51,97,56,57,97,52,61,92,34,92,34,32,99,108,97,115,115,61,92,34,112,114,111,100,117,99,116,45,100,101,115,99,114,105,112,116,105,111,110,95,95,116,105,116,108,101,92,34,92,117,48,48,51
101,68,39,111,104,45,108,105,103,104,116,102,117,108,108,121,32,100,101,108,105,99,105,111,117,115,46,84,104,105,115,32,105,115,32,98,114,117,115,104,105,110,103,32,119,105,116,104,32,97,32,98,105,116,101,46,32,84,104,101,32,83,105,109,112,115,111,110,115,32,80,105,110,107,32,68,111,110,117,116,32,84,111,111,116,104,112,97,115,116,101,32,99,97,112,116,117,114,101,115,32,116,104,97,116,32,115,119,101,101,116,44,32,102,114,111,115,116,101,100,32,100,111,110,117,116,32,102
108,97,118,111,117,114,32,121,111,117,32,107,110,111,119,32,97,110,100,32,108,111,118,101,44,32,114,101,105,109,97,103,105,110,101,100,32,102,111,114,32,121,111,117,114,32,115,109,105,108,101,46,32,82,105,99,104,44,32,99,114,101,97,109,121,32,97,110,100,32,105,110,115,116,97,110,116,108,121,32,114,101,99,111,103,110,105,115,97,98,108,101,44,32,105,116,32,100,101,108,105,118,101,114,115,32,97,32,112,108,97,121,102,117,108,32,112,117,110,99,104,32,111,102,32,100,101,115
115,101,114,116,45,105,110,115,112,105,114,101,100,32,102,108,97,118,111,117,114,32,119,105,116,104,32,101,118,101,114,121,32,98,114,117,115,104,46,32,73,116,226,128,153,115,32,98,111,108,100,44,32,102,117,110,32,97,110,100,32,105,109,112,111,115,115,105,98,108,101,32,110,111,116,32,116,111,32,103,114,105,110,32,97,98,111,117,116,46,194,160,70,108,97,118,111,117,114,32,119,105,116,104,32,97,32,98,117,114,115,116,32,111,102,32,102,114,101,115,104,110,101,115,115,46,194,160
70,108,117,111,114,105,100,101,43,32,102,111,114,109,117,108,97,32,102,111,114,32,97,110,32,101,102,102,101,99,116,105,118,101,32,99,108,101,97,110,46,194,160,76,111,110,103,45,108,97,115,116,105,110,103,32,115,109,105,108,101,45,99,97,114,101,46,32,92,117,48,48,51,99,109,101,116,97,32,99,104,97,114,115,101,116,61,92,34,117,116,102,45,56,92,34,92,117,48,48,51,101,92,110,92,117,48,48,51,99,115,112,97,110,92,117,48,48,51,101,73,116,226,128,153,115,32,101
118,101,114,121,116,104,105,110,103,32,121,111,117,32,108,111,118,101,32,97,98,111,117,116,32,116,104,97,116,32,105,99,111,110,105,99,32,112,105,110,107,32,100,111,110,117,116,44,32,110,111,119,32,109,97,100,101,32,102,111,114,32,98,114,117,115,104,105,110,103,46,32,84,104,101,32,115,119,101,101,116,44,32,102,114,111,115,116,105,110,103,45,105,110,115,112,105,114,101,100,32,102,108,97,118,111,117,114,32,116,117,114,110,115,32,121,111,117,114,32,114,111,117,116,105,110,101,32
105,110,116,111,32,115,111,109,101,116,104,105,110,103,32,119,97,121,32,109,111,114,101,32,102,117,110,32,119,104,105,108,101,32,115,116,105,108,108,32,100,101,108,105,118,101,114,105,110,103,32,97,32,112,111,119,101,114,102,117,108,32,99,108,101,97,110,46,32,73,116,226,128,153,115,32,110,111,115,116,97,108,103,105,99,44,32,112,108,97,121,102,117,108,32,97,110,100,32,103,117,97,114,97,110,116,101,101,100,32,116,111,32,109,97,107,101,32,121,111,117,32,115,97,121,32,226,128
156,109,109,109,226,128,166,32,100,111,110,117,116,115,226,128,157,32,101,118,101,114,121,32,116,105,109,101,32,121,111,117,32,98,114,117,115,104,46,92,117,48,48,51,99,92,47,115,112,97,110,92,117,48,48,51,101,92,110,92,117,48,48,51,99,92,47,100,105,118,92,117,48,48,51,101,34,44,34,112,117,98,108,105,115,104,101,100,95,97,116,34,58,34,50,48,50,54,45,48,54,45,48,50,84,48,57,58,48,51,58,48,48,43,49,48,58,48,48,34,44,34,99,114,101,97,116,101
100,95,97,116,34,58,34,50,48,50,54,45,48,53,45,50,50,84,49,49,58,50,56,58,52,51,43,49,48,58,48,48,34,44,34,117,112,100,97,116,101,100,95,97,116,34,58,34,50,48,50,54,45,48,54,45,50,55,84,48,54,58,51,51,58,52,51,43,49,48,58,48,48,34,44,34,118,101,110,100,111,114,34,58,34,104,105,115,109,105,108,101,95,100,101,118,34,44,34,112,114,111,100,117,99,116,95,116,121,112,101,34,58,34,34,44,34,116,97,103,115,34,58,91,93,44,34,118
97,114,105,97,110,116,115,34,58,91,123,34,105,100,34,58,52,50,52,56,48,49,57,51,50,55,51,57,51,49,44,34,116,105,116,108,101,34,58,34,68,101,102,97,117,108,116,32,84,105,116,108,101,34,44,34,111,112,116,105,111,110,49,34,58,34,68,101,102,97,117,108,116,32,84,105,116,108,101,34,44,34,111,112,116,105,111,110,50,34,58,110,117,108,108,44,34,111,112,116,105,111,110,51,34,58,110,117,108,108,44,34,115,107,117,34,58,34,57,48,48,49,49,45,83,68,34,44
34,114,101,113,117,105,114,101,115,95,115,104,105,112,112,105,110,103,34,58,116,114,117,101,44,34,116,97,120,97,98,108,101,34,58,116,114,117,101,44,34,102,101,97,116,117,114,101,100,95,105,109,97,103,101,34,58,110,117,108,108,44,34,97,118,97,105,108,97,98,108,101,34,58,116,114,117,101,44,34,112,114,105,99,101,34,58,34,49,51,46,48,48,34,44,34,103,114,97,109,115,34,58,49,51,48,44,34,99,111,109,112,97,114,101,95,97,116,95,112,114,105,99,101,34,58,110,117
108,108,44,34,112,111,115,105,116,105,111,110,34,58,49,44,34,112,114,111,100,117,99,116,95,105,100,34,58,55,55,53,54,48,55,57,51,57,56,57,56,55,44,34,99,114,101,97,116,101,100,95,97,116,34,58,34,50,48,50,54,45,48,53,45,50,50,84,49,49,58,50,56,58,52,51,43,49,48,58,48,48,34,44,34,117,112,100,97,116,101,100,95,97,116,34,58,34,50,48,50,54,45,48,54,45,50,55,84,48,54,58,51,51,58,52,51,43,49,48,58,48,48,34,125,93,44,34
105,109,97,103,101,115,34,58,91,123,34,105,100,34,58,51,53,51,56,50,53,51,49,48,54,51,56,56,51,44,34,99,114,101,97,116,101,100,95,97,116,34,58,34,50,48,50,54,45,48,53,45,50,50,84,49,49,58,50,56,58,52,51,43,49,48,58,48,48,34,44,34,112,111,115,105,116,105,111,110,34,58,49,44,34,117,112,100,97,116,101,100,95,97,116,34,58,34,50,48,50,54,45,48,53,45,50,50,84,49,49,58,50,56,58,52,53,43,49,48,58,48,48,34,44,34,112,114
111,100,117,99,116,95,105,100,34,58,55,55,53,54,48,55,57,51,57,56,57,56,55,44,34,118,97,114,105,97,110,116,95,105,100,115,34,58,91,93,44,34,115,114,99,34,58,34,104,116,116,112,115,58,92,47,92,47,99,100,110,46,115,104,111,112,105,102,121,46,99,111,109,92,47,115,92,47,102,105,108,101,115,92,47,49,92,47,49,53,50,53,92,47,57,55,54,54,92,47,102,105,108,101,115,92,47,67,111,108,108,101,99,116,105,111,110,45,67,97,114,116,45,83,105,109,112,115
111,110,115,80,105,110,107,68,111,110,117,116,49,48,48,103,46,112,110,103,63,118,61,49,55,55,57,52,49,51,51,50,53,34,44,34,119,105,100,116,104,34,58,57,48,48,44,34,104,101,105,103,104,116,34,58,57,48,48,125,93,44,34,111,112,116,105,111,110,115,34,58,91,123,34,110,97,109,101,34,58,34,84,105,116,108,101,34,44,34,112,111,115,105,116,105,111,110,34,58,49,44,34,118,97,108,117,101,115,34,58,91,34,68,101,102,97,117,108,116,32,84,105,116,108,101,34,93
125,93,125,44,123,34,105,100,34,58,55,55,53,54,48,55,57,51,51,51,52,53,49,44,34,116,105,116,108,101,34,58,34,66,108,117,101,32,82,97,115,112,98,101,114,114,121,32,84,111,111,116,104,112,97,115,116,101,34,44,34,104,97,110,100,108,101,34,58,34,98,108,117,101,45,114,97,115,112,98,101,114,114,121,45,116,111,111,116,104,112,97,115,116,101,34,44,34,98,111,100,121,95,104,116,109,108,34,58,34,92,117,48,48,51,99,112,32,99,108,97,115,115,61,92,34,112,114
111,100,117,99,116,45,100,101,115,99,114,105,112,116,105,111,110,95,95,116,105,116,108,101,32,104,49,92,34,92,117,48,48,51,101,66,117,114,115,116,105,110,103,32,102,111,114,32,115,111,109,101,32,66,108,117,101,32,82,97,115,112,98,101,114,114,121,63,194,160,79,117,114,32,109,111,115,116,45,104,121,112,101,100,32,102,108,97,118,111,117,114,32,105,115,32,104,101,114,101,44,32,97,110,100,32,105,116,32,104,97,115,32,116,111,32,98,101,32,116,97,115,116,101,100,32,116,111
32,98,101,32,98,101,108,105,101,118,101,100,46,32,69,110,106,111,121,32,116,104,101,32,112,101,114,102,101,99,116,32,109,105,120,32,111,102,32,97,32,100,101,108,105,99,105,111,117,115,32,98,117,114,115,116,32,111,102,32,102,108,97,118,111,117,114,44,32,97,110,100,32,115,117,114,112,114,105,115,101,32,121,111,117,114,32,116,97,115,116,101,98,117,100,115,32,119,105,116,104,32,66,108,117,101,32,82,97,115,112,98,101,114,114,121,46,32,84,104,105,115,32,105,114,114,101,115
105,115,116,105,98,108,101,32,98,108,101,110,100,32,111,102,32,121,111,117,114,32,102,97,118,111,117,114,105,116,101,32,98,101,114,114,105,101,115,32,119,105,108,108,32,107,101,101,112,32,121,111,117,32,99,111,109,105,110,103,32,98,97,99,107,32,102,111,114,32,109,111,114,101,46,194,160,70,108,97,118,111,117,114,32,119,105,116,104,32,97,32,98,117,114,115,116,32,111,102,32,102,114,101,115,104,110,101,115,115,46,194,160,70,108,117,111,114,105,100,101,43,32,102,111,114,109,117
108,97,32,102,111,114,32,97,110,32,101,102,102,101,99,116,105,118,101,32,99,108,101,97,110,46,194,160,76,111,110,103,32,108,97,115,116,105,110,103,32,115,109,105,108,101,45,99,97,114,101,46,32,92,117,48,48,51,99,109,101,116,97,32,99,104,97,114,115,101,116,61,92,34,117,116,102,45,56,92,34,92,117,48,48,51,101,92,117,48,48,51,99,115,112,97,110,92,117,48,48,51,101,72,105,115,109,105,108,101,32,70,108,97,118,111,117,114,101,100,32,84,111,111,116,104,112,97
115,116,101,32,102,101,101,108,115,32,97,110,100,32,116,97,115,116,101,115,32,108,105,107,101,32,97,32,116,114,101,97,116,32,102,111,114,32,121,111,117,114,32,116,101,101,116,104,32,45,32,50,32,109,105,110,117,116,101,115,32,119,105,108,108,32,110,101,118,101,114,32,98,101,32,101,110,111,117,103,104,46,32,77,117,108,116,105,112,108,101,32,112,114,111,116,101,99,116,105,111,110,32,45,32,111,117,114,32,70,108,117,111,114,105,100,101,43,32,102,111,114,109,117,108,97,32,104
97,115,32,98,101,101,110,32,100,101,118,101,108,111,112,101,100,32,119,105,116,104,32,105,110,103,114,101,100,105,101,110,116,115,32,102,111,114,32,97,32,108,111,110,103,32,108,97,115,116,105,110,103,32,115,109,105,108,101,46,92,117,48,48,51,99,92,47,115,112,97,110,92,117,48,48,51,101,92,117,48,48,51,99,92,47,112,92,117,48,48,51,101,34,44,34,112,117,98,108,105,115,104,101,100,95,97,116,34,58,34,50,48,50,54,45,48,54,45,48,50,84,48,57,58,48,50,58
53,57,43,49,48,58,48,48,34,44,34,99,114,101,97,116,101,100,95,97,116,34,58,34,50,48,50,54,45,48,53,45,50,50,84,49,49,58,50,56,58,52,49,43,49,48,58,48,48,34,44,34,117,112,100,97,116,101,100,95,97,116,34,58,34,50,48,50,54,45,48,54,45,50,55,84,48,54,58,51,51,58,52,51,43,49,48,58,48,48,34,44,34,118,101,110,100,111,114,34,58,34,104,105,115,109,105,108,101,95,100,101,118,34,44,34,112,114,111,100,117,99,116,95,116,121,112,101
34,58,34,34,44,34,116,97,103,115,34,58,91,93,44,34,118,97,114,105,97,110,116,115,34,58,91,123,34,105,100,34,58,52,50,52,56,48,49,57,51,50,48,56,51,57,53,44,34,116,105,116,108,101,34,58,34,68,101,102,97,117,108,116,32,84,105,116,108,101,34,44,34,111,112,116,105,111,110,49,34,58,34,68,101,102,97,117,108,116,32,84,105,116,108,101,34,44,34,111,112,116,105,111,110,50,34,58,110,117,108,108,44,34,111,112,116,105,111,110,51,34,58,110,117,108,108,44
34,115,107,117,34,58,34,57,48,48,48,53,45,66,82,34,44,34,114,101,113,117,105,114,101,115,95,115,104,105,112,112,105,110,103,34,58,116,114,117,101,44,34,116,97,120,97,98,108,101,34,58,116,114,117,101,44,34,102,101,97,116,117,114,101,100,95,105,109,97,103,101,34,58,110,117,108,108,44,34,97,118,97,105,108,97,98,108,101,34,58,116,114,117,101,44,34,112,114,105,99,101,34,58,34,49,49,46,48,48,34,44,34,103,114,97,109,115,34,58,49,51,48,44,34,99,111,109
112,97,114,101,95,97,116,95,112,114,105,99,101,34,58,110,117,108,108,44,34,112,111,115,105,116,105,111,110,34,58,49,44,34,112,114,111,100,117,99,116,95,105,100,34,58,55,55,53,54,48,55,57,51,51,51,52,53,49,44,34,99,114,101,97,116,101,100,95,97,116,34,58,34,50,48,50,54,45,48,53,45,50,50,84,49,49,58,50,56,58,52,49,43,49,48,58,48,48,34,44,34,117,112,100,97,116,101,100,95,97,116,34,58,34,50,48,50,54,45,48,54,45,50,55,84,48,54
58,51,51,58,52,51,43,49,48,58,48,48,34,125,93,44,34,105,109,97,103,101,115,34,58,91,123,34,105,100,34,58,51,53,51,56,50,53,51,48,57,57,56,51,52,55,44,34,99,114,101,97,116,101,100,95,97,116,34,58,34,50,48,50,54,45,48,53,45,50,50,84,49,49,58,50,56,58,52,49,43,49,48,58,48,48,34,44,34,112,111,115,105,116,105,111,110,34,58,49,44,34,117,112,100,97,116,101,100,95,97,116,34,58,34,50,48,50,54,45,48,53,45,50,50,84,49,49
58,50,56,58,52,51,43,49,48,58,48,48,34,44,34,112,114,111,100,117,99,116,95,105,100,34,58,55,55,53,54,48,55,57,51,51,51,52,53,49,44,34,118,97,114,105,97,110,116,95,105,100,115,34,58,91,93,44,34,115,114,99,34,58,34,104,116,116,112,115,58,92,47,92,47,99,100,110,46,115,104,111,112,105,102,121,46,99,111,109,92,47,115,92,47,102,105,108,101,115,92,47,49,92,47,49,53,50,53,92,47,57,55,54,54,92,47,102,105,108,101,115,92,47,67,111,108,108
101,99,116,105,111,110,95,45,95,67,97,114,116,95,45,95,66,108,117,101,95,82,97,115,112,98,101,114,114,121,95,49,48,48,103,46,112,110,103,63,118,61,49,55,55,57,52,49,51,51,50,51,34,44,34,119,105,100,116,104,34,58,57,48,48,44,34,104,101,105,103,104,116,34,58,57,48,48,125,93,44,34,111,112,116,105,111,110,115,34,58,91,123,34,110,97,109,101,34,58,34,84,105,116,108,101,34,44,34,112,111,115,105,116,105,111,110,34,58,49,44,34,118,97,108,117,101,115
34,58,91,34,68,101,102,97,117,108,116,32,84,105,116,108,101,34,93,125,93,125,44,123,34,105,100,34,58,55,55,53,54,48,55,57,51,48,48,54,56,51,44,34,116,105,116,108,101,34,58,34,67,108,97,115,115,105,99,32,77,105,110,116,32,84,111,111,116,104,112,97,115,116,101,34,44,34,104,97,110,100,108,101,34,58,34,99,108,97,115,115,105,99,45,109,105,110,116,45,116,111,111,116,104,112,97,115,116,101,34,44,34,98,111,100,121,95,104,116,109,108,34,58,34,92,117,48
48,51,99,112,32,99,108,97,115,115,61,92,34,112,114,111,100,117,99,116,45,100,101,115,99,114,105,112,116,105,111,110,95,95,116,105,116,108,101,32,104,49,92,34,92,117,48,48,51,101,67,111,109,109,105,116,116,101,100,32,116,111,32,109,105,110,116,63,87,104,97,116,39,115,32,105,116,32,108,105,107,101,32,119,104,101,110,32,121,111,117,32,98,114,117,115,104,32,119,105,116,104,32,67,108,97,115,115,105,99,32,77,105,110,116,63,32,73,116,39,115,32,99,108,101,97,110,44
32,99,111,111,108,32,97,110,100,32,101,120,97,99,116,108,121,32,119,104,97,116,32,98,114,117,115,104,105,110,103,32,115,104,111,117,108,100,32,102,101,101,108,32,108,105,107,101,46,32,65,32,116,105,109,101,108,101,115,115,32,98,117,114,115,116,32,111,102,32,102,114,101,115,104,110,101,115,115,32,116,104,97,116,32,119,97,107,101,115,32,121,111,117,32,117,112,44,32,99,108,101,97,114,115,32,121,111,117,32,111,117,116,32,97,110,100,32,108,101,97,118,101,115,32,121,111,117
114,32,109,111,117,116,104,32,102,101,101,108,105,110,103,32,108,105,107,101,32,105,116,32,106,117,115,116,32,104,105,116,32,114,101,115,101,116,46,70,108,97,118,111,117,114,32,119,105,116,104,32,97,32,98,117,114,115,116,32,111,102,32,102,114,101,115,104,110,101,115,115,46,194,160,70,108,117,111,114,105,100,101,43,32,102,111,114,109,117,108,97,32,102,111,114,32,97,110,32,101,102,102,101,99,116,105,118,101,32,99,108,101,97,110,46,194,160,76,111,110,103,32,108,97,115,116,105
110,103,32,115,109,105,108,101,45,99,97,114,101,46,32,92,117,48,48,51,99,109,101,116,97,32,99,104,97,114,115,101,116,61,92,34,117,116,102,45,56,92,34,92,117,48,48,51,101,92,117,48,48,51,99,115,112,97,110,92,117,48,48,51,101,73,116,39,115,32,116,104,101,32,109,105,110,116,32,121,111,117,32,107,110,111,119,44,32,100,111,110,101,32,98,101,116,116,101,114,46,32,67,114,105,115,112,44,32,99,108,101,97,110,32,97,110,100,32,114,101,102,114,101,115,104,105,110
103,32,102,114,111,109,32,116,104,101,32,102,105,114,115,116,32,98,114,117,115,104,32,116,111,32,116,104,101,32,108,97,115,116,44,32,98,101,99,97,117,115,101,32,115,111,109,101,32,99,108,97,115,115,105,99,115,32,101,120,105,115,116,32,102,111,114,32,97,32,114,101,97,115,111,110,46,32,78,111,32,102,117,115,115,44,32,110,111,32,103,105,109,109,105,99,107,115,46,32,74,117,115,116,32,97,32,115,109,111,111,116,104,44,32,99,111,111,108,105,110,103,32,109,105,110,116,32
102,108,97,118,111,117,114,32,116,104,97,116,32,109,97,107,101,115,32,101,118,101,114,121,32,98,114,117,115,104,32,102,101,101,108,32,101,102,102,111,114,116,108,101,115,115,46,92,117,48,48,51,99,92,47,115,112,97,110,92,117,48,48,51,101,92,117,48,48,51,99,92,47,112,92,117,48,48,51,101,34,44,34,112,117,98,108,105,115,104,101,100,95,97,116,34,58,34,50,48,50,54,45,48,54,45,48,50,84,48,57,58,48,50,58,53,57,43,49,48,58,48,48,34,44,34,99,114
101,97,116,101,100,95,97,116,34,58,34,50,48,50,54,45,48,53,45,50,50,84,49,49,58,50,56,58,52,48,43,49,48,58,48,48,34,44,34,117,112,100,97,116,101,100,95,97,116,34,58,34,50,48,50,54,45,48,54,45,50,55,84,48,54,58,51,51,58,52,51,43,49,48,58,48,48,34,44,34,118,101,110,100,111,114,34,58,34,104,105,115,109,105,108,101,95,100,101,118,34,44,34,112,114,111,100,117,99,116,95,116,121,112,101,34,58,34,34,44,34,116,97,103,115,34,58,91
93,44,34,118,97,114,105,97,110,116,115,34,58,91,123,34,105,100,34,58,52,50,52,56,48,49,57,51,49,55,53,54,50,55,44,34,116,105,116,108,101,34,58,34,68,101,102,97,117,108,116,32,84,105,116,108,101,34,44,34,111,112,116,105,111,110,49,34,58,34,68,101,102,97,117,108,116,32,84,105,116,108,101,34,44,34,111,112,116,105,111,110,50,34,58,110,117,108,108,44,34,111,112,116,105,111,110,51,34,58,110,117,108,108,44,34,115,107,117,34,58,34,57,48,48,48,52,45
77,78,34,44,34,114,101,113,117,105,114,101,115,95,115,104,105,112,112,105,110,103,34,58,116,114,117,101,44,34,116,97,120,97,98,108,101,34,58,116,114,117,101,44,34,102,101,97,116,117,114,101,100,95,105,109,97,103,101,34,58,110,117,108,108,44,34,97,118,97,105,108,97,98,108,101,34,58,116,114,117,101,44,34,112,114,105,99,101,34,58,34,49,49,46,48,48,34,44,34,103,114,97,109,115,34,58,49,51,48,44,34,99,111,109,112,97,114,101,95,97,116,95,112,114,105,99,101
34,58,110,117,108,108,44,34,112,111,115,105,116,105,111,110,34,58,49,44,34,112,114,111,100,117,99,116,95,105,100,34,58,55,55,53,54,48,55,57,51,48,48,54,56,51,44,34,99,114,101,97,116,101,100,95,97,116,34,58,34,50,48,50,54,45,48,53,45,50,50,84,49,49,58,50,56,58,52,48,43,49,48,58,48,48,34,44,34,117,112,100,97,116,101,100,95,97,116,34,58,34,50,48,50,54,45,48,54,45,50,55,84,48,54,58,51,51,58,52,51,43,49,48,58,48,48,34
125,93,44,34,105,109,97,103,101,115,34,58,91,123,34,105,100,34,58,51,53,51,56,50,53,51,48,57,54,53,53,55,57,44,34,99,114,101,97,116,101,100,95,97,116,34,58,34,50,48,50,54,45,48,53,45,50,50,84,49,49,58,50,56,58,52,48,43,49,48,58,48,48,34,44,34,112,111,115,105,116,105,111,110,34,58,49,44,34,117,112,100,97,116,101,100,95,97,116,34,58,34,50,48,50,54,45,48,53,45,50,50,84,49,49,58,50,56,58,52,50,43,49,48,58,48,48,34
44,34,112,114,111,100,117,99,116,95,105,100,34,58,55,55,53,54,48,55,57,51,48,48,54,56,51,44,34,118,97,114,105,97,110,116,95,105,100,115,34,58,91,93,44,34,115,114,99,34,58,34,104,116,116,112,115,58,92,47,92,47,99,100,110,46,115,104,111,112,105,102,121,46,99,111,109,92,47,115,92,47,102,105,108,101,115,92,47,49,92,47,49,53,50,53,92,47,57,55,54,54,92,47,102,105,108,101,115,92,47,67,111,108,108,101,99,116,105,111,110,45,67,97,114,116,45,67
108,97,115,115,105,99,77,105,110,116,49,48,48,103,46,112,110,103,63,118,61,49,55,55,57,52,49,51,51,50,50,34,44,34,119,105,100,116,104,34,58,57,48,48,44,34,104,101,105,103,104,116,34,58,57,48,48,125,93,44,34,111,112,116,105,111,110,115,34,58,91,123,34,110,97,109,101,34,58,34,84,105,116,108,101,34,44,34,112,111,115,105,116,105,111,110,34,58,49,44,34,118,97,108,117,101,115,34,58,91,34,68,101,102,97,117,108,116,32,84,105,116,108,101,34,93,125,93
125,44,123,34,105,100,34,58,55,55,53,54,48,55,57,50,54,55,57,49,53,44,34,116,105,116,108,101,34,58,34,83,116,114,97,119,98,101,114,114,121,32,84,111,111,116,104,112,97,115,116,101,34,44,34,104,97,110,100,108,101,34,58,34,115,116,114,97,119,98,101,114,114,121,45,116,111,111,116,104,112,97,115,116,101,34,44,34,98,111,100,121,95,104,116,109,108,34,58,34,92,117,48,48,51,99,112,32,99,108,97,115,115,61,92,34,112,114,111,100,117,99,116,45,100,101,115,99
114,105,112,116,105,111,110,95,95,116,105,116,108,101,32,104,49,92,34,92,117,48,48,51,101,65,32,115,117,99,107,101,114,32,102,111,114,32,83,116,114,97,119,98,101,114,114,121,63,194,160,84,104,101,32,115,119,101,101,116,32,116,97,115,116,101,32,111,102,32,115,116,114,97,119,98,101,114,114,121,44,32,99,111,109,98,105,110,101,100,32,119,105,116,104,32,97,32,100,111,108,108,111,112,32,111,102,32,99,114,101,97,109,121,32,100,101,108,105,99,105,111,117,115,110,101,115,115
44,32,116,104,105,115,32,102,108,97,118,111,117,114,32,119,105,108,108,32,115,97,116,105,115,102,121,32,121,111,117,114,32,116,97,115,116,101,98,117,100,115,46,32,80,117,99,107,101,114,32,117,112,32,102,111,114,32,97,32,116,97,115,116,101,32,111,104,45,115,111,32,115,119,101,101,116,44,32,116,104,97,116,32,121,111,117,226,128,153,108,108,32,98,101,32,104,101,97,100,32,111,118,101,114,32,104,101,101,108,115,32,119,105,116,104,32,116,104,105,115,32,102,108,97,118,111,117
114,32,97,102,116,101,114,32,106,117,115,116,32,111,110,101,32,98,114,117,115,104,46,194,160,70,108,97,118,111,117,114,32,119,105,116,104,32,97,32,98,117,114,115,116,32,111,102,32,102,114,101,115,104,110,101,115,115,46,194,160,70,108,117,111,114,105,100,101,43,32,102,111,114,109,117,108,97,32,102,111,114,32,97,110,32,101,102,102,101,99,116,105,118,101,32,99,108,101,97,110,46,194,160,76,111,110,103,32,108,97,115,116,105,110,103,32,115,109,105,108,101,45,99,97,114,101,46
32,92,117,48,48,51,99,109,101,116,97,32,99,104,97,114,115,101,116,61,92,34,117,116,102,45,56,92,34,92,117,48,48,51,101,92,117,48,48,51,99,115,112,97,110,92,117,48,48,51,101,72,105,115,109,105,108,101,32,70,108,97,118,111,117,114,101,100,32,84,111,111,116,104,112,97,115,116,101,32,102,101,101,108,115,32,97,110,100,32,116,97,115,116,101,115,32,108,105,107,101,32,97,32,116,114,101,97,116,32,102,111,114,32,121,111,117,114,32,116,101,101,116,104,32,45,32,50
32,109,105,110,117,116,101,115,32,119,105,108,108,32,110,101,118,101,114,32,98,101,32,101,110,111,117,103,104,46,32,77,117,108,116,105,112,108,101,32,112,114,111,116,101,99,116,105,111,110,32,45,32,111,117,114,32,70,108,117,111,114,105,100,101,43,32,102,111,114,109,117,108,97,32,104,97,115,32,98,101,101,110,32,100,101,118,101,108,111,112,101,100,32,119,105,116,104,32,105,110,103,114,101,100,105,101,110,116,115,32,102,111,114,32,97,32,108,111,110,103,32,108,97,115,116,105,110
103,32,115,109,105,108,101,46,92,117,48,48,51,99,92,47,115,112,97,110,92,117,48,48,51,101,92,117,48,48,51,99,92,47,112,92,117,48,48,51,101,34,44,34,112,117,98,108,105,115,104,101,100,95,97,116,34,58,34,50,48,50,54,45,48,54,45,48,50,84,48,57,58,48,50,58,53,57,43,49,48,58,48,48,34,44,34,99,114,101,97,116,101,100,95,97,116,34,58,34,50,48,50,54,45,48,53,45,50,50,84,49,49,58,50,56,58,51,57,43,49,48,58,48,48,34,44,34
117,112,100,97,116,101,100,95,97,116,34,58,34,50,48,50,54,45,48,54,45,50,55,84,48,54,58,51,51,58,52,51,43,49,48,58,48,48,34,44,34,118,101,110,100,111,114,34,58,34,104,105,115,109,105,108,101,95,100,101,118,34,44,34,112,114,111,100,117,99,116,95,116,121,112,101,34,58,34,34,44,34,116,97,103,115,34,58,91,93,44,34,118,97,114,105,97,110,116,115,34,58,91,123,34,105,100,34,58,52,50,52,56,48,49,57,51,49,52,50,56,53,57,44,34,116,105,116
108,101,34,58,34,68,101,102,97,117,108,116,32,84,105,116,108,101,34,44,34,111,112,116,105,111,110,49,34,58,34,68,101,102,97,117,108,116,32,84,105,116,108,101,34,44,34,111,112,116,105,111,110,50,34,58,110,117,108,108,44,34,111,112,116,105,111,110,51,34,58,110,117,108,108,44,34,115,107,117,34,58,34,57,48,48,48,51,45,83,84,34,44,34,114,101,113,117,105,114,101,115,95,115,104,105,112,112,105,110,103,34,58,116,114,117,101,44,34,116,97,120,97,98,108,101,34,58
116,114,117,101,44,34,102,101,97,116,117,114,101,100,95,105,109,97,103,101,34,58,110,117,108,108,44,34,97,118,97,105,108,97,98,108,101,34,58,116,114,117,101,44,34,112,114,105,99,101,34,58,34,49,49,46,48,48,34,44,34,103,114,97,109,115,34,58,49,51,48,44,34,99,111,109,112,97,114,101,95,97,116,95,112,114,105,99,101,34,58,110,117,108,108,44,34,112,111,115,105,116,105,111,110,34,58,49,44,34,112,114,111,100,117,99,116,95,105,100,34,58,55,55,53,54,48,55
57,50,54,55,57,49,53,44,34,99,114,101,97,116,101,100,95,97,116,34,58,34,50,48,50,54,45,48,53,45,50,50,84,49,49,58,50,56,58,51,57,43,49,48,58,48,48,34,44,34,117,112,100,97,116,101,100,95,97,116,34,58,34,50,48,50,54,45,48,54,45,50,55,84,48,54,58,51,51,58,52,51,43,49,48,58,48,48,34,125,93,44,34,105,109,97,103,101,115,34,58,91,123,34,105,100,34,58,51,53,51,56,50,53,51,48,57,51,50,56,49,49,44,34,99,114,101,97
116,101,100,95,97,116,34,58,34,50,48,50,54,45,48,53,45,50,50,84,49,49,58,50,56,58,51,57,43,49,48,58,48,48,34,44,34,112,111,115,105,116,105,111,110,34,58,49,44,34,117,112,100,97,116,101,100,95,97,116,34,58,34,50,48,50,54,45,48,53,45,50,50,84,49,49,58,50,56,58,52,49,43,49,48,58,48,48,34,44,34,112,114,111,100,117,99,116,95,105,100,34,58,55,55,53,54,48,55,57,50,54,55,57,49,53,44,34,118,97,114,105,97,110,116,95,105,100
115,34,58,91,93,44,34,115,114,99,34,58,34,104,116,116,112,115,58,92,47,92,47,99,100,110,46,115,104,111,112,105,102,121,46,99,111,109,92,47,115,92,47,102,105,108,101,115,92,47,49,92,47,49,53,50,53,92,47,57,55,54,54,92,47,102,105,108,101,115,92,47,67,111,108,108,101,99,116,105,111,110,45,67,97,114,116,45,83,116,114,97,119,98,101,114,114,121,49,48,48,103,95,101,49,102,57,57,102,99,100,45,51,55,55,48,45,52,57,97,101,45,97,97,51,53,45,50
48,98,102,50,54,102,102,50,98,99,54,46,112,110,103,63,118,61,49,55,55,57,52,49,51,51,50,49,34,44,34,119,105,100,116,104,34,58,57,48,48,44,34,104,101,105,103,104,116,34,58,57,48,48,125,93,44,34,111,112,116,105,111,110,115,34,58,91,123,34,110,97,109,101,34,58,34,84,105,116,108,101,34,44,34,112,111,115,105,116,105,111,110,34,58,49,44,34,118,97,108,117,101,115,34,58,91,34,68,101,102,97,117,108,116,32,84,105,116,108,101,34,93,125,93,125,44,123
34,105,100,34,58,55,55,53,54,48,55,57,50,51,53,49,52,55,44,34,116,105,116,108,101,34,58,34,71,114,97,112,101,32,66,117,98,98,108,101,103,117,109,32,84,111,111,116,104,112,97,115,116,101,34,44,34,104,97,110,100,108,101,34,58,34,103,114,97,112,101,45,98,117,98,98,108,101,103,117,109,45,116,111,111,116,104,112,97,115,116,101,34,44,34,98,111,100,121,95,104,116,109,108,34,58,34,92,117,48,48,51,99,112,32,99,108,97,115,115,61,92,34,112,114,111,100,117
99,116,45,100,101,115,99,114,105,112,116,105,111,110,95,95,116,105,116,108,101,32,104,49,92,34,92,117,48,48,51,101,66,117,98,98,108,105,110,103,32,102,111,114,32,71,114,97,112,101,63,194,160,66,117,114,115,116,105,110,103,32,119,105,116,104,32,104,121,112,101,114,45,104,121,100,114,97,116,105,110,103,32,102,114,101,115,104,110,101,115,115,44,32,101,118,101,110,32,116,104,101,32,115,109,97,108,108,101,115,116,32,112,111,112,32,111,102,32,71,114,97,112,101,32,66,117,98
98,108,101,103,117,109,32,99,97,110,32,102,114,101,115,104,101,110,32,117,112,32,116,104,101,32,100,117,108,108,101,115,116,32,115,109,105,108,101,46,32,65,110,100,32,100,111,110,226,128,153,116,32,103,101,116,32,117,115,32,115,116,97,114,116,101,100,32,111,110,32,116,104,101,32,102,108,97,118,111,117,114,46,32,65,110,32,117,98,101,114,45,100,101,108,105,99,105,111,117,115,44,32,101,103,111,45,105,110,102,108,97,116,105,110,103,32,116,97,115,116,101,32,116,104,97,116,32
115,116,114,101,116,99,104,101,115,32,111,110,32,104,111,117,114,32,97,102,116,101,114,32,104,111,117,114,44,32,119,105,116,104,111,117,116,32,99,104,101,119,105,110,103,32,102,111,114,32,97,32,115,101,99,111,110,100,46,32,73,116,226,128,153,115,32,106,117,115,116,32,97,32,115,104,97,109,101,32,121,111,117,32,104,97,118,101,32,116,111,32,115,112,105,116,32,105,116,32,111,117,116,46,194,160,70,108,97,118,111,117,114,32,119,105,116,104,32,97,32,98,117,114,115,116,32,111
102,32,102,114,101,115,104,110,101,115,115,46,194,160,70,108,117,111,114,105,100,101,43,32,102,111,114,109,117,108,97,32,102,111,114,32,97,110,32,101,102,102,101,99,116,105,118,101,32,99,108,101,97,110,46,194,160,76,111,110,103,32,108,97,115,116,105,110,103,32,115,109,105,108,101,45,99,97,114,101,46,32,92,117,48,48,51,99,109,101,116,97,32,99,104,97,114,115,101,116,61,92,34,117,116,102,45,56,92,34,92,117,48,48,51,101,92,117,48,48,51,99,115,112,97,110,92,117
48,48,51,101,72,105,115,109,105,108,101,32,70,108,97,118,111,117,114,101,100,32,84,111,111,116,104,112,97,115,116,101,32,102,101,101,108,115,32,97,110,100,32,116,97,115,116,101,115,32,108,105,107,101,32,97,32,116,114,101,97,116,32,102,111,114,32,121,111,117,114,32,116,101,101,116,104,32,45,32,50,32,109,105,110,117,116,101,115,32,119,105,108,108,32,110,101,118,101,114,32,98,101,32,101,110,111,117,103,104,46,32,77,117,108,116,105,112,108,101,32,112,114,111,116,101,99,116
105,111,110,32,45,32,111,117,114,32,70,108,117,111,114,105,100,101,43,32,102,111,114,109,117,108,97,32,104,97,115,32,98,101,101,110,32,100,101,118,101,108,111,112,101,100,32,119,105,116,104,32,105,110,103,114,101,100,105,101,110,116,115,32,102,111,114,32,97,32,108,111,110,103,32,108,97,115,116,105,110,103,32,115,109,105,108,101,46,92,117,48,48,51,99,92,47,115,112,97,110,92,117,48,48,51,101,92,117,48,48,51,99,92,47,112,92,117,48,48,51,101,34,44,34,112,117,98
108,105,115,104,101,100,95,97,116,34,58,34,50,48,50,54,45,48,54,45,48,50,84,48,57,58,48,50,58,53,56,43,49,48,58,48,48,34,44,34,99,114,101,97,116,101,100,95,97,116,34,58,34,50,48,50,54,45,48,53,45,50,50,84,49,49,58,50,56,58,51,56,43,49,48,58,48,48,34,44,34,117,112,100,97,116,101,100,95,97,116,34,58,34,50,48,50,54,45,48,54,45,50,55,84,48,54,58,51,51,58,52,51,43,49,48,58,48,48,34,44,34,118,101,110,100,111,114
34,58,34,104,105,115,109,105,108,101,95,100,101,118,34,44,34,112,114,111,100,117,99,116,95,116,121,112,101,34,58,34,34,44,34,116,97,103,115,34,58,91,93,44,34,118,97,114,105,97,110,116,115,34,58,91,123,34,105,100,34,58,52,50,52,56,48,49,57,51,49,49,48,48,57,49,44,34,116,105,116,108,101,34,58,34,68,101,102,97,117,108,116,32,84,105,116,108,101,34,44,34,111,112,116,105,111,110,49,34,58,34,68,101,102,97,117,108,116,32,84,105,116,108,101,34,44,34
111,112,116,105,111,110,50,34,58,110,117,108,108,44,34,111,112,116,105,111,110,51,34,58,110,117,108,108,44,34,115,107,117,34,58,34,57,48,48,48,50,45,71,66,34,44,34,114,101,113,117,105,114,101,115,95,115,104,105,112,112,105,110,103,34,58,116,114,117,101,44,34,116,97,120,97,98,108,101,34,58,116,114,117,101,44,34,102,101,97,116,117,114,101,100,95,105,109,97,103,101,34,58,110,117,108,108,44,34,97,118,97,105,108,97,98,108,101,34,58,116,114,117,101,44,34,112,114
105,99,101,34,58,34,49,49,46,48,48,34,44,34,103,114,97,109,115,34,58,49,51,48,44,34,99,111,109,112,97,114,101,95,97,116,95,112,114,105,99,101,34,58,110,117,108,108,44,34,112,111,115,105,116,105,111,110,34,58,49,44,34,112,114,111,100,117,99,116,95,105,100,34,58,55,55,53,54,48,55,57,50,51,53,49,52,55,44,34,99,114,101,97,116,101,100,95,97,116,34,58,34,50,48,50,54,45,48,53,45,50,50,84,49,49,58,50,56,58,51,56,43,49,48,58,48,48
34,44,34,117,112,100,97,116,101,100,95,97,116,34,58,34,50,48,50,54,45,48,54,45,50,55,84,48,54,58,51,51,58,52,51,43,49,48,58,48,48,34,125,93,44,34,105,109,97,103,101,115,34,58,91,123,34,105,100,34,58,51,53,51,56,50,53,51,48,57,48,48,48,52,51,44,34,99,114,101,97,116,101,100,95,97,116,34,58,34,50,48,50,54,45,48,53,45,50,50,84,49,49,58,50,56,58,51,56,43,49,48,58,48,48,34,44,34,112,111,115,105,116,105,111,110,34,58
49,44,34,117,112,100,97,116,101,100,95,97,116,34,58,34,50,48,50,54,45,48,53,45,50,50,84,49,49,58,50,56,58,52,48,43,49,48,58,48,48,34,44,34,112,114,111,100,117,99,116,95,105,100,34,58,55,55,53,54,48,55,57,50,51,53,49,52,55,44,34,118,97,114,105,97,110,116,95,105,100,115,34,58,91,93,44,34,115,114,99,34,58,34,104,116,116,112,115,58,92,47,92,47,99,100,110,46,115,104,111,112,105,102,121,46,99,111,109,92,47,115,92,47,102,105,108,101
115,92,47,49,92,47,49,53,50,53,92,47,57,55,54,54,92,47,102,105,108,101,115,92,47,67,111,108,108,101,99,116,105,111,110,45,67,97,114,116,45,71,114,97,112,101,66,117,98,98,108,101,103,117,109,49,48,48,103,95,56,52,48,101,57,49,51,53,45,101,102,98,100,45,52,54,54,55,45,97,49,53,97,45,97,49,56,98,53,57,52,101,100,55,97,57,46,112,110,103,63,118,61,49,55,55,57,52,49,51,51,50,48,34,44,34,119,105,100,116,104,34,58,57,48,48,44,34
104,101,105,103,104,116,34,58,57,48,48,125,93,44,34,111,112,116,105,111,110,115,34,58,91,123,34,110,97,109,101,34,58,34,84,105,116,108,101,34,44,34,112,111,115,105,116,105,111,110,34,58,49,44,34,118,97,108,117,101,115,34,58,91,34,68,101,102,97,117,108,116,32,84,105,116,108,101,34,93,125,93,125,44,123,34,105,100,34,58,55,55,53,54,48,55,57,50,48,50,51,55,57,44,34,116,105,116,108,101,34,58,34,87,97,116,101,114,109,101,108,111,110,32,84,111,111,116
104,112,97,115,116,101,34,44,34,104,97,110,100,108,101,34,58,34,119,97,116,101,114,109,101,108,111,110,45,116,111,111,116,104,112,97,115,116,101,34,44,34,98,111,100,121,95,104,116,109,108,34,58,34,92,117,48,48,51,99,112,32,99,108,97,115,115,61,92,34,112,114,111,100,117,99,116,45,100,101,115,99,114,105,112,116,105,111,110,95,95,116,105,116,108,101,32,104,49,92,34,92,117,48,48,51,101,87,105,108,100,32,97,98,111,117,116,32,119,97,116,101,114,109,101,108,111,110
63,194,160,70,114,111,109,32,116,104,101,32,115,101,99,111,110,100,32,105,116,32,109,101,108,116,115,32,105,110,32,121,111,117,114,32,109,111,117,116,104,44,32,97,32,119,97,118,101,32,111,102,32,119,97,116,101,114,109,101,108,111,110,32,119,105,108,108,32,115,119,101,101,112,32,121,111,117,32,117,112,119,97,114,100,115,32,116,111,119,97,114,100,115,32,116,104,101,32,104,105,103,104,101,115,116,32,104,101,105,103,104,116,115,32,111,102,32,104,121,100,114,97,116,105,111,110,46
32,83,111,32,103,114,97,98,32,97,32,115,108,105,99,101,44,32,115,116,114,97,112,32,121,111,117,114,115,101,108,102,32,105,110,32,97,110,100,32,108,111,111,107,32,102,111,114,119,97,114,100,32,116,111,32,102,108,97,118,111,117,114,32,105,110,32,102,117,108,108,32,102,108,111,119,46,32,89,111,117,226,128,153,108,108,32,119,111,110,100,101,114,32,104,111,119,32,121,111,117,32,101,118,101,114,32,119,101,110,116,32,119,105,116,104,111,117,116,46,194,160,70,108,97,118,111,117
114,32,119,105,116,104,32,97,32,98,117,114,115,116,32,111,102,32,102,114,101,115,104,110,101,115,115,46,194,160,70,108,117,111,114,105,100,101,43,32,102,111,114,109,117,108,97,32,102,111,114,32,97,110,32,101,102,102,101,99,116,105,118,101,32,99,108,101,97,110,46,194,160,76,111,110,103,32,108,97,115,116,105,110,103,32,115,109,105,108,101,45,99,97,114,101,46,32,92,117,48,48,51,99,109,101,116,97,32,99,104,97,114,115,101,116,61,92,34,117,116,102,45,56,92,34,92,117
48,48,51,101,92,117,48,48,51,99,115,112,97,110,92,117,48,48,51,101,72,105,115,109,105,108,101,32,70,108,97,118,111,117,114,101,100,32,84,111,111,116,104,112,97,115,116,101,32,102,101,101,108,115,32,97,110,100,32,116,97,115,116,101,115,32,108,105,107,101,32,97,32,116,114,101,97,116,32,102,111,114,32,121,111,117,114,32,116,101,101,116,104,32,45,32,50,32,109,105,110,117,116,101,115,32,119,105,108,108,32,110,101,118,101,114,32,98,101,32,101,110,111,117,103,104,46,32
77,117,108,116,105,112,108,101,32,112,114,111,116,101,99,116,105,111,110,32,45,32,111,117,114,32,70,108,117,111,114,105,100,101,43,32,102,111,114,109,117,108,97,32,104,97,115,32,98,101,101,110,32,100,101,118,101,108,111,112,101,100,32,119,105,116,104,32,105,110,103,114,101,100,105,101,110,116,115,32,102,111,114,32,97,32,108,111,110,103,32,108,97,115,116,105,110,103,32,115,109,105,108,101,46,92,117,48,48,51,99,92,47,115,112,97,110,92,117,48,48,51,101,92,117,48,48,51
99,92,47,112,92,117,48,48,51,101,34,44,34,112,117,98,108,105,115,104,101,100,95,97,116,34,58,34,50,48,50,54,45,48,54,45,48,50,84,48,57,58,48,50,58,53,56,43,49,48,58,48,48,34,44,34,99,114,101,97,116,101,100,95,97,116,34,58,34,50,48,50,54,45,48,53,45,50,50,84,49,49,58,50,56,58,51,55,43,49,48,58,48,48,34,44,34,117,112,100,97,116,101,100,95,97,116,34,58,34,50,48,50,54,45,48,54,45,50,55,84,48,54,58,51,51,58,52
51,43,49,48,58,48,48,34,44,34,118,101,110,100,111,114,34,58,34,104,105,115,109,105,108,101,95,100,101,118,34,44,34,112,114,111,100,117,99,116,95,116,121,112,101,34,58,34,34,44,34,116,97,103,115,34,58,91,93,44,34,118,97,114,105,97,110,116,115,34,58,91,123,34,105,100,34,58,52,50,52,56,48,49,57,51,48,55,55,51,50,51,44,34,116,105,116,108,101,34,58,34,68,101,102,97,117,108,116,32,84,105,116,108,101,34,44,34,111,112,116,105,111,110,49,34,58,34
68,101,102,97,117,108,116,32,84,105,116,108,101,34,44,34,111,112,116,105,111,110,50,34,58,110,117,108,108,44,34,111,112,116,105,111,110,51,34,58,110,117,108,108,44,34,115,107,117,34,58,34,57,48,48,48,49,45,87,77,34,44,34,114,101,113,117,105,114,101,115,95,115,104,105,112,112,105,110,103,34,58,116,114,117,101,44,34,116,97,120,97,98,108,101,34,58,116,114,117,101,44,34,102,101,97,116,117,114,101,100,95,105,109,97,103,101,34,58,110,117,108,108,44,34,97,118,97
105,108,97,98,108,101,34,58,116,114,117,101,44,34,112,114,105,99,101,34,58,34,49,49,46,48,48,34,44,34,103,114,97,109,115,34,58,49,51,48,44,34,99,111,109,112,97,114,101,95,97,116,95,112,114,105,99,101,34,58,110,117,108,108,44,34,112,111,115,105,116,105,111,110,34,58,49,44,34,112,114,111,100,117,99,116,95,105,100,34,58,55,55,53,54,48,55,57,50,48,50,51,55,57,44,34,99,114,101,97,116,101,100,95,97,116,34,58,34,50,48,50,54,45,48,53,45,50
50,84,49,49,58,50,56,58,51,55,43,49,48,58,48,48,34,44,34,117,112,100,97,116,101,100,95,97,116,34,58,34,50,48,50,54,45,48,54,45,50,55,84,48,54,58,51,51,58,52,51,43,49,48,58,48,48,34,125,93,44,34,105,109,97,103,101,115,34,58,91,123,34,105,100,34,58,51,53,51,56,50,53,51,48,56,48,49,55,51,57,44,34,99,114,101,97,116,101,100,95,97,116,34,58,34,50,48,50,54,45,48,53,45,50,50,84,49,49,58,50,56,58,51,55,43,49,48
58,48,48,34,44,34,112,111,115,105,116,105,111,110,34,58,49,44,34,117,112,100,97,116,101,100,95,97,116,34,58,34,50,48,50,54,45,48,53,45,50,50,84,49,49,58,50,56,58,51,57,43,49,48,58,48,48,34,44,34,112,114,111,100,117,99,116,95,105,100,34,58,55,55,53,54,48,55,57,50,48,50,51,55,57,44,34,118,97,114,105,97,110,116,95,105,100,115,34,58,91,93,44,34,115,114,99,34,58,34,104,116,116,112,115,58,92,47,92,47,99,100,110,46,115,104,111,112
105,102,121,46,99,111,109,92,47,115,92,47,102,105,108,101,115,92,47,49,92,47,49,53,50,53,92,47,57,55,54,54,92,47,102,105,108,101,115,92,47,67,111,108,108,101,99,116,105,111,110,45,67,97,114,116,45,87,97,116,101,114,109,101,108,111,110,49,48,48,103,95,51,57,48,49,54,49,50,57,45,51,53,50,56,45,52,53,57,101,45,56,50,99,52,45,100,48,98,50,100,49,53,51,99,101,54,56,46,112,110,103,63,118,61,49,55,55,57,52,49,51,51,49,57,34,44,34
119,105,100,116,104,34,58,57,48,48,44,34,104,101,105,103,104,116,34,58,57,48,48,125,93,44,34,111,112,116,105,111,110,115,34,58,91,123,34,110,97,109,101,34,58,34,84,105,116,108,101,34,44,34,112,111,115,105,116,105,111,110,34,58,49,44,34,118,97,108,117,101,115,34,58,91,34,68,101,102,97,117,108,116,32,84,105,116,108,101,34,93,125,93,125,44,123,34,105,100,34,58,55,55,53,54,48,55,57,49,51,54,56,52,51,44,34,116,105,116,108,101,34,58,34,84,111,111
116,104,98,114,117,115,104,32,82,101,112,108,97,99,101,109,101,110,116,32,72,101,97,100,115,32,45,32,89,101,108,108,111,119,34,44,34,104,97,110,100,108,101,34,58,34,121,101,108,108,111,119,45,114,101,112,108,97,99,101,109,101,110,116,45,104,101,97,100,115,34,44,34,98,111,100,121,95,104,116,109,108,34,58,34,92,117,48,48,51,99,112,92,117,48,48,51,101,92,117,48,48,51,99,109,101,116,97,32,99,104,97,114,115,101,116,61,92,34,117,116,102,45,56,92,34,92,117
48,48,51,101,77,105,120,32,97,110,100,32,109,97,116,99,104,32,121,111,117,114,32,115,116,121,108,101,46,194,160,83,111,102,116,45,116,97,112,101,114,101,100,32,98,114,105,115,116,108,101,115,32,102,111,114,32,101,102,102,101,99,116,105,118,101,32,99,108,101,97,110,105,110,103,46,194,160,73,110,99,108,117,100,101,115,32,111,110,101,32,99,111,108,111,117,114,101,100,32,116,111,111,116,104,98,114,117,115,104,32,104,101,97,100,115,46,194,160,67,111,109,112,97,116,105,98,108
101,32,119,105,116,104,32,72,105,115,109,105,108,101,32,51,32,109,111,100,101,32,69,108,101,99,116,114,105,99,32,84,111,111,116,104,98,114,117,115,104,46,194,160,65,32,115,116,121,108,101,32,102,111,114,32,101,118,101,114,121,32,115,109,105,108,101,46,92,117,48,48,51,99,109,101,116,97,32,99,104,97,114,115,101,116,61,92,34,117,116,102,45,56,92,34,92,117,48,48,51,101,92,117,48,48,51,99,115,112,97,110,92,117,48,48,51,101,84,105,109,101,32,102,111,114,32,121
111,117,32,116,111,32,114,101,112,108,97,99,101,32,121,111,117,114,32,116,111,111,116,104,98,114,117,115,104,32,92,117,48,48,51,99,92,47,115,112,97,110,92,117,48,48,51,101,92,117,48,48,51,99,115,112,97,110,92,117,48,48,51,101,104,101,97,100,63,32,87,97,110,116,32,116,111,32,109,105,120,32,97,110,100,32,109,97,116,99,104,32,116,111,32,98,114,105,103,104,116,101,110,32,121,111,117,114,32,98,114,117,115,104,105,110,103,32,114,111,117,116,105,110,101,63,32,87
101,226,128,153,118,101,32,103,111,116,32,121,111,117,32,99,111,118,101,114,101,100,32,119,105,116,104,32,97,32,115,116,121,108,101,32,102,111,114,32,101,118,101,114,121,32,115,109,105,108,101,46,92,117,48,48,51,99,92,47,115,112,97,110,92,117,48,48,51,101,84,105,109,101,32,102,111,114,32,121,111,117,32,116,111,32,114,101,112,108,97,99,101,32,121,111,117,114,32,116,111,111,116,104,98,114,117,115,104,32,104,101,97,100,63,32,87,97,110,116,32,116,111,32,109,105,120,32
97,110,100,32,109,97,116,99,104,32,116,111,32,98,114,105,103,104,116,101,110,32,121,111,117,114,32,98,114,117,115,104,105,110,103,32,114,111,117,116,105,110,101,63,32,87,101,226,128,153,118,101,32,103,111,116,32,121,111,117,32,99,111,118,101,114,101,100,32,119,105,116,104,32,97,32,115,116,121,108,101,32,102,111,114,32,101,118,101,114,121,32,115,109,105,108,101,46,92,117,48,48,51,99,92,47,112,92,117,48,48,51,101,34,44,34,112,117,98,108,105,115,104,101,100,95,97,116
34,58,34,50,48,50,54,45,48,54,45,48,50,84,48,57,58,48,50,58,53,56,43,49,48,58,48,48,34,44,34,99,114,101,97,116,101,100,95,97,116,34,58,34,50,48,50,54,45,48,53,45,50,50,84,49,49,58,50,56,58,51,53,43,49,48,58,48,48,34,44,34,117,112,100,97,116,101,100,95,97,116,34,58,34,50,48,50,54,45,48,54,45,50,55,84,48,54,58,51,51,58,52,51,43,49,48,58,48,48,34,44,34,118,101,110,100,111,114,34,58,34,104,105,115,109,105,108
101,95,100,101,118,34,44,34,112,114,111,100,117,99,116,95,116,121,112,101,34,58,34,34,44,34,116,97,103,115,34,58,91,93,44,34,118,97,114,105,97,110,116,115,34,58,91,123,34,105,100,34,58,52,50,52,56,48,49,57,51,48,49,49,55,56,55,44,34,116,105,116,108,101,34,58,34,68,101,102,97,117,108,116,32,84,105,116,108,101,34,44,34,111,112,116,105,111,110,49,34,58,34,68,101,102,97,117,108,116,32,84,105,116,108,101,34,44,34,111,112,116,105,111,110,50,34,58
110,117,108,108,44,34,111,112,116,105,111,110,51,34,58,110,117,108,108,44,34,115,107,117,34,58,34,52,49,48,49,52,45,82,72,45,89,69,34,44,34,114,101,113,117,105,114,101,115,95,115,104,105,112,112,105,110,103,34,58,116,114,117,101,44,34,116,97,120,97,98,108,101,34,58,116,114,117,101,44,34,102,101,97,116,117,114,101,100,95,105,109,97,103,101,34,58,110,117,108,108,44,34,97,118,97,105,108,97,98,108,101,34,58,116,114,117,101,44,34,112,114,105,99,101,34,58,34
57,46,48,48,34,44,34,103,114,97,109,115,34,58,51,50,44,34,99,111,109,112,97,114,101,95,97,116,95,112,114,105,99,101,34,58,110,117,108,108,44,34,112,111,115,105,116,105,111,110,34,58,49,44,34,112,114,111,100,117,99,116,95,105,100,34,58,55,55,53,54,48,55,57,49,51,54,56,52,51,44,34,99,114,101,97,116,101,100,95,97,116,34,58,34,50,48,50,54,45,48,53,45,50,50,84,49,49,58,50,56,58,51,53,43,49,48,58,48,48,34,44,34,117,112,100,97,116
101,100,95,97,116,34,58,34,50,48,50,54,45,48,54,45,50,55,84,48,54,58,51,51,58,52,51,43,49,48,58,48,48,34,125,93,44,34,105,109,97,103,101,115,34,58,91,123,34,105,100,34,58,51,53,51,56,50,53,51,48,52,52,49,50,57,49,44,34,99,114,101,97,116,101,100,95,97,116,34,58,34,50,48,50,54,45,48,53,45,50,50,84,49,49,58,50,56,58,51,53,43,49,48,58,48,48,34,44,34,112,111,115,105,116,105,111,110,34,58,49,44,34,117,112,100,97,116
101,100,95,97,116,34,58,34,50,48,50,54,45,48,53,45,50,50,84,49,49,58,50,56,58,51,55,43,49,48,58,48,48,34,44,34,112,114,111,100,117,99,116,95,105,100,34,58,55,55,53,54,48,55,57,49,51,54,56,52,51,44,34,118,97,114,105,97,110,116,95,105,100,115,34,58,91,93,44,34,115,114,99,34,58,34,104,116,116,112,115,58,92,47,92,47,99,100,110,46,115,104,111,112,105,102,121,46,99,111,109,92,47,115,92,47,102,105,108,101,115,92,47,49,92,47,49,53
50,53,92,47,57,55,54,54,92,47,102,105,108,101,115,92,47,69,84,66,72,101,97,100,115,89,101,108,108,111,119,45,83,105,110,103,108,101,45,67,111,108,108,101,99,116,105,111,110,115,95,55,51,102,102,51,99,97,101,45,98,56,98,51,45,52,51,53,99,45,56,101,56,53,45,98,55,53,54,53,55,98,97,102,98,101,54,46,112,110,103,63,118,61,49,55,55,57,52,49,51,51,49,55,34,44,34,119,105,100,116,104,34,58,49,48,52,49,44,34,104,101,105,103,104,116,34,58
49,48,52,49,125,93,44,34,111,112,116,105,111,110,115,34,58,91,123,34,110,97,109,101,34,58,34,84,105,116,108,101,34,44,34,112,111,115,105,116,105,111,110,34,58,49,44,34,118,97,108,117,101,115,34,58,91,34,68,101,102,97,117,108,116,32,84,105,116,108,101,34,93,125,93,125,44,123,34,105,100,34,58,55,55,53,54,48,55,57,48,55,49,51,48,55,44,34,116,105,116,108,101,34,58,34,84,104,101,32,83,105,109,112,115,111,110,115,32,69,108,101,99,116,114,105,99,32
84,111,111,116,104,98,114,117,115,104,34,44,34,104,97,110,100,108,101,34,58,34,116,104,101,45,115,105,109,112,115,111,110,115,45,101,108,101,99,116,114,105,99,45,116,111,111,116,104,98,114,117,115,104,34,44,34,98,111,100,121,95,104,116,109,108,34,58,34,92,117,48,48,51,99,112,92,117,48,48,51,101,92,117,48,48,51,99,109,101,116,97,32,99,104,97,114,115,101,116,61,92,34,117,116,102,45,56,92,34,92,117,48,48,51,101,66,114,117,115,104,105,110,103,32,110,101,118
101,114,32,108,111,111,107,101,100,32,116,104,105,115,32,103,111,111,100,46,194,160,67,111,109,98,105,110,105,110,103,32,116,104,114,101,101,32,105,110,116,101,108,108,105,103,101,110,116,32,99,108,101,97,110,105,110,103,32,109,111,100,101,115,44,32,116,104,101,32,72,105,115,109,105,108,101,32,69,108,101,99,116,114,105,99,32,84,111,111,116,104,98,114,117,115,104,32,119,105,108,108,32,112,114,111,118,105,100,101,32,121,111,117,32,119,105,116,104,32,97,32,112,111,119,101,114,102
117,108,32,97,110,100,32,101,102,102,101,99,116,105,118,101,32,99,108,101,97,110,46,84,104,114,101,101,32,112,111,119,101,114,102,117,108,32,99,108,101,97,110,105,110,103,32,109,111,100,101,115,44,66,117,105,108,116,45,105,110,32,116,105,109,101,114,32,102,111,114,32,99,111,110,118,101,110,105,101,110,99,101,44,83,111,102,116,45,116,97,112,101,114,101,100,32,98,114,105,115,116,108,101,115,32,102,111,114,32,101,102,102,101,99,116,105,118,101,32,99,108,101,97,110,105,110,103
44,77,111,100,101,32,109,101,109,111,114,121,32,116,111,32,115,117,105,116,32,121,111,117,114,32,98,114,117,115,104,105,110,103,32,110,101,101,100,115,46,92,117,48,48,51,99,109,101,116,97,32,99,104,97,114,115,101,116,61,92,34,117,116,102,45,56,92,34,92,117,48,48,51,101,92,117,48,48,51,99,115,112,97,110,92,117,48,48,51,101,87,104,101,116,104,101,114,32,121,111,117,32,97,114,101,32,97,102,116,101,114,32,97,32,71,101,110,116,108,101,44,32,73,110,116,101,110
115,101,32,111,114,32,69,118,101,114,121,100,97,121,32,67,108,101,97,110,44,32,116,104,101,32,72,105,115,109,105,108,101,32,69,108,101,99,116,114,105,99,32,84,111,111,116,104,98,114,117,115,104,32,105,110,99,108,117,100,101,115,32,97,32,99,111,109,98,105,110,97,116,105,111,110,32,111,102,32,98,114,117,115,104,105,110,103,32,115,101,116,116,105,110,103,115,32,116,111,32,103,105,118,101,32,121,111,117,32,116,104,101,32,109,111,115,116,32,101,102,102,101,99,116,105,118,101
32,99,108,101,97,110,46,92,117,48,48,51,99,92,47,115,112,97,110,92,117,48,48,51,101,92,117,48,48,51,99,92,47,112,92,117,48,48,51,101,34,44,34,112,117,98,108,105,115,104,101,100,95,97,116,34,58,34,50,48,50,54,45,48,54,45,48,50,84,48,57,58,48,50,58,53,55,43,49,48,58,48,48,34,44,34,99,114,101,97,116,101,100,95,97,116,34,58,34,50,48,50,54,45,48,53,45,50,50,84,49,49,58,50,56,58,51,51,43,49,48,58,48,48,34,44,34,117
112,100,97,116,101,100,95,97,116,34,58,34,50,48,50,54,45,48,54,45,50,55,84,48,54,58,51,51,58,52,51,43,49,48,58,48,48,34,44,34,118,101,110,100,111,114,34,58,34,104,105,115,109,105,108,101,95,100,101,118,34,44,34,112,114,111,100,117,99,116,95,116,121,112,101,34,58,34,34,44,34,116,97,103,115,34,58,91,93,44,34,118,97,114,105,97,110,116,115,34,58,91,123,34,105,100,34,58,52,50,52,56,48,49,57,50,57,52,54,50,53,49,44,34,116,105,116,108
101,34,58,34,68,101,102,97,117,108,116,32,84,105,116,108,101,34,44,34,111,112,116,105,111,110,49,34,58,34,68,101,102,97,117,108,116,32,84,105,116,108,101,34,44,34,111,112,116,105,111,110,50,34,58,110,117,108,108,44,34,111,112,116,105,111,110,51,34,58,110,117,108,108,44,34,115,107,117,34,58,34,52,49,48,50,54,45,69,84,45,83,79,34,44,34,114,101,113,117,105,114,101,115,95,115,104,105,112,112,105,110,103,34,58,116,114,117,101,44,34,116,97,120,97,98,108,101
34,58,116,114,117,101,44,34,102,101,97,116,117,114,101,100,95,105,109,97,103,101,34,58,110,117,108,108,44,34,97,118,97,105,108,97,98,108,101,34,58,116,114,117,101,44,34,112,114,105,99,101,34,58,34,53,57,46,48,48,34,44,34,103,114,97,109,115,34,58,49,48,48,44,34,99,111,109,112,97,114,101,95,97,116,95,112,114,105,99,101,34,58,110,117,108,108,44,34,112,111,115,105,116,105,111,110,34,58,49,44,34,112,114,111,100,117,99,116,95,105,100,34,58,55,55,53,54
48,55,57,48,55,49,51,48,55,44,34,99,114,101,97,116,101,100,95,97,116,34,58,34,50,48,50,54,45,48,53,45,50,50,84,49,49,58,50,56,58,51,51,43,49,48,58,48,48,34,44,34,117,112,100,97,116,101,100,95,97,116,34,58,34,50,48,50,54,45,48,54,45,50,55,84,48,54,58,51,51,58,52,51,43,49,48,58,48,48,34,125,93,44,34,105,109,97,103,101,115,34,58,91,123,34,105,100,34,58,51,53,51,56,50,53,51,48,51,55,53,55,53,53,44,34,99,114
101,97,116,101,100,95,97,116,34,58,34,50,48,50,54,45,48,53,45,50,50,84,49,49,58,50,56,58,51,51,43,49,48,58,48,48,34,44,34,112,111,115,105,116,105,111,110,34,58,49,44,34,117,112,100,97,116,101,100,95,97,116,34,58,34,50,48,50,54,45,48,53,45,50,50,84,49,49,58,50,56,58,51,53,43,49,48,58,48,48,34,44,34,112,114,111,100,117,99,116,95,105,100,34,58,55,55,53,54,48,55,57,48,55,49,51,48,55,44,34,118,97,114,105,97,110,116,95
105,100,115,34,58,91,93,44,34,115,114,99,34,58,34,104,116,116,112,115,58,92,47,92,47,99,100,110,46,115,104,111,112,105,102,121,46,99,111,109,92,47,115,92,47,102,105,108,101,115,92,47,49,92,47,49,53,50,53,92,47,57,55,54,54,92,47,102,105,108,101,115,92,47,67,111,108,108,101,99,116,105,111,110,45,69,84,66,83,105,109,112,115,111,110,115,45,83,105,110,103,108,101,95,49,51,99,101,56,98,54,54,45,51,53,98,51,45,52,52,101,100,45,57,57,97,53,45
101,99,99,53,56,48,53,56,51,99,52,57,46,112,110,103,63,118,61,49,55,55,57,52,49,51,51,49,53,34,44,34,119,105,100,116,104,34,58,49,48,52,49,44,34,104,101,105,103,104,116,34,58,49,48,52,49,125,93,44,34,111,112,116,105,111,110,115,34,58,91,123,34,110,97,109,101,34,58,34,84,105,116,108,101,34,44,34,112,111,115,105,116,105,111,110,34,58,49,44,34,118,97,108,117,101,115,34,58,91,34,68,101,102,97,117,108,116,32,84,105,116,108,101,34,93,125,93
125,44,123,34,105,100,34,58,55,55,53,54,48,55,57,48,51,56,53,51,57,44,34,116,105,116,108,101,34,58,34,80,117,114,112,108,101,32,69,108,101,99,116,114,105,99,32,84,111,111,116,104,98,114,117,115,104,34,44,34,104,97,110,100,108,101,34,58,34,112,117,114,112,108,101,45,101,108,101,99,116,114,105,99,45,116,111,111,116,104,98,114,117,115,104,34,44,34,98,111,100,121,95,104,116,109,108,34,58,34,92,117,48,48,51,99,112,92,117,48,48,51,101,92,117,48,48,51
99,109,101,116,97,32,99,104,97,114,115,101,116,61,92,34,117,116,102,45,56,92,34,92,117,48,48,51,101,66,114,117,115,104,105,110,103,32,110,101,118,101,114,32,108,111,111,107,101,100,32,116,104,105,115,32,103,111,111,100,46,194,160,67,111,109,98,105,110,105,110,103,32,116,104,114,101,101,32,105,110,116,101,108,108,105,103,101,110,116,32,99,108,101,97,110,105,110,103,32,109,111,100,101,115,44,32,116,104,101,32,72,105,115,109,105,108,101,32,69,108,101,99,116,114,105,99,32
84,111,111,116,104,98,114,117,115,104,32,119,105,108,108,32,112,114,111,118,105,100,101,32,121,111,117,32,119,105,116,104,32,97,32,112,111,119,101,114,102,117,108,32,97,110,100,32,101,102,102,101,99,116,105,118,101,32,99,108,101,97,110,46,84,104,114,101,101,32,112,111,119,101,114,102,117,108,32,99,108,101,97,110,105,110,103,32,109,111,100,101,115,44,66,117,105,108,116,45,105,110,32,116,105,109,101,114,32,102,111,114,32,99,111,110,118,101,110,105,101,110,99,101,44,83,111,102
116,45,116,97,112,101,114,101,100,32,98,114,105,115,116,108,101,115,32,102,111,114,32,101,102,102,101,99,116,105,118,101,32,99,108,101,97,110,105,110,103,44,77,111,100,101,32,109,101,109,111,114,121,32,116,111,32,115,117,105,116,32,121,111,117,114,32,98,114,117,115,104,105,110,103,32,110,101,101,100,115,46,92,117,48,48,51,99,109,101,116,97,32,99,104,97,114,115,101,116,61,92,34,117,116,102,45,56,92,34,92,117,48,48,51,101,92,117,48,48,51,99,115,112,97,110,92,117
48,48,51,101,87,104,101,116,104,101,114,32,121,111,117,32,97,114,101,32,97,102,116,101,114,32,97,32,71,101,110,116,108,101,44,32,73,110,116,101,110,115,101,32,111,114,32,69,118,101,114,121,100,97,121,32,67,108,101,97,110,44,32,116,104,101,32,72,105,115,109,105,108,101,32,69,108,101,99,116,114,105,99,32,84,111,111,116,104,98,114,117,115,104,32,105,110,99,108,117,100,101,115,32,97,32,99,111,109,98,105,110,97,116,105,111,110,32,111,102,32,98,114,117,115,104,105,110
103,32,115,101,116,116,105,110,103,115,32,116,111,32,103,105,118,101,32,121,111,117,32,116,104,101,32,109,111,115,116,32,101,102,102,101,99,116,105,118,101,32,99,108,101,97,110,46,92,117,48,48,51,99,92,47,115,112,97,110,92,117,48,48,51,101,92,117,48,48,51,99,92,47,112,92,117,48,48,51,101,34,44,34,112,117,98,108,105,115,104,101,100,95,97,116,34,58,34,50,48,50,54,45,48,54,45,48,50,84,48,57,58,48,50,58,53,55,43,49,48,58,48,48,34,44,34,99
114,101,97,116,101,100,95,97,116,34,58,34,50,48,50,54,45,48,53,45,50,50,84,49,49,58,50,56,58,51,49,43,49,48,58,48,48,34,44,34,117,112,100,97,116,101,100,95,97,116,34,58,34,50,48,50,54,45,48,54,45,50,55,84,48,54,58,51,51,58,52,51,43,49,48,58,48,48,34,44,34,118,101,110,100,111,114,34,58,34,104,105,115,109,105,108,101,95,100,101,118,34,44,34,112,114,111,100,117,99,116,95,116,121,112,101,34,58,34,34,44,34,116,97,103,115,34,58
91,93,44,34,118,97,114,105,97,110,116,115,34,58,91,123,34,105,100,34,58,52,50,52,56,48,49,57,50,57,49,51,52,56,51,44,34,116,105,116,108,101,34,58,34,68,101,102,97,117,108,116,32,84,105,116,108,101,34,44,34,111,112,116,105,111,110,49,34,58,34,68,101,102,97,117,108,116,32,84,105,116,108,101,34,44,34,111,112,116,105,111,110,50,34,58,110,117,108,108,44,34,111,112,116,105,111,110,51,34,58,110,117,108,108,44,34,115,107,117,34,58,34,52,49,48,48,52
45,69,84,45,80,85,34,44,34,114,101,113,117,105,114,101,115,95,115,104,105,112,112,105,110,103,34,58,116,114,117,101,44,34,116,97,120,97,98,108,101,34,58,116,114,117,101,44,34,102,101,97,116,117,114,101,100,95,105,109,97,103,101,34,58,110,117,108,108,44,34,97,118,97,105,108,97,98,108,101,34,58,116,114,117,101,44,34,112,114,105,99,101,34,58,34,53,57,46,48,48,34,44,34,103,114,97,109,115,34,58,51,48,48,44,34,99,111,109,112,97,114,101,95,97,116,95,112
114,105,99,101,34,58,110,117,108,108,44,34,112,111,115,105,116,105,111,110,34,58,49,44,34,112,114,111,100,117,99,116,95,105,100,34,58,55,55,53,54,48,55,57,48,51,56,53,51,57,44,34,99,114,101,97,116,101,100,95,97,116,34,58,34,50,48,50,54,45,48,53,45,50,50,84,49,49,58,50,56,58,51,50,43,49,48,58,48,48,34,44,34,117,112,100,97,116,101,100,95,97,116,34,58,34,50,48,50,54,45,48,54,45,50,55,84,48,54,58,51,51,58,52,51,43,49,48
58,48,48,34,125,93,44,34,105,109,97,103,101,115,34,58,91,123,34,105,100,34,58,51,53,51,56,50,53,51,48,51,49,48,50,49,57,44,34,99,114,101,97,116,101,100,95,97,116,34,58,34,50,48,50,54,45,48,53,45,50,50,84,49,49,58,50,56,58,51,49,43,49,48,58,48,48,34,44,34,112,111,115,105,116,105,111,110,34,58,49,44,34,117,112,100,97,116,101,100,95,97,116,34,58,34,50,48,50,54,45,48,53,45,50,50,84,49,49,58,50,56,58,51,51,43,49,48
58,48,48,34,44,34,112,114,111,100,117,99,116,95,105,100,34,58,55,55,53,54,48,55,57,48,51,56,53,51,57,44,34,118,97,114,105,97,110,116,95,105,100,115,34,58,91,93,44,34,115,114,99,34,58,34,104,116,116,112,115,58,92,47,92,47,99,100,110,46,115,104,111,112,105,102,121,46,99,111,109,92,47,115,92,47,102,105,108,101,115,92,47,49,92,47,49,53,50,53,92,47,57,55,54,54,92,47,102,105,108,101,115,92,47,69,84,66,80,117,114,112,108,101,45,83,105,110
103,108,101,45,67,111,108,108,101,99,116,105,111,110,115,95,49,95,98,101,102,57,50,57,97,48,45,100,57,97,56,45,52,57,101,100,45,98,49,50,100,45,54,57,53,52,55,57,51,101,97,54,102,102,46,112,110,103,63,118,61,49,55,55,57,52,49,51,51,49,51,34,44,34,119,105,100,116,104,34,58,49,48,52,49,44,34,104,101,105,103,104,116,34,58,49,48,52,49,125,93,44,34,111,112,116,105,111,110,115,34,58,91,123,34,110,97,109,101,34,58,34,84,105,116,108,101,34
44,34,112,111,115,105,116,105,111,110,34,58,49,44,34,118,97,108,117,101,115,34,58,91,34,68,101,102,97,117,108,116,32,84,105,116,108,101,34,93,125,93,125,44,123,34,105,100,34,58,55,55,53,54,48,55,56,57,55,51,48,48,51,44,34,116,105,116,108,101,34,58,34,66,114,105,103,104,116,32,80,105,110,107,32,69,108,101,99,116,114,105,99,32,84,111,111,116,104,98,114,117,115,104,34,44,34,104,97,110,100,108,101,34,58,34,98,114,105,103,104,116,45,112,105,110,107,45
101,108,101,99,116,114,105,99,45,116,111,111,116,104,98,114,117,115,104,34,44,34,98,111,100,121,95,104,116,109,108,34,58,34,92,117,48,48,51,99,112,92,117,48,48,51,101,92,117,48,48,51,99,109,101,116,97,32,99,104,97,114,115,101,116,61,92,34,117,116,102,45,56,92,34,92,117,48,48,51,101,66,114,117,115,104,105,110,103,32,110,101,118,101,114,32,108,111,111,107,101,100,32,116,104,105,115,32,103,111,111,100,46,194,160,67,111,109,98,105,110,105,110,103,32,116,104,114
101,101,32,105,110,116,101,108,108,105,103,101,110,116,32,99,108,101,97,110,105,110,103,32,109,111,100,101,115,44,32,116,104,101,32,72,105,115,109,105,108,101,32,69,108,101,99,116,114,105,99,32,84,111,111,116,104,98,114,117,115,104,32,119,105,108,108,32,112,114,111,118,105,100,101,32,121,111,117,32,119,105,116,104,32,97,32,112,111,119,101,114,102,117,108,32,97,110,100,32,101,102,102,101,99,116,105,118,101,32,99,108,101,97,110,46,84,104,114,101,101,32,112,111,119,101,114,102
117,108,32,99,108,101,97,110,105,110,103,32,109,111,100,101,115,44,66,117,105,108,116,45,105,110,32,116,105,109,101,114,32,102,111,114,32,99,111,110,118,101,110,105,101,110,99,101,44,83,111,102,116,45,116,97,112,101,114,101,100,32,98,114,105,115,116,108,101,115,32,102,111,114,32,101,102,102,101,99,116,105,118,101,32,99,108,101,97,110,105,110,103,44,77,111,100,101,32,109,101,109,111,114,121,32,116,111,32,115,117,105,116,32,121,111,117,114,32,98,114,117,115,104,105,110,103,32
110,101,101,100,115,46,92,117,48,48,51,99,109,101,116,97,32,99,104,97,114,115,101,116,61,92,34,117,116,102,45,56,92,34,92,117,48,48,51,101,92,117,48,48,51,99,115,112,97,110,92,117,48,48,51,101,87,104,101,116,104,101,114,32,121,111,117,32,97,114,101,32,97,102,116,101,114,32,97,32,71,101,110,116,108,101,44,32,73,110,116,101,110,115,101,32,111,114,32,69,118,101,114,121,100,97,121,32,67,108,101,97,110,44,32,116,104,101,32,72,105,115,109,105,108,101,32,69
108,101,99,116,114,105,99,32,84,111,111,116,104,98,114,117,115,104,32,105,110,99,108,117,100,101,115,32,97,32,99,111,109,98,105,110,97,116,105,111,110,32,111,102,32,98,114,117,115,104,105,110,103,32,115,101,116,116,105,110,103,115,32,116,111,32,103,105,118,101,32,121,111,117,32,116,104,101,32,109,111,115,116,32,101,102,102,101,99,116,105,118,101,32,99,108,101,97,110,46,92,117,48,48,51,99,92,47,115,112,97,110,92,117,48,48,51,101,92,117,48,48,51,99,92,47,112,92
117,48,48,51,101,34,44,34,112,117,98,108,105,115,104,101,100,95,97,116,34,58,34,50,48,50,54,45,48,54,45,48,50,84,48,57,58,48,50,58,53,54,43,49,48,58,48,48,34,44,34,99,114,101,97,116,101,100,95,97,116,34,58,34,50,48,50,54,45,48,53,45,50,50,84,49,49,58,50,56,58,51,48,43,49,48,58,48,48,34,44,34,117,112,100,97,116,101,100,95,97,116,34,58,34,50,48,50,54,45,48,54,45,50,55,84,48,54,58,51,51,58,52,51,43,49,48,58
48,48,34,44,34,118,101,110,100,111,114,34,58,34,104,105,115,109,105,108,101,95,100,101,118,34,44,34,112,114,111,100,117,99,116,95,116,121,112,101,34,58,34,34,44,34,116,97,103,115,34,58,91,93,44,34,118,97,114,105,97,110,116,115,34,58,91,123,34,105,100,34,58,52,50,52,56,48,49,57,50,56,52,55,57,52,55,44,34,116,105,116,108,101,34,58,34,68,101,102,97,117,108,116,32,84,105,116,108,101,34,44,34,111,112,116,105,111,110,49,34,58,34,68,101,102,97,117
108,116,32,84,105,116,108,101,34,44,34,111,112,116,105,111,110,50,34,58,110,117,108,108,44,34,111,112,116,105,111,110,51,34,58,110,117,108,108,44,34,115,107,117,34,58,34,52,49,48,48,50,45,69,84,45,72,80,34,44,34,114,101,113,117,105,114,101,115,95,115,104,105,112,112,105,110,103,34,58,116,114,117,101,44,34,116,97,120,97,98,108,101,34,58,116,114,117,101,44,34,102,101,97,116,117,114,101,100,95,105,109,97,103,101,34,58,110,117,108,108,44,34,97,118,97,105,108
97,98,108,101,34,58,116,114,117,101,44,34,112,114,105,99,101,34,58,34,53,57,46,48,48,34,44,34,103,114,97,109,115,34,58,51,48,48,44,34,99,111,109,112,97,114,101,95,97,116,95,112,114,105,99,101,34,58,110,117,108,108,44,34,112,111,115,105,116,105,111,110,34,58,49,44,34,112,114,111,100,117,99,116,95,105,100,34,58,55,55,53,54,48,55,56,57,55,51,48,48,51,44,34,99,114,101,97,116,101,100,95,97,116,34,58,34,50,48,50,54,45,48,53,45,50,50,84
49,49,58,50,56,58,51,48,43,49,48,58,48,48,34,44,34,117,112,100,97,116,101,100,95,97,116,34,58,34,50,48,50,54,45,48,54,45,50,55,84,48,54,58,51,51,58,52,51,43,49,48,58,48,48,34,125,93,44,34,105,109,97,103,101,115,34,58,91,123,34,105,100,34,58,51,53,51,56,50,53,51,48,50,55,55,52,53,49,44,34,99,114,101,97,116,101,100,95,97,116,34,58,34,50,48,50,54,45,48,53,45,50,50,84,49,49,58,50,56,58,51,48,43,49,48,58,48
48,34,44,34,112,111,115,105,116,105,111,110,34,58,49,44,34,117,112,100,97,116,101,100,95,97,116,34,58,34,50,48,50,54,45,48,53,45,50,50,84,49,49,58,50,56,58,51,50,43,49,48,58,48,48,34,44,34,112,114,111,100,117,99,116,95,105,100,34,58,55,55,53,54,48,55,56,57,55,51,48,48,51,44,34,118,97,114,105,97,110,116,95,105,100,115,34,58,91,93,44,34,115,114,99,34,58,34,104,116,116,112,115,58,92,47,92,47,99,100,110,46,115,104,111,112,105,102
121,46,99,111,109,92,47,115,92,47,102,105,108,101,115,92,47,49,92,47,49,53,50,53,92,47,57,55,54,54,92,47,102,105,108,101,115,92,47,69,84,66,66,114,105,103,104,116,80,105,110,107,45,83,105,110,103,108,101,45,67,111,108,108,101,99,116,105,111,110,115,95,49,46,112,110,103,63,118,61,49,55,55,57,52,49,51,51,49,50,34,44,34,119,105,100,116,104,34,58,49,48,52,49,44,34,104,101,105,103,104,116,34,58,49,48,52,49,125,93,44,34,111,112,116,105,111,110
115,34,58,91,123,34,110,97,109,101,34,58,34,84,105,116,108,101,34,44,34,112,111,115,105,116,105,111,110,34,58,49,44,34,118,97,108,117,101,115,34,58,91,34,68,101,102,97,117,108,116,32,84,105,116,108,101,34,93,125,93,125,93,125
