Time,Heart Rate,Distance (mi),Pace (min/mi),Miles per Hour,Distance (km),Pace (min/km),Kilometers per Hour,Elevation (m),Cadence
0:00:00,,0.0,,,0.0,,,,
0:00:01,74,,,,,,,,
0:00:02,74,,,,,,,,
0:00:03,74,0.0,,,0.0,,,,
0:00:04,75,0.0,,2.24,0.001,,3.6,,
0:00:05,74,0.0,8:56,6.71,0.004,5:33,10.8,,
0:00:06,74,0.0,,4.47,0.006,8:20,7.2,6.0,
0:00:07,73,0.01,6:42,8.95,0.01,4:10,14.4,6.0,
0:00:08,73,0.01,5:22,11.18,0.015,3:20,18.0,6.0,
0:00:09,74,0.01,8:56,6.71,0.018,5:33,10.8,6.0,164
0:00:10,75,0.01,,4.47,0.02,8:20,7.2,6.0,166
0:00:11,76,0.01,6:42,8.95,0.024,4:10,14.4,6.0,166
0:00:12,77,0.02,6:42,8.95,0.028,4:10,14.4,6.0,168
0:00:13,79,0.02,5:22,11.18,0.033,3:20,18.0,6.0,168
0:00:14,81,0.02,5:22,11.18,0.038,3:20,18.0,6.0,168
0:00:15,82,0.03,8:56,6.71,0.041,5:33,10.8,6.0,168
0:00:16,85,0.03,8:56,6.71,0.044,5:33,10.8,6.0,168
0:00:17,86,0.03,,4.47,0.046,8:20,7.2,6.0,166
0:00:18,86,0.03,8:56,6.71,0.049,5:33,10.8,6.0,166
0:00:19,88,0.03,6:42,8.95,0.053,4:10,14.4,6.0,166
0:00:20,91,0.04,6:42,8.95,0.057,4:10,14.4,6.0,166
0:00:21,92,0.04,6:42,8.95,0.061,4:10,14.4,6.0,166
0:00:22,92,0.04,6:42,8.95,0.065,4:10,14.4,6.0,166
0:00:23,94,0.04,6:42,8.95,0.069,4:10,14.4,6.0,166
0:00:24,96,0.05,6:42,8.95,0.073,4:10,14.4,6.0,166
0:00:25,98,0.05,8:56,6.71,0.076,5:33,10.8,6.0,166
0:00:26,99,0.05,,4.47,0.078,8:20,7.2,6.0,166
0:00:27,101,0.05,6:42,8.95,0.082,4:10,14.4,6.0,166
0:00:28,102,0.05,6:42,8.95,0.086,4:10,14.4,6.0,166
0:00:29,103,0.06,6:42,8.95,0.09,4:10,14.4,6.0,166
0:00:30,104,0.06,6:42,8.95,0.094,4:10,14.4,6.0,168
0:00:31,105,0.06,6:42,8.95,0.098,4:10,14.4,6.0,168
0:00:32,106,0.06,6:42,8.95,0.102,4:10,14.4,6.0,168
0:00:33,107,0.06,,4.47,0.104,8:20,7.2,6.0,168
0:00:34,108,0.07,8:56,6.71,0.107,5:33,10.8,6.0,168
0:00:35,109,0.07,5:22,11.18,0.112,3:20,18.0,6.0,168
0:00:36,112,0.07,5:22,11.18,0.117,3:20,18.0,6.0,168
0:00:37,113,0.07,8:56,6.71,0.12,5:33,10.8,6.0,168
0:00:38,113,0.08,,4.47,0.122,8:20,7.2,6.0,168
0:00:39,114,0.08,6:42,8.95,0.126,4:10,14.4,6.0,168
0:00:40,115,0.08,6:42,8.95,0.13,4:10,14.4,6.0,168
0:00:41,116,0.08,6:42,8.95,0.134,4:10,14.4,6.0,168
0:00:42,117,0.09,8:56,6.71,0.137,5:33,10.8,6.0,168
0:00:43,118,0.09,6:42,8.95,0.141,4:10,14.4,6.0,168
0:00:44,119,0.09,6:42,8.95,0.145,4:10,14.4,6.0,168
0:00:45,120,0.09,8:56,6.71,0.148,5:33,10.8,6.0,168
0:00:46,120,0.09,,4.47,0.15,8:20,7.2,6.0,168
0:00:47,121,0.1,5:22,11.18,0.155,3:20,18.0,6.0,168
0:00:48,121,0.1,5:22,11.18,0.16,3:20,18.0,6.0,168
0:00:49,122,0.1,6:42,8.95,0.164,4:10,14.4,6.0,168
0:00:50,122,0.1,6:42,8.95,0.168,4:10,14.4,6.0,168
0:00:51,123,0.11,,4.47,0.17,8:20,7.2,6.0,168
0:00:52,123,0.11,8:56,6.71,0.173,5:33,10.8,6.0,170
0:00:53,124,0.11,6:42,8.95,0.177,4:10,14.4,6.0,170
0:00:54,124,0.11,6:42,8.95,0.181,4:10,14.4,6.0,170
0:00:55,124,0.11,8:56,6.71,0.184,5:33,10.8,6.0,170
0:00:56,125,0.12,6:42,8.95,0.188,4:10,14.4,6.0,170
0:00:57,125,0.12,,4.47,0.19,8:20,7.2,6.0,170
0:00:58,125,0.12,8:56,6.71,0.193,5:33,10.8,6.0,170
0:00:59,125,0.12,6:42,8.95,0.197,4:10,14.4,6.0,168
0:01:00,125,0.12,6:42,8.95,0.201,4:10,14.4,6.0,168
0:01:01,126,0.13,8:56,6.71,0.204,5:33,10.8,6.0,168
0:01:02,126,0.13,6:42,8.95,0.208,4:10,14.4,6.0,166
0:01:03,126,0.13,6:42,8.95,0.212,4:10,14.4,6.0,164
0:01:04,126,0.13,8:56,6.71,0.215,5:33,10.8,6.0,162
0:01:05,127,0.13,,2.24,0.216,,3.6,6.0,152
0:01:06,127,0.14,,4.47,0.218,8:20,7.2,6.0,144
0:01:07,128,0.14,,2.24,0.219,,3.6,6.0,142
0:01:08,128,0.14,,2.24,0.22,,3.6,6.0,142
0:01:09,128,0.14,,4.47,0.222,8:20,7.2,6.0,132
0:01:10,129,0.14,,2.24,0.223,,3.6,7.0,122
0:01:11,130,0.14,8:56,6.71,0.226,5:33,10.8,6.0,134
0:01:12,130,0.14,,4.47,0.228,8:20,7.2,6.0,146
0:01:13,130,0.14,,4.47,0.23,8:20,7.2,6.0,152
0:01:14,130,0.14,8:56,6.71,0.233,5:33,10.8,6.0,158
0:01:15,129,0.15,8:56,6.71,0.236,5:33,10.8,6.0,158
0:01:16,129,0.15,8:56,6.71,0.239,5:33,10.8,6.0,158
0:01:17,128,0.15,8:56,6.71,0.242,5:33,10.8,6.0,156
0:01:18,128,0.15,,4.47,0.244,8:20,7.2,6.0,156
0:01:19,128,0.15,,4.47,0.246,8:20,7.2,6.0,144
0:01:20,128,0.15,,2.24,0.247,,3.6,7.0,134
0:01:21,128,0.15,,2.24,0.248,,3.6,7.0,124
0:01:22,128,0.16,,4.47,0.25,8:20,7.2,7.0,114
0:01:23,128,0.16,,4.47,0.252,8:20,7.2,7.0,114
0:01:24,128,0.16,,2.24,0.253,,3.6,7.0,114
0:01:25,128,0.16,,2.24,0.254,,3.6,7.0,112
0:01:26,127,0.16,,2.24,0.254,,3.6,6.0,110
0:01:27,126,0.16,,2.24,0.255,,3.6,6.0,106
0:01:28,125,0.16,,2.24,0.256,,3.6,6.0,104
0:01:29,123,0.16,,2.24,0.256,,3.6,6.0,108
0:01:30,121,0.16,,2.24,0.256,,3.6,6.0,112
0:01:31,120,0.16,,2.24,0.256,,3.6,6.0,56
0:01:32,120,0.16,,2.24,0.256,,3.6,6.0,0
0:01:33,119,0.16,,2.24,0.256,,3.6,6.0,0
0:01:34,118,0.16,,2.24,0.256,,3.6,6.0,0
0:01:35,117,0.16,,2.24,0.256,,3.6,7.0,0
0:01:36,115,0.16,,2.24,0.256,,3.6,6.0,0
0:01:37,113,0.16,,2.24,0.256,,3.6,6.0,0
0:01:38,111,0.16,,2.24,0.257,,3.6,6.0,0
0:01:39,109,0.16,8:56,6.71,0.26,5:33,10.8,6.0,58
0:01:40,108,0.16,8:56,6.71,0.263,5:33,10.8,6.0,116
0:01:41,105,0.16,,2.24,0.264,,3.6,6.0,114
0:01:42,104,0.16,,2.24,0.264,,3.6,6.0,114
0:01:43,101,0.17,,4.47,0.266,8:20,7.2,6.0,114
0:01:44,100,0.17,,4.47,0.268,8:20,7.2,6.0,114
0:01:45,96,0.17,,4.47,0.27,8:20,7.2,7.0,114
0:01:46,93,0.17,,2.24,0.271,,3.6,7.0,112
0:01:47,91,0.17,,2.24,0.271,,3.6,7.0,112
0:01:48,90,0.17,,2.24,0.271,,3.6,7.0,110
0:01:49,89,0.17,,2.24,0.271,,3.6,7.0,110
0:01:50,88,0.17,,2.24,0.271,,3.6,7.0,110
0:01:51,86,0.17,,2.24,0.271,,3.6,7.0,98
0:01:52,85,0.17,,2.24,0.271,,3.6,7.0,86
0:01:53,84,0.17,,2.24,0.271,,3.6,7.0,100
0:01:54,82,0.17,,2.24,0.271,,3.6,7.0,112
0:01:55,81,0.17,,2.24,0.272,,3.6,7.0,112
0:01:56,79,0.17,,2.24,0.272,,3.6,7.0,112
0:01:57,78,0.17,,2.24,0.272,,3.6,7.0,112
0:01:58,76,0.17,,2.24,0.272,,3.6,7.0,112
0:01:59,74,0.17,,2.24,0.272,,3.6,7.0,56
0:02:00,71,0.17,,2.24,0.272,,3.6,7.0,0
0:02:01,70,0.17,,2.24,0.272,,3.6,6.0,0
0:02:02,70,0.17,,2.24,0.272,,3.6,6.0,0
0:02:03,70,0.17,,2.24,0.272,,3.6,6.0,0
0:02:04,70,0.17,,2.24,0.272,,3.6,6.0,0
0:02:05,70,0.17,,2.24,0.272,,3.6,6.0,0
0:02:06,70,0.17,,2.24,0.272,,3.6,6.0,0
0:02:07,70,0.17,,4.47,0.274,8:20,7.2,6.0,0
0:02:08,69,0.17,,4.47,0.276,8:20,7.2,6.0,0
0:02:09,69,0.17,,4.47,0.276,,7.2,6.0,40
0:02:10,69,0.17,,4.47,0.276,,7.2,7.0,80
0:02:11,68,0.17,,4.47,0.276,,7.2,7.0,40
0:02:12,68,0.17,,4.47,0.276,,7.2,7.0,0
0:02:13,67,0.17,,4.47,0.276,,7.2,7.0,0
0:02:14,66,0.17,,4.47,0.276,,7.2,7.0,0
0:02:15,65,0.17,,4.47,0.276,,7.2,7.0,0
0:02:16,64,0.17,,4.47,0.276,,7.2,7.0,0
0:02:17,64,0.17,,4.47,0.276,,7.2,7.0,0
0:02:18,63,0.17,,4.47,0.276,,7.2,7.0,0
0:02:19,62,0.17,,4.47,0.276,,7.2,7.0,0
0:02:20,62,0.17,,4.47,0.276,,7.2,7.0,0
0:02:21,61,0.17,,4.47,0.276,,7.2,6.0,0
0:02:22,60,0.17,,4.47,0.276,,7.2,6.0,0
0:02:23,59,0.17,,4.47,0.276,,7.2,6.0,0
0:02:24,57,0.17,,4.47,0.276,,7.2,6.0,0
0:02:25,57,0.17,,4.47,0.276,,7.2,6.0,0
0:02:26,57,0.17,,4.47,0.276,,7.2,6.0,0
0:02:27,57,0.17,,4.47,0.278,8:20,7.2,6.0,52
0:02:28,58,0.17,,4.47,0.28,8:20,7.2,6.0,106
0:02:29,58,0.17,,2.24,0.281,,3.6,6.0,122
0:02:30,58,0.18,,2.24,0.282,,3.6,6.0,138
0:02:31,58,0.18,4:28,13.42,0.288,2:47,21.6,6.0,152
0:02:32,58,0.18,5:22,11.18,0.293,3:20,18.0,6.0,166
0:02:33,61,0.18,8:56,6.71,0.296,5:33,10.8,6.0,166
0:02:34,63,0.19,8:56,6.71,0.299,5:33,10.8,6.0,168
0:02:35,69,0.19,6:42,8.95,0.303,4:10,14.4,6.0,168
0:02:36,74,0.19,6:42,8.95,0.307,4:10,14.4,6.0,168
0:02:37,77,0.19,6:42,8.95,0.311,4:10,14.4,6.0,168
0:02:38,79,0.2,6:42,8.95,0.315,4:10,14.4,6.0,168
0:02:39,81,0.2,6:42,8.95,0.319,4:10,14.4,6.0,170
0:02:40,83,0.2,6:42,8.95,0.323,4:10,14.4,6.0,170
0:02:41,85,0.2,8:56,6.71,0.326,5:33,10.8,6.0,170
0:02:42,86,0.2,8:56,6.71,0.329,5:33,10.8,6.0,172
0:02:43,87,0.21,5:22,11.18,0.334,3:20,18.0,6.0,172
0:02:44,88,0.21,4:28,13.42,0.34,2:47,21.6,6.0,172
0:02:45,89,0.21,8:56,6.71,0.343,5:33,10.8,6.0,170
0:02:46,90,0.21,8:56,6.71,0.346,5:33,10.8,6.0,170
0:02:47,92,0.22,4:28,13.42,0.352,2:47,21.6,6.0,170
0:02:48,93,0.22,5:22,11.18,0.357,3:20,18.0,6.0,172
0:02:49,96,0.22,8:56,6.71,0.36,5:33,10.8,6.0,172
0:02:50,97,0.22,,4.47,0.362,8:20,7.2,6.0,172
0:02:51,100,0.23,6:42,8.95,0.366,4:10,14.4,6.0,172
0:02:52,101,0.23,5:22,11.18,0.371,3:20,18.0,6.0,172
0:02:53,103,0.23,5:22,11.18,0.376,3:20,18.0,6.0,172
0:02:54,105,0.24,4:28,13.42,0.382,2:47,21.6,6.0,172
0:02:55,106,0.24,,4.47,0.384,8:20,7.2,6.0,172
0:02:56,106,0.24,8:56,6.71,0.387,5:33,10.8,6.0,172
0:02:57,108,0.24,5:22,11.18,0.392,3:20,18.0,6.0,172
0:02:58,110,0.25,4:28,13.42,0.398,2:47,21.6,6.0,172
0:02:59,111,0.25,,4.47,0.4,8:20,7.2,6.0,170
0:03:00,111,0.25,8:56,6.71,0.403,5:33,10.8,6.0,170
0:03:01,112,0.25,8:56,6.71,0.406,5:33,10.8,6.0,170
0:03:02,113,0.25,8:56,6.71,0.409,5:33,10.8,6.0,170
0:03:03,115,0.26,5:22,11.18,0.414,3:20,18.0,6.0,170
0:03:04,115,0.26,5:22,11.18,0.419,3:20,18.0,6.0,170
0:03:05,116,0.26,8:56,6.71,0.422,5:33,10.8,6.0,168
0:03:06,117,0.26,8:56,6.71,0.425,5:33,10.8,6.0,168
0:03:07,118,0.27,8:56,6.71,0.428,5:33,10.8,6.0,168
0:03:08,119,0.27,6:42,8.95,0.432,4:10,14.4,6.0,166
0:03:09,120,0.27,,4.47,0.434,8:20,7.2,6.0,164
0:03:10,121,0.27,8:56,6.71,0.437,5:33,10.8,7.0,162
0:03:11,122,0.27,8:56,6.71,0.44,5:33,10.8,7.0,156
0:03:12,122,0.28,6:42,8.95,0.444,4:10,14.4,7.0,152
0:03:13,123,0.28,,4.47,0.446,8:20,7.2,7.0,142
0:03:14,124,0.28,,2.24,0.447,,3.6,7.0,134
0:03:15,125,0.28,,2.24,0.448,,3.6,7.0,120
0:03:16,126,0.28,,2.24,0.449,,3.6,7.0,108
0:03:17,127,0.28,,2.24,0.45,,3.6,7.0,104
0:03:18,128,0.28,,2.24,0.451,,3.6,7.0,100
0:03:19,128,0.28,,2.24,0.452,,3.6,7.0,98
0:03:20,128,0.28,,2.24,0.453,,3.6,7.0,98
0:03:44,105,,,2.24,,,3.6,,
0:03:45,104,0.28,,2.24,0.453,,3.6,,114
0:03:46,103,0.28,6:42,8.95,0.457,4:10,14.4,,136
0:03:47,102,0.29,6:42,8.95,0.461,4:10,14.4,,160
0:03:48,100,0.29,8:56,6.71,0.464,5:33,10.8,6.0,164
0:03:49,100,0.29,8:56,6.71,0.467,5:33,10.8,6.0,170
0:03:50,100,0.29,4:28,13.42,0.473,2:47,21.6,6.0,170
0:03:51,100,0.3,4:28,13.42,0.479,2:47,21.6,6.0,172
0:03:52,101,0.3,8:56,6.71,0.482,5:33,10.8,6.0,172
0:03:53,102,0.3,8:56,6.71,0.485,5:33,10.8,6.0,174
0:03:54,102,0.31,4:28,13.42,0.491,2:47,21.6,6.0,174
0:03:55,104,0.31,4:28,13.42,0.497,2:47,21.6,6.0,176
0:03:56,105,0.31,8:56,6.71,0.5,5:33,10.8,6.0,176
0:03:57,106,0.31,,4.47,0.502,8:20,7.2,6.0,176
0:03:58,108,0.31,6:42,8.95,0.506,4:10,14.4,6.0,176
0:03:59,109,0.32,5:22,11.18,0.511,3:20,18.0,6.0,176
0:04:00,110,0.32,5:22,11.18,0.516,3:20,18.0,6.0,176
0:04:01,112,0.32,6:42,8.95,0.52,4:10,14.4,6.0,176
0:04:02,113,0.33,6:42,8.95,0.524,4:10,14.4,6.0,174
0:04:03,115,0.33,6:42,8.95,0.528,4:10,14.4,6.0,174
0:04:04,116,0.33,6:42,8.95,0.532,4:10,14.4,5.0,174
0:04:05,117,0.33,6:42,8.95,0.536,4:10,14.4,5.0,176
0:04:06,118,0.34,6:42,8.95,0.54,4:10,14.4,5.0,176
0:04:07,119,0.34,5:22,11.18,0.545,3:20,18.0,5.0,176
0:04:08,121,0.34,5:22,11.18,0.55,3:20,18.0,5.0,176
0:04:09,122,0.34,6:42,8.95,0.554,4:10,14.4,5.0,176
0:04:10,122,0.35,6:42,8.95,0.558,4:10,14.4,5.0,176
0:04:11,123,0.35,6:42,8.95,0.562,4:10,14.4,5.0,176
0:04:12,124,0.35,8:56,6.71,0.565,5:33,10.8,5.0,174
0:04:13,125,0.35,8:56,6.71,0.568,5:33,10.8,6.0,174
0:04:14,125,0.36,4:28,13.42,0.574,2:47,21.6,5.0,174
0:04:15,127,0.36,5:22,11.18,0.579,3:20,18.0,5.0,174
0:04:16,128,0.36,8:56,6.71,0.582,5:33,10.8,5.0,174
0:04:17,129,0.36,8:56,6.71,0.585,5:33,10.8,5.0,174
0:04:18,130,0.37,5:22,11.18,0.59,3:20,18.0,5.0,172
0:04:19,131,0.37,5:22,11.18,0.595,3:20,18.0,5.0,170
0:04:20,133,0.37,8:56,6.71,0.598,5:33,10.8,5.0,170
0:04:21,134,0.37,,4.47,0.6,8:20,7.2,5.0,170
0:04:22,135,0.38,6:42,8.95,0.604,4:10,14.4,5.0,166
0:04:23,136,0.38,8:56,6.71,0.607,5:33,10.8,6.0,164
0:04:24,137,0.38,8:56,6.71,0.61,5:33,10.8,6.0,164
0:04:25,138,0.38,,4.47,0.612,8:20,7.2,6.0,164
0:04:26,139,0.38,4:28,13.42,0.618,2:47,21.6,6.0,166
0:04:27,139,0.39,5:22,11.18,0.623,3:20,18.0,6.0,168
0:04:28,140,0.39,8:56,6.71,0.626,5:33,10.8,6.0,168
0:04:29,140,0.39,,4.47,0.628,8:20,7.2,6.0,170
0:04:30,140,0.39,6:42,8.95,0.632,4:10,14.4,6.0,170
0:04:31,140,0.39,8:56,6.71,0.635,5:33,10.8,6.0,170
0:04:32,140,0.4,6:42,8.95,0.639,4:10,14.4,6.0,168
0:04:33,140,0.4,6:42,8.95,0.643,4:10,14.4,6.0,168
0:04:34,140,0.4,8:56,6.71,0.646,5:33,10.8,6.0,168
0:04:35,140,0.4,6:42,8.95,0.65,4:10,14.4,6.0,168
0:04:36,140,0.41,8:56,6.71,0.653,5:33,10.8,6.0,168
0:04:37,140,0.41,8:56,6.71,0.656,5:33,10.8,6.0,168
0:04:38,140,0.41,5:22,11.18,0.661,3:20,18.0,6.0,168
0:04:39,140,0.41,5:22,11.18,0.666,3:20,18.0,6.0,168
0:04:40,140,0.42,,4.47,0.668,8:20,7.2,6.0,168
0:04:41,139,0.42,8:56,6.71,0.671,5:33,10.8,6.0,170
0:04:42,139,0.42,6:42,8.95,0.675,4:10,14.4,6.0,170
0:04:43,139,0.42,6:42,8.95,0.679,4:10,14.4,6.0,170
0:04:44,139,0.42,8:56,6.71,0.682,5:33,10.8,6.0,170
0:04:45,139,0.43,6:42,8.95,0.686,4:10,14.4,6.0,170
0:04:46,138,0.43,6:42,8.95,0.69,4:10,14.4,6.0,170
0:04:47,138,0.43,6:42,8.95,0.694,4:10,14.4,6.0,170
0:04:48,138,0.43,,4.47,0.696,8:20,7.2,6.0,170
0:04:49,138,0.43,8:56,6.71,0.699,5:33,10.8,6.0,170
0:04:50,138,0.44,5:22,11.18,0.704,3:20,18.0,6.0,170
0:04:51,138,0.44,5:22,11.18,0.709,3:20,18.0,6.0,170
0:04:52,138,0.44,8:56,6.71,0.712,5:33,10.8,6.0,170
0:04:53,138,0.44,,4.47,0.714,8:20,7.2,6.0,170
0:04:54,138,0.45,6:42,8.95,0.718,4:10,14.4,6.0,170
0:04:55,138,0.45,6:42,8.95,0.722,4:10,14.4,6.0,170
0:04:56,138,0.45,6:42,8.95,0.726,4:10,14.4,6.0,170
0:04:57,138,0.45,6:42,8.95,0.73,4:10,14.4,6.0,170
0:04:58,138,0.46,6:42,8.95,0.734,4:10,14.4,6.0,170
0:04:59,138,0.46,8:56,6.71,0.737,5:33,10.8,6.0,170
0:05:00,138,0.46,8:56,6.71,0.74,5:33,10.8,6.0,170
0:05:01,138,0.46,,4.47,0.742,8:20,7.2,6.0,170
0:05:02,138,0.46,5:22,11.18,0.747,3:20,18.0,6.0,170
0:05:03,139,0.47,5:22,11.18,0.752,3:20,18.0,6.0,170
0:05:04,139,0.47,,4.47,0.754,8:20,7.2,6.0,170
0:05:05,139,0.47,8:56,6.71,0.757,5:33,10.8,6.0,170
0:05:06,139,0.47,6:42,8.95,0.761,4:10,14.4,6.0,170
0:05:07,139,0.48,6:42,8.95,0.765,4:10,14.4,6.0,170
0:05:08,139,0.48,6:42,8.95,0.769,4:10,14.4,6.0,170
0:05:09,139,0.48,6:42,8.95,0.773,4:10,14.4,6.0,170
0:05:10,139,0.48,8:56,6.71,0.776,5:33,10.8,6.0,170
0:05:11,139,0.48,6:42,8.95,0.78,4:10,14.4,6.0,170
0:05:12,139,0.49,,4.47,0.782,8:20,7.2,6.0,170
0:05:13,139,0.49,8:56,6.71,0.785,5:33,10.8,6.0,170
0:05:14,139,0.49,5:22,11.18,0.79,3:20,18.0,6.0,168
0:05:15,139,0.49,6:42,8.95,0.794,4:10,14.4,6.0,168
0:05:16,139,0.49,,4.47,0.796,8:20,7.2,6.0,168
0:05:17,138,0.5,8:56,6.71,0.799,5:33,10.8,6.0,168
0:05:18,138,0.5,8:56,6.71,0.802,5:33,10.8,6.0,168
0:05:19,138,0.5,6:42,8.95,0.806,4:10,14.4,6.0,168
0:05:20,138,0.5,6:42,8.95,0.81,4:10,14.4,6.0,168
0:05:21,137,0.51,8:56,6.71,0.813,5:33,10.8,6.0,168
0:05:22,137,0.51,6:42,8.95,0.817,4:10,14.4,6.0,168
0:05:23,137,0.51,6:42,8.95,0.821,4:10,14.4,6.0,168
0:05:24,137,0.51,,4.47,0.823,8:20,7.2,6.0,168
0:05:25,137,0.51,,4.47,0.825,8:20,7.2,6.0,168
0:05:26,136,0.52,5:22,11.18,0.83,3:20,18.0,6.0,168
0:05:27,136,0.52,5:22,11.18,0.835,3:20,18.0,6.0,168
0:05:28,136,0.52,8:56,6.71,0.838,5:33,10.8,6.0,168
0:05:29,136,0.52,,4.47,0.84,8:20,7.2,6.0,168
0:05:30,136,0.52,6:42,8.95,0.844,4:10,14.4,6.0,168
0:05:31,136,0.53,8:56,6.71,0.847,5:33,10.8,6.0,170
0:05:32,136,0.53,8:56,6.71,0.85,5:33,10.8,6.0,170
0:05:33,137,0.53,,4.47,0.852,8:20,7.2,6.0,170
0:05:34,137,0.53,5:22,11.18,0.857,3:20,18.0,6.0,170
0:05:35,137,0.54,5:22,11.18,0.862,3:20,18.0,6.0,170
0:05:36,138,0.54,,4.47,0.864,8:20,7.2,6.0,170
0:05:37,138,0.54,8:56,6.71,0.867,5:33,10.8,6.0,170
0:05:38,138,0.54,5:22,11.18,0.872,3:20,18.0,6.0,170
0:05:39,139,0.54,5:22,11.18,0.877,3:20,18.0,6.0,170
0:05:40,139,0.55,,4.47,0.879,8:20,7.2,6.0,168
0:05:41,139,0.55,,4.47,0.881,8:20,7.2,6.0,168
0:05:42,139,0.55,6:42,8.95,0.885,4:10,14.4,6.0,168
0:05:43,140,0.55,6:42,8.95,0.889,4:10,14.4,6.0,170
0:05:44,140,0.55,8:56,6.71,0.892,5:33,10.8,6.0,170
0:05:45,140,0.56,6:42,8.95,0.896,4:10,14.4,6.0,170
0:05:46,140,0.56,6:42,8.95,0.9,4:10,14.4,6.0,170
0:05:47,139,0.56,6:42,8.95,0.904,4:10,14.4,6.0,170
0:05:48,139,0.56,,4.47,0.906,8:20,7.2,6.0,170
0:05:49,139,0.56,8:56,6.71,0.909,5:33,10.8,6.0,170
0:05:50,139,0.57,5:22,11.18,0.914,3:20,18.0,6.0,170
0:05:51,139,0.57,5:22,11.18,0.919,3:20,18.0,6.0,170
0:05:52,139,0.57,8:56,6.71,0.922,5:33,10.8,6.0,170
0:05:53,138,0.57,,4.47,0.924,8:20,7.2,6.0,172
0:05:54,138,0.58,6:42,8.95,0.928,4:10,14.4,6.0,172
0:05:55,138,0.58,8:56,6.71,0.931,5:33,10.8,6.0,172
0:05:56,138,0.58,6:42,8.95,0.935,4:10,14.4,6.0,172
0:05:57,138,0.58,6:42,8.95,0.939,4:10,14.4,6.0,172
0:05:58,138,0.59,8:56,6.71,0.942,5:33,10.8,6.0,172
0:05:59,138,0.59,6:42,8.95,0.946,4:10,14.4,6.0,172
0:06:00,138,0.59,,4.47,0.948,8:20,7.2,6.0,172
0:06:01,138,0.59,8:56,6.71,0.951,5:33,10.8,6.0,172
0:06:02,138,0.59,5:22,11.18,0.956,3:20,18.0,6.0,172
0:06:03,138,0.6,5:22,11.18,0.961,3:20,18.0,6.0,172
0:06:04,138,0.6,8:56,6.71,0.964,5:33,10.8,6.0,172
0:06:05,138,0.6,,4.47,0.966,8:20,7.2,6.0,172
0:06:06,138,0.6,5:22,11.18,0.971,3:20,18.0,6.0,170
0:06:07,139,0.61,5:22,11.18,0.976,3:20,18.0,6.0,170
0:06:08,139,0.61,,4.47,0.978,8:20,7.2,6.0,170
0:06:09,139,0.61,8:56,6.71,0.981,5:33,10.8,6.0,170
0:06:10,139,0.61,8:56,6.71,0.984,5:33,10.8,6.0,170
0:06:11,139,0.61,6:42,8.95,0.988,4:10,14.4,6.0,170
0:06:12,140,0.62,,4.47,0.99,8:20,7.2,6.0,170
0:06:13,140,0.62,8:56,6.71,0.993,5:33,10.8,6.0,170
0:06:14,140,0.62,5:22,11.18,0.998,3:20,18.0,6.0,170
0:06:15,140,0.62,6:42,8.95,1.002,4:10,14.4,6.0,170
0:06:16,140,0.62,,4.47,1.004,8:20,7.2,6.0,170
0:06:17,140,0.63,8:56,6.71,1.007,5:33,10.8,6.0,170
0:06:18,140,0.63,5:22,11.18,1.012,3:20,18.0,6.0,170
0:06:19,139,0.63,5:22,11.18,1.017,3:20,18.0,6.0,170
0:06:20,139,0.63,8:56,6.71,1.02,5:33,10.8,6.0,170
0:06:21,139,0.64,,4.47,1.022,8:20,7.2,6.0,170
0:06:22,139,0.64,6:42,8.95,1.026,4:10,14.4,6.0,170
0:06:23,138,0.64,8:56,6.71,1.029,5:33,10.8,7.0,170
0:06:24,138,0.64,8:56,6.71,1.032,5:33,10.8,6.0,168
0:06:25,138,0.64,,4.47,1.034,8:20,7.2,6.0,168
0:06:26,138,0.64,6:42,8.95,1.038,4:10,14.4,6.0,168
0:06:27,138,0.65,5:22,11.18,1.043,3:20,18.0,6.0,166
0:06:28,138,0.65,8:56,6.71,1.046,5:33,10.8,6.0,166
0:06:29,137,0.65,,4.47,1.048,8:20,7.2,6.0,166
0:06:30,137,0.65,6:42,8.95,1.052,4:10,14.4,6.0,166
0:06:31,137,0.66,8:56,6.71,1.055,5:33,10.8,6.0,166
0:06:32,137,0.66,8:56,6.71,1.058,5:33,10.8,6.0,166
0:06:33,136,0.66,6:42,8.95,1.062,4:10,14.4,6.0,166
0:06:34,136,0.66,6:42,8.95,1.066,4:10,14.4,6.0,166
0:06:35,135,0.66,6:42,8.95,1.07,4:10,14.4,6.0,168
0:06:36,135,0.67,,4.47,1.072,8:20,7.2,6.0,168
0:06:37,135,0.67,8:56,6.71,1.075,5:33,10.8,6.0,168
0:06:38,134,0.67,5:22,11.18,1.08,3:20,18.0,6.0,168
0:06:39,134,0.67,6:42,8.95,1.084,4:10,14.4,6.0,168
0:06:40,133,0.67,,4.47,1.086,8:20,7.2,6.0,168
0:06:41,133,0.68,8:56,6.71,1.089,5:33,10.8,6.0,168
0:06:42,133,0.68,6:42,8.95,1.093,4:10,14.4,6.0,168
0:06:43,132,0.68,6:42,8.95,1.097,4:10,14.4,6.0,168
0:06:44,132,0.68,8:56,6.71,1.1,5:33,10.8,6.0,168
0:06:45,132,0.69,6:42,8.95,1.104,4:10,14.4,6.0,170
0:06:46,131,0.69,6:42,8.95,1.108,4:10,14.4,6.0,170
0:06:47,131,0.69,6:42,8.95,1.112,4:10,14.4,6.0,170
0:06:48,131,0.69,,4.47,1.114,8:20,7.2,6.0,168
0:06:49,131,0.69,8:56,6.71,1.117,5:33,10.8,6.0,168
0:06:50,130,0.7,5:22,11.18,1.122,3:20,18.0,6.0,168
0:06:51,130,0.7,6:42,8.95,1.126,4:10,14.4,6.0,170
0:06:52,130,0.7,,4.47,1.128,8:20,7.2,6.0,170
0:06:53,130,0.7,8:56,6.71,1.131,5:33,10.8,6.0,170
0:06:54,131,0.71,6:42,8.95,1.135,4:10,14.4,6.0,170
0:06:55,131,0.71,6:42,8.95,1.139,4:10,14.4,6.0,170
0:06:56,131,0.71,8:56,6.71,1.142,5:33,10.8,6.0,170
0:06:57,131,0.71,6:42,8.95,1.146,4:10,14.4,6.0,170
0:06:58,132,0.71,6:42,8.95,1.15,4:10,14.4,6.0,168
0:06:59,132,0.72,8:56,6.71,1.153,5:33,10.8,6.0,168
0:07:00,132,0.72,8:56,6.71,1.156,5:33,10.8,6.0,168
0:07:01,133,0.72,,4.47,1.158,8:20,7.2,6.0,168
0:07:02,133,0.72,6:42,8.95,1.162,4:10,14.4,6.0,168
0:07:03,133,0.73,5:22,11.18,1.167,3:20,18.0,6.0,168
0:07:04,134,0.73,8:56,6.71,1.17,5:33,10.8,6.0,168
0:07:05,134,0.73,,4.47,1.172,8:20,7.2,6.0,168
0:07:06,134,0.73,6:42,8.95,1.176,4:10,14.4,6.0,168
0:07:07,134,0.73,8:56,6.71,1.179,5:33,10.8,6.0,168
0:07:08,134,0.73,8:56,6.71,1.182,5:33,10.8,6.0,168
0:07:09,134,0.74,,4.47,1.184,8:20,7.2,6.0,168
0:07:10,134,0.74,6:42,8.95,1.188,4:10,14.4,6.0,168
0:07:11,134,0.74,5:22,11.18,1.193,3:20,18.0,6.0,168
0:07:12,134,0.74,8:56,6.71,1.196,5:33,10.8,6.0,168
0:07:13,134,0.74,,4.47,1.198,8:20,7.2,6.0,168
0:07:14,134,0.75,6:42,8.95,1.202,4:10,14.4,6.0,168
0:07:15,134,0.75,8:56,6.71,1.205,5:33,10.8,6.0,168
0:07:16,134,0.75,8:56,6.71,1.208,5:33,10.8,6.0,168
0:07:17,134,0.75,6:42,8.95,1.212,4:10,14.4,6.0,168
0:07:18,133,0.76,6:42,8.95,1.216,4:10,14.4,6.0,168
0:07:19,133,0.76,8:56,6.71,1.219,5:33,10.8,6.0,168
0:07:20,133,0.76,8:56,6.71,1.222,5:33,10.8,6.0,168
0:07:21,133,0.76,,4.47,1.224,8:20,7.2,6.0,168
0:07:22,133,0.76,6:42,8.95,1.228,4:10,14.4,6.0,168
0:07:23,132,0.77,5:22,11.18,1.233,3:20,18.0,6.0,168
0:07:24,132,0.77,8:56,6.71,1.236,5:33,10.8,6.0,168
0:07:25,132,0.77,,4.47,1.238,8:20,7.2,6.0,168
0:07:26,132,0.77,6:42,8.95,1.242,4:10,14.4,6.0,168
0:07:27,132,0.77,8:56,6.71,1.245,5:33,10.8,6.0,168
0:07:28,132,0.77,,4.47,1.247,8:20,7.2,6.0,168
0:07:29,132,0.78,,4.47,1.249,8:20,7.2,6.0,168
0:07:30,132,0.78,5:22,11.18,1.254,3:20,18.0,6.0,168
0:07:31,132,0.78,5:22,11.18,1.259,3:20,18.0,6.0,168
0:07:32,132,0.78,,4.47,1.261,8:20,7.2,6.0,168
0:07:33,131,0.78,,4.47,1.263,8:20,7.2,6.0,168
0:07:34,131,0.79,6:42,8.95,1.267,4:10,14.4,6.0,168
0:07:35,131,0.79,6:42,8.95,1.271,4:10,14.4,6.0,168
0:07:36,131,0.79,8:56,6.71,1.274,5:33,10.8,6.0,168
0:07:37,130,0.79,6:42,8.95,1.278,4:10,14.4,6.0,168
0:07:38,130,0.8,6:42,8.95,1.282,4:10,14.4,6.0,168
0:07:39,130,0.8,8:56,6.71,1.285,5:33,10.8,6.0,168
0:07:40,130,0.8,8:56,6.71,1.288,5:33,10.8,6.0,168
0:07:41,130,0.8,,4.47,1.29,8:20,7.2,6.0,168
0:07:42,131,0.8,6:42,8.95,1.294,4:10,14.4,6.0,166
0:07:43,131,0.81,6:42,8.95,1.298,4:10,14.4,6.0,162
0:07:44,132,0.81,,4.47,1.3,8:20,7.2,6.0,158
0:07:45,132,0.81,,4.47,1.302,8:20,7.2,6.0,154
0:07:46,132,0.81,,4.47,1.304,8:20,7.2,6.0,140
0:07:47,132,0.81,,2.24,1.305,,3.6,6.0,126
0:07:48,133,0.81,,2.24,1.306,,3.6,6.0,122
0:07:49,133,0.81,,4.47,1.308,8:20,7.2,6.0,116
0:07:50,133,0.81,,4.47,1.31,8:20,7.2,6.0,114
0:07:51,133,0.81,,2.24,1.311,,3.6,6.0,114
0:07:52,132,0.82,,2.24,1.312,,3.6,6.0,114
0:07:53,132,0.82,,2.24,1.312,,3.6,7.0,114
0:07:54,131,0.82,,2.24,1.313,,3.6,7.0,114
0:07:55,130,0.82,,2.24,1.314,,3.6,7.0,114
0:07:56,129,0.82,,2.24,1.314,,3.6,7.0,56
0:07:57,129,0.82,,2.24,1.314,,3.6,7.0,0
0:07:58,128,0.82,,2.24,1.314,,3.6,7.0,0
0:07:59,127,0.82,,2.24,1.314,,3.6,7.0,0
0:08:00,126,0.82,,2.24,1.314,,3.6,7.0,0
0:08:01,124,0.82,,2.24,1.314,,3.6,7.0,0
0:08:02,123,0.82,,2.24,1.315,,3.6,7.0,0
0:08:03,122,0.82,,2.24,1.316,,3.6,7.0,0
0:08:04,121,0.82,,2.24,1.316,,3.6,7.0,48
0:08:05,120,0.82,,2.24,1.317,,3.6,7.0,98
0:08:06,119,0.82,,2.24,1.318,,3.6,7.0,104
0:08:07,117,0.82,,4.47,1.32,8:20,7.2,7.0,112
0:08:08,115,0.82,,4.47,1.322,8:20,7.2,7.0,112
0:08:09,113,0.82,,2.24,1.323,,3.6,7.0,112
0:08:10,112,0.82,,4.47,1.325,8:20,7.2,7.0,112
0:08:11,110,0.82,,4.47,1.327,8:20,7.2,7.0,114
0:08:12,109,0.83,,2.24,1.328,,3.6,7.0,118
0:08:13,108,0.83,,2.24,1.328,,3.6,7.0,122
0:08:14,107,0.83,5:22,11.18,1.333,3:20,18.0,6.0,144
0:08:15,107,0.83,5:22,11.18,1.338,3:20,18.0,6.0,168
0:08:16,107,0.83,6:42,8.95,1.342,4:10,14.4,6.0,168
0:08:17,107,0.84,6:42,8.95,1.346,4:10,14.4,6.0,170
0:08:18,106,0.84,6:42,8.95,1.35,4:10,14.4,6.0,170
0:08:19,106,0.84,8:56,6.71,1.353,5:33,10.8,6.0,172
0:08:20,106,0.84,8:56,6.71,1.356,5:33,10.8,6.0,172
0:08:21,107,0.84,8:56,6.71,1.359,5:33,10.8,6.0,174
0:08:22,109,0.85,5:22,11.18,1.364,3:20,18.0,6.0,174
0:08:23,110,0.85,5:22,11.18,1.369,3:20,18.0,6.0,174
0:08:24,111,0.85,8:56,6.71,1.372,5:33,10.8,6.0,174
0:08:25,112,0.85,,4.47,1.374,8:20,7.2,6.0,174
0:08:26,113,0.86,5:22,11.18,1.379,3:20,18.0,6.0,174
0:08:27,114,0.86,5:22,11.18,1.384,3:20,18.0,6.0,174
0:08:28,114,0.86,,4.47,1.386,8:20,7.2,6.0,174
0:08:29,115,0.86,8:56,6.71,1.389,5:33,10.8,6.0,174
0:08:30,115,0.86,8:56,6.71,1.392,5:33,10.8,6.0,172
0:08:31,116,0.87,6:42,8.95,1.396,4:10,14.4,6.0,172
0:08:32,117,0.87,6:42,8.95,1.4,4:10,14.4,6.0,172
0:08:33,117,0.87,6:42,8.95,1.404,4:10,14.4,6.0,172
0:08:34,118,0.87,6:42,8.95,1.408,4:10,14.4,6.0,172
0:08:35,118,0.88,8:56,6.71,1.411,5:33,10.8,6.0,172
0:08:36,119,0.88,6:42,8.95,1.415,4:10,14.4,6.0,172
0:08:37,120,0.88,6:42,8.95,1.419,4:10,14.4,6.0,172
0:08:38,122,0.88,8:56,6.71,1.422,5:33,10.8,6.0,172
0:08:39,123,0.89,6:42,8.95,1.426,4:10,14.4,6.0,172
0:08:40,123,0.89,,4.47,1.428,8:20,7.2,6.0,172
0:08:41,124,0.89,8:56,6.71,1.431,5:33,10.8,6.0,172
0:08:42,124,0.89,5:22,11.18,1.436,3:20,18.0,6.0,172
0:08:43,125,0.9,5:22,11.18,1.441,3:20,18.0,6.0,172
0:08:44,125,0.9,8:56,6.71,1.444,5:33,10.8,6.0,170
0:08:45,126,0.9,,4.47,1.446,8:20,7.2,6.0,170
0:08:46,127,0.9,6:42,8.95,1.45,4:10,14.4,6.0,170
0:08:47,128,0.9,6:42,8.95,1.454,4:10,14.4,6.0,170
0:08:48,128,0.91,6:42,8.95,1.458,4:10,14.4,6.0,170
0:08:49,129,0.91,6:42,8.95,1.462,4:10,14.4,6.0,170
0:08:50,129,0.91,6:42,8.95,1.466,4:10,14.4,6.0,170
0:08:51,130,0.91,8:56,6.71,1.469,5:33,10.8,6.0,170
0:08:52,131,0.91,8:56,6.71,1.472,5:33,10.8,6.0,170
0:08:53,132,0.92,8:56,6.71,1.475,5:33,10.8,6.0,170
0:08:54,132,0.92,5:22,11.18,1.48,3:20,18.0,6.0,170
0:08:55,133,0.92,5:22,11.18,1.485,3:20,18.0,6.0,170
0:08:56,133,0.92,8:56,6.71,1.488,5:33,10.8,6.0,170
0:08:57,134,0.93,,4.47,1.49,8:20,7.2,6.0,170
0:08:58,135,0.93,4:28,13.42,1.496,2:47,21.6,6.0,170
0:08:59,135,0.93,5:22,11.18,1.501,3:20,18.0,6.0,170
0:09:00,136,0.93,8:56,6.71,1.504,5:33,10.8,6.0,170
0:09:01,136,0.94,,4.47,1.506,8:20,7.2,6.0,170
0:09:02,136,0.94,6:42,8.95,1.51,4:10,14.4,6.0,170
0:09:03,136,0.94,6:42,8.95,1.514,4:10,14.4,6.0,170
0:09:04,136,0.94,6:42,8.95,1.518,4:10,14.4,6.0,170
0:09:05,136,0.95,8:56,6.71,1.521,5:33,10.8,6.0,170
0:09:06,135,0.95,6:42,8.95,1.525,4:10,14.4,6.0,170
0:09:07,135,0.95,6:42,8.95,1.529,4:10,14.4,6.0,170
0:09:08,135,0.95,8:56,6.71,1.532,5:33,10.8,6.0,170
0:09:09,135,0.95,6:42,8.95,1.536,4:10,14.4,6.0,170
0:09:10,135,0.96,6:42,8.95,1.54,4:10,14.4,6.0,170
0:09:11,135,0.96,6:42,8.95,1.544,4:10,14.4,6.0,170
0:09:12,134,0.96,,4.47,1.546,8:20,7.2,6.0,170
0:09:13,134,0.96,8:56,6.71,1.549,5:33,10.8,6.0,170
0:09:14,134,0.96,8:56,6.71,1.552,5:33,10.8,6.0,170
0:09:15,134,0.97,6:42,8.95,1.556,4:10,14.4,6.0,172
0:09:16,134,0.97,6:42,8.95,1.56,4:10,14.4,6.0,170
0:09:17,134,0.97,6:42,8.95,1.564,4:10,14.4,6.0,170
0:09:18,133,0.97,6:42,8.95,1.568,4:10,14.4,6.0,170
0:09:19,133,0.98,6:42,8.95,1.572,4:10,14.4,6.0,170
0:09:20,133,0.98,,4.47,1.574,8:20,7.2,6.0,170
0:09:21,133,0.98,8:56,6.71,1.577,5:33,10.8,6.0,170
0:09:22,133,0.98,5:22,11.18,1.582,3:20,18.0,6.0,170
0:09:23,133,0.99,6:42,8.95,1.586,4:10,14.4,6.0,170
0:09:24,133,0.99,8:56,6.71,1.589,5:33,10.8,6.0,170
0:09:25,134,0.99,8:56,6.71,1.592,5:33,10.8,6.0,170
0:09:26,134,0.99,6:42,8.95,1.596,4:10,14.4,6.0,170
0:09:27,134,0.99,8:56,6.71,1.599,5:33,10.8,6.0,170
0:09:28,135,1.0,5:22,11.18,1.604,3:20,18.0,6.0,170
0:09:28,135,1.0,,11.18,1.604,,18.0,6.0,170
0:09:29,135,1.0,5:22,11.18,1.609,3:20,18.0,6.0,170
0:09:30,135,1.0,8:56,6.71,1.612,5:33,10.8,6.0,170
0:09:31,136,1.0,,4.47,1.614,8:20,7.2,6.0,170
0:09:32,137,1.0,,4.47,1.616,8:20,7.2,6.0,170
0:09:33,137,1.01,8:56,6.71,1.619,5:33,10.8,6.0,170
0:09:34,137,1.01,5:22,11.18,1.624,3:20,18.0,6.0,170
0:09:35,138,1.01,5:22,11.18,1.629,3:20,18.0,6.0,170
0:09:36,138,1.01,8:56,6.71,1.632,5:33,10.8,6.0,170
0:09:37,139,1.02,,4.47,1.634,8:20,7.2,6.0,170
0:09:38,139,1.02,6:42,8.95,1.638,4:10,14.4,6.0,170
0:09:39,139,1.02,6:42,8.95,1.642,4:10,14.4,6.0,170
0:09:40,140,1.02,6:42,8.95,1.646,4:10,14.4,6.0,170
0:09:41,140,1.02,8:56,6.71,1.649,5:33,10.8,6.0,170
0:09:42,140,1.03,8:56,6.71,1.652,5:33,10.8,6.0,170
0:09:43,140,1.03,6:42,8.95,1.656,4:10,14.4,6.0,170
0:09:44,140,1.03,,4.47,1.658,8:20,7.2,6.0,170
0:09:45,140,1.03,8:56,6.71,1.661,5:33,10.8,6.0,170
0:09:46,141,1.04,5:22,11.18,1.666,3:20,18.0,6.0,168
0:09:47,141,1.04,6:42,8.95,1.67,4:10,14.4,6.0,168
0:09:48,141,1.04,,4.47,1.672,8:20,7.2,6.0,168
0:09:49,140,1.04,8:56,6.71,1.675,5:33,10.8,6.0,168
0:09:50,140,1.04,6:42,8.95,1.679,4:10,14.4,6.0,168
0:09:51,140,1.05,6:42,8.95,1.683,4:10,14.4,6.0,168
0:09:52,140,1.05,8:56,6.71,1.686,5:33,10.8,6.0,168
0:09:53,140,1.05,6:42,8.95,1.69,4:10,14.4,6.0,168
0:09:54,139,1.05,6:42,8.95,1.694,4:10,14.4,6.0,168
0:09:55,139,1.05,8:56,6.71,1.697,5:33,10.8,6.0,168
0:09:56,139,1.06,8:56,6.71,1.7,5:33,10.8,6.0,168
0:09:57,139,1.06,,4.47,1.702,8:20,7.2,6.0,168
0:09:58,139,1.06,5:22,11.18,1.707,3:20,18.0,6.0,168
0:09:59,138,1.06,5:22,11.18,1.712,3:20,18.0,6.0,170
0:10:00,138,1.07,6:42,8.95,1.716,4:10,14.4,6.0,170
0:10:01,138,1.07,8:56,6.71,1.719,5:33,10.8,6.0,170
0:10:02,138,1.07,8:56,6.71,1.722,5:33,10.8,6.0,168
0:10:03,137,1.07,,4.47,1.724,8:20,7.2,6.0,168
0:10:04,137,1.07,6:42,8.95,1.728,4:10,14.4,6.0,168
0:10:05,137,1.08,5:22,11.18,1.733,3:20,18.0,6.0,168
0:10:06,137,1.08,8:56,6.71,1.736,5:33,10.8,6.0,168
0:10:07,137,1.08,,4.47,1.738,8:20,7.2,6.0,168
0:10:08,137,1.08,,4.47,1.74,8:20,7.2,6.0,168
0:10:09,137,1.08,8:56,6.71,1.743,5:33,10.8,6.0,168
0:10:10,136,1.09,5:22,11.18,1.748,3:20,18.0,6.0,168
0:10:11,136,1.09,5:22,11.18,1.753,3:20,18.0,6.0,168
0:10:12,136,1.09,,4.47,1.755,8:20,7.2,6.0,168
0:10:13,136,1.09,,4.47,1.757,8:20,7.2,6.0,168
0:10:14,136,1.09,6:42,8.95,1.761,4:10,14.4,6.0,168
0:10:15,135,1.1,6:42,8.95,1.765,4:10,14.4,6.0,168
0:10:16,135,1.1,5:22,11.18,1.77,3:20,18.0,6.0,168
0:10:17,135,1.1,6:42,8.95,1.774,4:10,14.4,6.0,168
0:10:18,135,1.1,,4.47,1.776,8:20,7.2,6.0,168
0:10:19,135,1.11,8:56,6.71,1.779,5:33,10.8,6.0,168
0:10:20,134,1.11,8:56,6.71,1.782,5:33,10.8,6.0,168
0:10:21,134,1.11,6:42,8.95,1.786,4:10,14.4,6.0,170
0:10:22,134,1.11,6:42,8.95,1.79,4:10,14.4,6.0,170
0:10:23,134,1.11,6:42,8.95,1.794,4:10,14.4,6.0,170
0:10:24,134,1.12,,4.47,1.796,8:20,7.2,6.0,170
0:10:25,134,1.12,8:56,6.71,1.799,5:33,10.8,6.0,172
0:10:26,134,1.12,8:56,6.71,1.802,5:33,10.8,6.0,170
0:10:27,134,1.12,6:42,8.95,1.806,4:10,14.4,6.0,170
0:10:28,134,1.12,6:42,8.95,1.81,4:10,14.4,6.0,170
0:10:29,134,1.13,6:42,8.95,1.814,4:10,14.4,6.0,170
0:10:30,134,1.13,6:42,8.95,1.818,4:10,14.4,6.0,170
0:10:31,134,1.13,8:56,6.71,1.821,5:33,10.8,6.0,170
0:10:32,134,1.13,8:56,6.71,1.824,5:33,10.8,6.0,170
0:10:33,135,1.13,,4.47,1.826,8:20,7.2,6.0,170
0:10:34,135,1.14,5:22,11.18,1.831,3:20,18.0,6.0,170
0:10:35,135,1.14,5:22,11.18,1.836,3:20,18.0,6.0,170
0:10:36,135,1.14,6:42,8.95,1.84,4:10,14.4,6.0,170
0:10:37,135,1.15,8:56,6.71,1.843,5:33,10.8,6.0,170
0:10:38,135,1.15,8:56,6.71,1.846,5:33,10.8,6.0,170
0:10:39,135,1.15,,4.47,1.848,8:20,7.2,6.0,170
0:10:40,135,1.15,6:42,8.95,1.852,4:10,14.4,6.0,170
0:10:41,135,1.15,5:22,11.18,1.857,3:20,18.0,6.0,170
0:10:42,135,1.16,8:56,6.71,1.86,5:33,10.8,6.0,170
0:10:43,135,1.16,,4.47,1.862,8:20,7.2,6.0,170
0:10:44,135,1.16,,4.47,1.864,8:20,7.2,6.0,170
0:10:45,135,1.16,,4.47,1.866,8:20,7.2,6.0,170
0:10:46,135,1.16,6:42,8.95,1.87,4:10,14.4,6.0,168
0:10:47,135,1.17,5:22,11.18,1.875,3:20,18.0,6.0,168
0:10:48,135,1.17,8:56,6.71,1.878,5:33,10.8,6.0,168
0:10:49,135,1.17,,4.47,1.88,8:20,7.2,6.0,168
0:10:50,135,1.17,8:56,6.71,1.883,5:33,10.8,6.0,168
0:10:51,135,1.17,8:56,6.71,1.886,5:33,10.8,6.0,168
0:10:52,135,1.17,,4.47,1.888,8:20,7.2,6.0,168
0:10:53,135,1.18,8:56,6.71,1.891,5:33,10.8,6.0,168
0:10:54,135,1.18,5:22,11.18,1.896,3:20,18.0,6.0,168
0:10:55,135,1.18,6:42,8.95,1.9,4:10,14.4,6.0,168
0:10:56,135,1.18,6:42,8.95,1.904,4:10,14.4,6.0,168
0:10:57,135,1.18,8:56,6.71,1.907,5:33,10.8,6.0,166
0:10:58,135,1.19,,4.47,1.909,8:20,7.2,6.0,166
0:10:59,135,1.19,,4.47,1.911,8:20,7.2,6.0,166
0:11:00,135,1.19,,4.47,1.913,8:20,7.2,6.0,154
0:11:01,135,1.19,,4.47,1.915,8:20,7.2,6.0,144
0:11:02,135,1.19,8:56,6.71,1.918,5:33,10.8,6.0,144
0:11:03,135,1.19,,4.47,1.92,8:20,7.2,6.0,144
0:11:04,135,1.19,,4.47,1.922,8:20,7.2,6.0,156
0:11:05,135,1.2,8:56,6.71,1.925,5:33,10.8,6.0,168
0:11:06,135,1.2,5:22,11.18,1.93,3:20,18.0,6.0,168
0:11:07,135,1.2,6:42,8.95,1.934,4:10,14.4,6.0,170
0:11:08,135,1.2,,4.47,1.936,8:20,7.2,7.0,170
0:11:09,134,1.2,8:56,6.71,1.939,5:33,10.8,7.0,170
0:11:10,134,1.21,8:56,6.71,1.942,5:33,10.8,7.0,170
0:11:11,134,1.21,6:42,8.95,1.946,4:10,14.4,7.0,170
0:11:12,134,1.21,5:22,11.18,1.951,3:20,18.0,7.0,170
0:11:13,134,1.22,5:22,11.18,1.956,3:20,18.0,7.0,172
0:11:14,133,1.22,,4.47,1.958,8:20,7.2,7.0,172
0:11:15,133,1.22,8:56,6.71,1.961,5:33,10.8,7.0,172
0:11:16,133,1.22,5:22,11.18,1.966,3:20,18.0,7.0,172
0:11:17,133,1.22,5:22,11.18,1.971,3:20,18.0,7.0,174
0:11:18,133,1.23,8:56,6.71,1.974,5:33,10.8,7.0,172
0:11:19,133,1.23,,4.47,1.976,8:20,7.2,6.0,172
0:11:20,134,1.23,,4.47,1.978,8:20,7.2,6.0,172
0:11:21,134,1.23,8:56,6.71,1.981,5:33,10.8,6.0,172
0:11:22,134,1.23,5:22,11.18,1.986,3:20,18.0,6.0,172
0:11:23,134,1.24,5:22,11.18,1.991,3:20,18.0,6.0,172
0:11:24,134,1.24,8:56,6.71,1.994,5:33,10.8,6.0,172
0:11:25,134,1.24,,4.47,1.996,8:20,7.2,6.0,172
0:11:26,134,1.24,6:42,8.95,2.0,4:10,14.4,6.0,172
0:11:27,135,1.25,6:42,8.95,2.004,4:10,14.4,6.0,172
0:11:28,135,1.25,5:22,11.18,2.009,3:20,18.0,7.0,172
0:11:29,135,1.25,5:22,11.18,2.014,3:20,18.0,7.0,172
0:11:30,135,1.25,,4.47,2.016,8:20,7.2,7.0,172
0:11:31,135,1.25,8:56,6.71,2.019,5:33,10.8,7.0,172
0:11:32,136,1.26,5:22,11.18,2.024,3:20,18.0,7.0,172
0:11:33,136,1.26,5:22,11.18,2.029,3:20,18.0,7.0,172
0:11:34,136,1.26,8:56,6.71,2.032,5:33,10.8,7.0,172
0:11:35,136,1.26,,4.47,2.034,8:20,7.2,7.0,172
0:11:36,137,1.27,,4.47,2.036,8:20,7.2,7.0,172
0:11:37,137,1.27,8:56,6.71,2.039,5:33,10.8,7.0,172
0:11:38,137,1.27,5:22,11.18,2.044,3:20,18.0,7.0,172
0:11:39,138,1.27,5:22,11.18,2.049,3:20,18.0,7.0,172
0:11:40,138,1.28,8:56,6.71,2.052,5:33,10.8,7.0,172
0:11:41,139,1.28,,4.47,2.054,8:20,7.2,7.0,174
0:11:42,139,1.28,6:42,8.95,2.058,4:10,14.4,7.0,172
0:11:43,140,1.28,6:42,8.95,2.062,4:10,14.4,7.0,172
0:11:44,140,1.28,6:42,8.95,2.066,4:10,14.4,7.0,172
0:11:45,140,1.29,8:56,6.71,2.069,5:33,10.8,7.0,172
0:11:46,141,1.29,6:42,8.95,2.073,4:10,14.4,7.0,172
0:11:47,141,1.29,6:42,8.95,2.077,4:10,14.4,7.0,172
0:11:48,141,1.29,5:22,11.18,2.082,3:20,18.0,7.0,172
0:11:49,141,1.3,5:22,11.18,2.087,3:20,18.0,6.0,172
0:11:50,142,1.3,8:56,6.71,2.09,5:33,10.8,6.0,172
0:11:51,142,1.3,,4.47,2.092,8:20,7.2,6.0,172
0:11:52,142,1.3,6:42,8.95,2.096,4:10,14.4,6.0,172
0:11:53,142,1.3,8:56,6.71,2.099,5:33,10.8,6.0,172
0:11:54,142,1.31,6:42,8.95,2.103,4:10,14.4,6.0,172
0:11:55,142,1.31,6:42,8.95,2.107,4:10,14.4,6.0,172
0:11:56,142,1.31,8:56,6.71,2.11,5:33,10.8,6.0,172
0:11:57,142,1.31,,4.47,2.112,8:20,7.2,6.0,172
0:11:58,142,1.31,6:42,8.95,2.116,4:10,14.4,6.0,172
0:11:59,142,1.32,6:42,8.95,2.12,4:10,14.4,6.0,172
0:12:00,142,1.32,6:42,8.95,2.124,4:10,14.4,6.0,172
0:12:01,142,1.32,6:42,8.95,2.128,4:10,14.4,6.0,172
0:12:02,142,1.32,6:42,8.95,2.132,4:10,14.4,6.0,172
0:12:03,141,1.33,8:56,6.71,2.135,5:33,10.8,6.0,174
0:12:04,141,1.33,5:22,11.18,2.14,3:20,18.0,6.0,174
0:12:05,141,1.33,5:22,11.18,2.145,3:20,18.0,6.0,174
0:12:06,141,1.33,8:56,6.71,2.148,5:33,10.8,6.0,172
0:12:07,141,1.34,8:56,6.71,2.151,5:33,10.8,6.0,172
0:12:08,141,1.34,8:56,6.71,2.154,5:33,10.8,6.0,172
0:12:09,141,1.34,,4.47,2.156,8:20,7.2,6.0,172
0:12:10,141,1.34,5:22,11.18,2.161,3:20,18.0,6.0,172
0:12:11,141,1.35,5:22,11.18,2.166,3:20,18.0,6.0,172
0:12:12,141,1.35,,4.47,2.168,8:20,7.2,6.0,172
0:12:13,141,1.35,8:56,6.71,2.171,5:33,10.8,6.0,172
0:12:14,141,1.35,8:56,6.71,2.174,5:33,10.8,6.0,172
0:12:15,141,1.35,6:42,8.95,2.178,4:10,14.4,6.0,172
0:12:16,141,1.36,6:42,8.95,2.182,4:10,14.4,6.0,172
0:12:17,141,1.36,6:42,8.95,2.186,4:10,14.4,6.0,172
0:12:18,141,1.36,6:42,8.95,2.19,4:10,14.4,6.0,172
0:12:19,141,1.36,8:56,6.71,2.193,5:33,10.8,6.0,172
0:12:20,141,1.37,5:22,11.18,2.198,3:20,18.0,6.0,172
0:12:21,142,1.37,5:22,11.18,2.203,3:20,18.0,6.0,172
0:12:22,142,1.37,8:56,6.71,2.206,5:33,10.8,6.0,172
0:12:23,142,1.37,,4.47,2.208,8:20,7.2,6.0,174
0:12:24,142,1.37,6:42,8.95,2.212,4:10,14.4,6.0,174
0:12:25,143,1.38,6:42,8.95,2.216,4:10,14.4,6.0,174
0:12:26,143,1.38,6:42,8.95,2.22,4:10,14.4,6.0,172
0:12:27,143,1.38,8:56,6.71,2.223,5:33,10.8,6.0,172
0:12:28,143,1.38,6:42,8.95,2.227,4:10,14.4,6.0,172
0:12:29,143,1.39,6:42,8.95,2.231,4:10,14.4,6.0,172
0:12:30,143,1.39,8:56,6.71,2.234,5:33,10.8,6.0,172
0:12:31,143,1.39,6:42,8.95,2.238,4:10,14.4,6.0,172
0:12:32,143,1.39,,4.47,2.24,8:20,7.2,6.0,172
0:12:33,143,1.39,8:56,6.71,2.243,5:33,10.8,6.0,172
0:12:34,143,1.4,6:42,8.95,2.247,4:10,14.4,6.0,172
0:12:35,142,1.4,6:42,8.95,2.251,4:10,14.4,6.0,172
0:12:36,142,1.4,5:22,11.18,2.256,3:20,18.0,6.0,172
0:12:37,142,1.4,5:22,11.18,2.261,3:20,18.0,6.0,172
0:12:38,142,1.41,8:56,6.71,2.264,5:33,10.8,6.0,172
0:12:39,141,1.41,,4.47,2.266,8:20,7.2,6.0,174
0:12:40,141,1.41,5:22,11.18,2.271,3:20,18.0,6.0,174
0:12:41,141,1.41,5:22,11.18,2.276,3:20,18.0,6.0,174
0:12:42,141,1.42,8:56,6.71,2.279,5:33,10.8,6.0,172
0:12:43,141,1.42,8:56,6.71,2.282,5:33,10.8,6.0,172
0:12:44,141,1.42,6:42,8.95,2.286,4:10,14.4,6.0,172
0:12:45,141,1.42,8:56,6.71,2.289,5:33,10.8,6.0,172
0:12:46,141,1.42,6:42,8.95,2.293,4:10,14.4,6.0,172
0:12:47,141,1.43,6:42,8.95,2.297,4:10,14.4,6.0,172
0:12:48,141,1.43,8:56,6.71,2.3,5:33,10.8,6.0,172
0:12:49,141,1.43,,4.47,2.302,8:20,7.2,6.0,172
0:12:50,141,1.43,6:42,8.95,2.306,4:10,14.4,6.0,172
0:12:51,141,1.44,6:42,8.95,2.31,4:10,14.4,6.0,174
0:12:52,141,1.44,6:42,8.95,2.314,4:10,14.4,6.0,174
0:12:53,142,1.44,8:56,6.71,2.317,5:33,10.8,6.0,174
0:12:54,142,1.44,6:42,8.95,2.321,4:10,14.4,6.0,174
0:12:55,142,1.44,6:42,8.95,2.325,4:10,14.4,6.0,174
0:12:56,142,1.45,5:22,11.18,2.33,3:20,18.0,6.0,174
0:12:57,142,1.45,5:22,11.18,2.335,3:20,18.0,6.0,174
0:12:58,143,1.45,8:56,6.71,2.338,5:33,10.8,6.0,174
0:12:59,143,1.45,8:56,6.71,2.341,5:33,10.8,6.0,174
0:13:00,143,1.46,8:56,6.71,2.344,5:33,10.8,6.0,174
0:13:01,143,1.46,6:42,8.95,2.348,4:10,14.4,6.0,174
0:13:02,144,1.46,6:42,8.95,2.352,4:10,14.4,6.0,174
0:13:03,144,1.46,6:42,8.95,2.356,4:10,14.4,6.0,174
0:13:04,144,1.47,6:42,8.95,2.36,4:10,14.4,6.0,174
0:13:05,144,1.47,8:56,6.71,2.363,5:33,10.8,6.0,174
0:13:06,144,1.47,6:42,8.95,2.367,4:10,14.4,6.0,172
0:13:07,145,1.47,6:42,8.95,2.371,4:10,14.4,6.0,172
0:13:08,145,1.48,8:56,6.71,2.374,5:33,10.8,6.0,172
0:13:09,145,1.48,,4.47,2.376,8:20,7.2,6.0,172
0:13:10,145,1.48,6:42,8.95,2.38,4:10,14.4,6.0,172
0:13:11,145,1.48,8:56,6.71,2.383,5:33,10.8,6.0,172
0:13:12,145,1.48,6:42,8.95,2.387,4:10,14.4,6.0,172
0:13:13,146,1.49,6:42,8.95,2.391,4:10,14.4,6.0,172
0:13:14,146,1.49,8:56,6.71,2.394,5:33,10.8,6.0,172
0:13:15,146,1.49,6:42,8.95,2.398,4:10,14.4,6.0,172
0:13:16,146,1.49,6:42,8.95,2.402,4:10,14.4,6.0,172
0:13:17,146,1.5,6:42,8.95,2.406,4:10,14.4,6.0,172
0:13:18,146,1.5,6:42,8.95,2.41,4:10,14.4,6.0,172
0:13:19,145,1.5,8:56,6.71,2.413,5:33,10.8,6.0,172
0:13:20,145,1.5,6:42,8.95,2.417,4:10,14.4,6.0,172
0:13:21,145,1.5,6:42,8.95,2.421,4:10,14.4,6.0,172
0:13:22,145,1.51,8:56,6.71,2.424,5:33,10.8,6.0,172
0:13:23,145,1.51,6:42,8.95,2.428,4:10,14.4,6.0,172
0:13:24,145,1.51,,4.47,2.43,8:20,7.2,6.0,172
0:13:25,145,1.51,8:56,6.71,2.433,5:33,10.8,6.0,172
0:13:26,145,1.51,6:42,8.95,2.437,4:10,14.4,6.0,172
0:13:27,144,1.52,6:42,8.95,2.441,4:10,14.4,6.0,172
0:13:28,144,1.52,5:22,11.18,2.446,3:20,18.0,6.0,172
0:13:29,144,1.52,5:22,11.18,2.451,3:20,18.0,6.0,172
0:13:30,144,1.52,8:56,6.71,2.454,5:33,10.8,6.0,172
0:13:31,144,1.53,,4.47,2.456,8:20,7.2,6.0,172
0:13:32,144,1.53,6:42,8.95,2.46,4:10,14.4,6.0,172
0:13:33,144,1.53,8:56,6.71,2.463,5:33,10.8,6.0,172
0:13:34,144,1.53,6:42,8.95,2.467,4:10,14.4,6.0,172
0:13:35,144,1.54,6:42,8.95,2.471,4:10,14.4,6.0,172
0:13:36,144,1.54,8:56,6.71,2.474,5:33,10.8,6.0,172
0:13:37,144,1.54,6:42,8.95,2.478,4:10,14.4,6.0,172
0:13:38,144,1.54,6:42,8.95,2.482,4:10,14.4,6.0,172
0:13:39,144,1.54,6:42,8.95,2.486,4:10,14.4,6.0,174
0:13:40,144,1.55,6:42,8.95,2.49,4:10,14.4,6.0,174
0:13:41,144,1.55,8:56,6.71,2.493,5:33,10.8,6.0,174
0:13:42,144,1.55,8:56,6.71,2.496,5:33,10.8,6.0,172
0:13:43,144,1.55,,4.47,2.498,8:20,7.2,6.0,172
0:13:44,144,1.56,5:22,11.18,2.503,3:20,18.0,6.0,172
0:13:45,144,1.56,5:22,11.18,2.508,3:20,18.0,6.0,172
0:13:46,145,1.56,,4.47,2.51,8:20,7.2,6.0,172
0:13:47,145,1.56,8:56,6.71,2.513,5:33,10.8,6.0,172
0:13:48,145,1.56,5:22,11.18,2.518,3:20,18.0,6.0,172
0:13:49,145,1.57,5:22,11.18,2.523,3:20,18.0,6.0,172
0:13:50,145,1.57,8:56,6.71,2.526,5:33,10.8,6.0,172
0:13:51,145,1.57,,4.47,2.528,8:20,7.2,6.0,172
0:13:52,145,1.57,6:42,8.95,2.532,4:10,14.4,6.0,172
0:13:53,145,1.58,8:56,6.71,2.535,5:33,10.8,6.0,172
0:13:54,145,1.58,6:42,8.95,2.539,4:10,14.4,6.0,172
0:13:55,145,1.58,6:42,8.95,2.543,4:10,14.4,6.0,172
0:13:56,145,1.58,8:56,6.71,2.546,5:33,10.8,6.0,172
0:13:57,145,1.58,6:42,8.95,2.55,4:10,14.4,6.0,172
0:13:58,144,1.59,,4.47,2.552,8:20,7.2,6.0,170
0:13:59,144,1.59,8:56,6.71,2.555,5:33,10.8,6.0,170
0:14:00,144,1.59,8:56,6.71,2.558,5:33,10.8,6.0,170
0:14:01,144,1.59,6:42,8.95,2.562,4:10,14.4,6.0,170
0:14:02,144,1.59,6:42,8.95,2.566,4:10,14.4,6.0,170
0:14:03,143,1.6,6:42,8.95,2.57,4:10,14.4,6.0,170
0:14:04,143,1.6,6:42,8.95,2.574,4:10,14.4,6.0,170
0:14:05,143,1.6,8:56,6.71,2.577,5:33,10.8,6.0,170
0:14:06,143,1.6,8:56,6.71,2.58,5:33,10.8,6.0,170
0:14:07,142,1.61,6:42,8.95,2.584,4:10,14.4,6.0,170
0:14:08,142,1.61,6:42,8.95,2.588,4:10,14.4,6.0,170
0:14:09,142,1.61,6:42,8.95,2.592,4:10,14.4,6.0,170
0:14:10,141,1.61,,4.47,2.594,8:20,7.2,6.0,170
0:14:11,141,1.61,8:56,6.71,2.597,5:33,10.8,6.0,170
0:14:12,141,1.62,5:22,11.18,2.602,3:20,18.0,6.0,170
0:14:13,141,1.62,5:22,11.18,2.607,3:20,18.0,6.0,170
0:14:14,141,1.62,,4.47,2.609,8:20,7.2,6.0,170
0:14:15,141,1.62,,4.47,2.611,8:20,7.2,6.0,170
0:14:16,141,1.62,6:42,8.95,2.615,4:10,14.4,6.0,170
0:14:17,141,1.63,6:42,8.95,2.619,4:10,14.4,6.0,170
0:14:18,141,1.63,8:56,6.71,2.622,5:33,10.8,6.0,170
0:14:19,141,1.63,6:42,8.95,2.626,4:10,14.4,6.0,170
0:14:20,141,1.63,,4.47,2.628,8:20,7.2,6.0,170
0:14:21,141,1.63,8:56,6.71,2.631,5:33,10.8,6.0,172
0:14:22,141,1.64,6:42,8.95,2.635,4:10,14.4,6.0,172
0:14:23,141,1.64,6:42,8.95,2.639,4:10,14.4,6.0,172
0:14:24,141,1.64,5:22,11.18,2.644,3:20,18.0,6.0,172
0:14:25,141,1.65,5:22,11.18,2.649,3:20,18.0,6.0,172
0:14:26,141,1.65,8:56,6.71,2.652,5:33,10.8,6.0,172
0:14:27,141,1.65,,4.47,2.654,8:20,7.2,6.0,172
0:14:28,141,1.65,6:42,8.95,2.658,4:10,14.4,6.0,172
0:14:29,141,1.65,5:22,11.18,2.663,3:20,18.0,6.0,172
0:14:30,141,1.66,8:56,6.71,2.666,5:33,10.8,6.0,170
0:14:31,141,1.66,,4.47,2.668,8:20,7.2,6.0,170
0:14:32,141,1.66,6:42,8.95,2.672,4:10,14.4,6.0,170
0:14:33,141,1.66,6:42,8.95,2.676,4:10,14.4,6.0,170
0:14:34,141,1.67,6:42,8.95,2.68,4:10,14.4,6.0,170
0:14:35,141,1.67,8:56,6.71,2.683,5:33,10.8,6.0,170
0:14:36,141,1.67,6:42,8.95,2.687,4:10,14.4,6.0,170
0:14:37,142,1.67,6:42,8.95,2.691,4:10,14.4,6.0,170
0:14:38,142,1.67,8:56,6.71,2.694,5:33,10.8,6.0,170
0:14:39,142,1.68,,4.47,2.696,8:20,7.2,6.0,170
0:14:40,142,1.68,5:22,11.18,2.701,3:20,18.0,6.0,170
0:14:41,142,1.68,5:22,11.18,2.706,3:20,18.0,6.0,172
0:14:42,142,1.68,,4.47,2.708,8:20,7.2,6.0,170
0:14:43,142,1.68,8:56,6.71,2.711,5:33,10.8,6.0,170
0:14:44,142,1.69,6:42,8.95,2.715,4:10,14.4,6.0,170
0:14:45,142,1.69,6:42,8.95,2.719,4:10,14.4,6.0,172
0:14:46,142,1.69,8:56,6.71,2.722,5:33,10.8,6.0,172
0:14:47,142,1.69,6:42,8.95,2.726,4:10,14.4,6.0,172
0:14:48,142,1.7,6:42,8.95,2.73,4:10,14.4,6.0,172
0:14:49,142,1.7,6:42,8.95,2.734,4:10,14.4,6.0,172
0:14:50,142,1.7,,4.47,2.736,8:20,7.2,6.0,172
0:14:51,142,1.7,8:56,6.71,2.739,5:33,10.8,6.0,172
0:14:52,142,1.71,5:22,11.18,2.744,3:20,18.0,6.0,172
0:14:53,142,1.71,6:42,8.95,2.748,4:10,14.4,6.0,172
0:14:54,142,1.71,,4.47,2.75,8:20,7.2,6.0,172
0:14:55,142,1.71,8:56,6.71,2.753,5:33,10.8,6.0,172
0:14:56,142,1.71,5:22,11.18,2.758,3:20,18.0,6.0,172
0:14:57,141,1.72,6:42,8.95,2.762,4:10,14.4,6.0,172
0:14:58,141,1.72,,4.47,2.764,8:20,7.2,6.0,170
0:14:59,141,1.72,8:56,6.71,2.767,5:33,10.8,6.0,170
0:15:00,141,1.72,6:42,8.95,2.771,4:10,14.4,6.0,170
0:15:01,141,1.72,6:42,8.95,2.775,4:10,14.4,6.0,170
0:15:02,141,1.73,8:56,6.71,2.778,5:33,10.8,6.0,170
0:15:03,141,1.73,6:42,8.95,2.782,4:10,14.4,6.0,170
0:15:04,141,1.73,,4.47,2.784,8:20,7.2,6.0,170
0:15:05,141,1.73,8:56,6.71,2.787,5:33,10.8,6.0,170
0:15:06,141,1.73,8:56,6.71,2.79,5:33,10.8,6.0,170
0:15:07,141,1.74,6:42,8.95,2.794,4:10,14.4,6.0,172
0:15:08,141,1.74,5:22,11.18,2.799,3:20,18.0,6.0,170
0:15:09,141,1.74,5:22,11.18,2.804,3:20,18.0,6.0,170
0:15:10,141,1.74,,4.47,2.806,8:20,7.2,6.0,170
0:15:11,141,1.75,8:56,6.71,2.809,5:33,10.8,6.0,170
0:15:12,141,1.75,5:22,11.18,2.814,3:20,18.0,6.0,170
0:15:13,140,1.75,5:22,11.18,2.819,3:20,18.0,6.0,170
0:15:14,140,1.75,8:56,6.71,2.822,5:33,10.8,6.0,170
0:15:15,140,1.75,,4.47,2.824,8:20,7.2,6.0,170
0:15:16,139,1.76,6:42,8.95,2.828,4:10,14.4,6.0,170
0:15:17,139,1.76,8:56,6.71,2.831,5:33,10.8,6.0,170
0:15:18,139,1.76,6:42,8.95,2.835,4:10,14.4,6.0,170
0:15:19,139,1.76,6:42,8.95,2.839,4:10,14.4,6.0,170
0:15:20,139,1.77,8:56,6.71,2.842,5:33,10.8,6.0,170
0:15:21,139,1.77,6:42,8.95,2.846,4:10,14.4,6.0,172
0:15:22,139,1.77,,4.47,2.848,8:20,7.2,6.0,172
0:15:23,139,1.77,8:56,6.71,2.851,5:33,10.8,6.0,172
0:15:24,139,1.77,5:22,11.18,2.856,3:20,18.0,6.0,172
0:15:25,139,1.78,5:22,11.18,2.861,3:20,18.0,6.0,172
0:15:26,140,1.78,8:56,6.71,2.864,5:33,10.8,6.0,172
0:15:27,140,1.78,,4.47,2.866,8:20,7.2,6.0,172
0:15:28,140,1.78,5:22,11.18,2.871,3:20,18.0,6.0,172
0:15:29,140,1.79,5:22,11.18,2.876,3:20,18.0,6.0,174
0:15:30,140,1.79,,4.47,2.878,8:20,7.2,6.0,174
0:15:31,141,1.79,8:56,6.71,2.881,5:33,10.8,6.0,174
0:15:32,141,1.79,8:56,6.71,2.884,5:33,10.8,6.0,172
0:15:33,141,1.79,,4.47,2.886,8:20,7.2,6.0,172
0:15:34,141,1.8,5:22,11.18,2.891,3:20,18.0,6.0,172
0:15:35,141,1.8,5:22,11.18,2.896,3:20,18.0,6.0,172
0:15:36,141,1.8,6:42,8.95,2.9,4:10,14.4,6.0,172
0:15:37,141,1.8,8:56,6.71,2.903,5:33,10.8,6.0,172
0:15:38,141,1.81,8:56,6.71,2.906,5:33,10.8,6.0,172
0:15:39,141,1.81,,4.47,2.908,8:20,7.2,6.0,172
0:15:40,141,1.81,5:22,11.18,2.913,3:20,18.0,6.0,172
0:15:41,141,1.81,5:22,11.18,2.918,3:20,18.0,6.0,172
0:15:42,141,1.81,,4.47,2.92,8:20,7.2,6.0,172
0:15:43,141,1.82,8:56,6.71,2.923,5:33,10.8,6.0,172
0:15:44,141,1.82,8:56,6.71,2.926,5:33,10.8,6.0,172
0:15:45,142,1.82,6:42,8.95,2.93,4:10,14.4,6.0,172
0:15:46,142,1.82,6:42,8.95,2.934,4:10,14.4,6.0,172
0:15:47,142,1.83,6:42,8.95,2.938,4:10,14.4,6.0,172
0:15:48,142,1.83,6:42,8.95,2.942,4:10,14.4,6.0,170
0:15:49,142,1.83,8:56,6.71,2.945,5:33,10.8,6.0,170
0:15:50,142,1.83,8:56,6.71,2.948,5:33,10.8,6.0,170
0:15:51,142,1.83,,4.47,2.95,8:20,7.2,6.0,170
0:15:52,142,1.84,6:42,8.95,2.954,4:10,14.4,6.0,170
0:15:53,143,1.84,8:56,6.71,2.957,5:33,10.8,6.0,172
0:15:54,143,1.84,8:56,6.71,2.96,5:33,10.8,6.0,172
0:15:55,143,1.84,6:42,8.95,2.964,4:10,14.4,6.0,172
0:15:56,143,1.84,5:22,11.18,2.969,3:20,18.0,6.0,172
0:15:57,144,1.85,5:22,11.18,2.974,3:20,18.0,6.0,172
0:15:58,144,1.85,,4.47,2.976,8:20,7.2,6.0,172
0:15:59,144,1.85,8:56,6.71,2.979,5:33,10.8,6.0,172
0:16:00,144,1.85,8:56,6.71,2.982,5:33,10.8,6.0,172
0:16:01,144,1.85,,4.47,2.984,8:20,7.2,6.0,172
0:16:02,145,1.86,5:22,11.18,2.989,3:20,18.0,6.0,172
0:16:03,145,1.86,5:22,11.18,2.994,3:20,18.0,6.0,172
0:16:04,145,1.86,6:42,8.95,2.998,4:10,14.4,6.0,170
0:16:05,145,1.86,8:56,6.71,3.001,5:33,10.8,6.0,170
0:16:06,145,1.87,8:56,6.71,3.004,5:33,10.8,6.0,170
0:16:07,145,1.87,,4.47,3.006,8:20,7.2,6.0,170
0:16:08,144,1.87,6:42,8.95,3.01,4:10,14.4,6.0,170
0:16:09,144,1.87,5:22,11.18,3.015,3:20,18.0,6.0,170
0:16:10,144,1.88,8:56,6.71,3.018,5:33,10.8,6.0,170
0:16:11,144,1.88,,4.47,3.02,8:20,7.2,6.0,170
0:16:12,144,1.88,6:42,8.95,3.024,4:10,14.4,6.0,170
0:16:13,144,1.88,8:56,6.71,3.027,5:33,10.8,6.0,170
0:16:14,143,1.88,6:42,8.95,3.031,4:10,14.4,6.0,170
0:16:15,143,1.89,6:42,8.95,3.035,4:10,14.4,6.0,170
0:16:16,143,1.89,8:56,6.71,3.038,5:33,10.8,6.0,170
0:16:17,143,1.89,6:42,8.95,3.042,4:10,14.4,6.0,170
0:16:18,143,1.89,,4.47,3.044,8:20,7.2,6.0,170
0:16:19,143,1.89,8:56,6.71,3.047,5:33,10.8,6.0,170
0:16:20,143,1.9,5:22,11.18,3.052,3:20,18.0,6.0,170
0:16:21,143,1.9,5:22,11.18,3.057,3:20,18.0,6.0,172
0:16:22,142,1.9,8:56,6.71,3.06,5:33,10.8,6.0,170
0:16:23,142,1.9,,4.47,3.062,8:20,7.2,6.0,170
0:16:24,142,1.91,6:42,8.95,3.066,4:10,14.4,6.0,170
0:16:25,142,1.91,5:22,11.18,3.071,3:20,18.0,6.0,170
0:16:26,142,1.91,8:56,6.71,3.074,5:33,10.8,6.0,170
0:16:27,142,1.91,,4.47,3.076,8:20,7.2,6.0,172
0:16:28,142,1.91,,4.47,3.078,8:20,7.2,6.0,172
0:16:29,142,1.91,8:56,6.71,3.081,5:33,10.8,6.0,172
0:16:30,142,1.92,5:22,11.18,3.086,3:20,18.0,6.0,172
0:16:31,142,1.92,5:22,11.18,3.091,3:20,18.0,6.0,172
0:16:32,142,1.92,6:42,8.95,3.095,4:10,14.4,6.0,172
0:16:33,142,1.93,6:42,8.95,3.099,4:10,14.4,6.0,172
0:16:34,142,1.93,8:56,6.71,3.102,5:33,10.8,6.0,172
0:16:35,143,1.93,,4.47,3.104,8:20,7.2,6.0,172
0:16:36,143,1.93,6:42,8.95,3.108,4:10,14.4,6.0,172
0:16:37,143,1.93,5:22,11.18,3.113,3:20,18.0,6.0,172
0:16:38,143,1.94,8:56,6.71,3.116,5:33,10.8,6.0,172
0:16:39,143,1.94,,4.47,3.118,8:20,7.2,6.0,174
0:16:40,143,1.94,5:22,11.18,3.123,3:20,18.0,6.0,172
0:16:41,143,1.94,5:22,11.18,3.128,3:20,18.0,6.0,172
0:16:42,143,1.94,,4.47,3.13,8:20,7.2,6.0,172
0:16:43,143,1.95,8:56,6.71,3.133,5:33,10.8,6.0,172
0:16:44,143,1.95,8:56,6.71,3.136,5:33,10.8,6.0,172
0:16:45,143,1.95,6:42,8.95,3.14,4:10,14.4,6.0,172
0:16:46,143,1.95,6:42,8.95,3.144,4:10,14.4,6.0,172
0:16:47,143,1.96,6:42,8.95,3.148,4:10,14.4,6.0,172
0:16:48,142,1.96,6:42,8.95,3.152,4:10,14.4,6.0,172
0:16:49,142,1.96,8:56,6.71,3.155,5:33,10.8,6.0,174
0:16:50,142,1.96,8:56,6.71,3.158,5:33,10.8,6.0,174
0:16:51,142,1.96,,4.47,3.16,8:20,7.2,6.0,174
0:16:52,142,1.97,5:22,11.18,3.165,3:20,18.0,6.0,174
0:16:53,142,1.97,5:22,11.18,3.17,3:20,18.0,6.0,174
0:16:54,142,1.97,,4.47,3.172,8:20,7.2,6.0,174
0:16:55,142,1.97,8:56,6.71,3.175,5:33,10.8,6.0,174
0:16:56,143,1.98,5:22,11.18,3.18,3:20,18.0,6.0,174
0:16:57,144,1.98,6:42,8.95,3.184,4:10,14.4,6.0,174
0:16:58,144,1.98,,4.47,3.186,8:20,7.2,6.0,172
0:16:59,144,1.98,8:56,6.71,3.189,5:33,10.8,6.0,172
0:17:00,145,1.98,8:56,6.71,3.192,5:33,10.8,6.0,172
0:17:01,145,1.99,6:42,8.95,3.196,4:10,14.4,6.0,172
0:17:02,145,1.99,6:42,8.95,3.2,4:10,14.4,6.0,172
0:17:03,146,1.99,6:42,8.95,3.204,4:10,14.4,6.0,172
0:17:04,146,1.99,6:42,8.95,3.208,4:10,14.4,6.0,172
0:17:05,146,2.0,8:56,6.71,3.211,5:33,10.8,6.0,172
0:17:06,146,2.0,8:56,6.71,3.214,5:33,10.8,6.0,172
0:17:06,146,2.0,,6.71,3.214,,10.8,6.0,172
0:17:07,147,2.0,6:42,8.95,3.218,4:10,14.4,6.0,174
0:17:08,147,2.0,6:42,8.95,3.222,4:10,14.4,6.0,174
0:17:09,147,2.0,6:42,8.95,3.226,4:10,14.4,6.0,176
0:17:10,147,2.01,,4.47,3.228,8:20,7.2,6.0,176
0:17:11,147,2.01,8:56,6.71,3.231,5:33,10.8,6.0,176
0:17:12,147,2.01,5:22,11.18,3.236,3:20,18.0,6.0,176
0:17:13,148,2.01,4:28,13.42,3.242,2:47,21.6,6.0,176
0:17:14,148,2.02,,4.47,3.244,8:20,7.2,6.0,176
0:17:15,148,2.02,8:56,6.71,3.247,5:33,10.8,6.0,176
0:17:16,148,2.02,5:22,11.18,3.252,3:20,18.0,6.0,176
0:17:17,148,2.02,4:28,13.42,3.258,2:47,21.6,6.0,176
0:17:18,148,2.03,,4.47,3.26,8:20,7.2,6.0,176
0:17:19,148,2.03,8:56,6.71,3.263,5:33,10.8,6.0,176
0:17:20,148,2.03,5:22,11.18,3.268,3:20,18.0,6.0,176
0:17:21,149,2.03,4:28,13.42,3.274,2:47,21.6,6.0,178
0:17:22,149,2.04,,4.47,3.276,8:20,7.2,6.0,178
0:17:23,149,2.04,8:56,6.71,3.279,5:33,10.8,6.0,178
0:17:24,149,2.04,5:22,11.18,3.284,3:20,18.0,6.0,178
0:17:25,149,2.04,4:28,13.42,3.29,2:47,21.6,6.0,178
0:17:26,149,2.05,,4.47,3.292,8:20,7.2,6.0,176
0:17:27,149,2.05,8:56,6.71,3.295,5:33,10.8,6.0,176
0:17:28,149,2.05,5:22,11.18,3.3,3:20,18.0,7.0,176
0:17:29,149,2.05,4:28,13.42,3.306,2:47,21.6,7.0,176
0:17:30,149,2.06,8:56,6.71,3.309,5:33,10.8,7.0,176
0:17:31,149,2.06,8:56,6.71,3.312,5:33,10.8,7.0,176
0:17:32,149,2.06,4:28,13.42,3.318,2:47,21.6,7.0,176
0:17:33,149,2.06,5:22,11.18,3.323,3:20,18.0,7.0,176
0:17:34,149,2.07,8:56,6.71,3.326,5:33,10.8,6.0,176
0:17:35,149,2.07,,4.47,3.328,8:20,7.2,6.0,176
0:17:36,149,2.07,6:42,8.95,3.332,4:10,14.4,6.0,174
0:17:37,148,2.07,6:42,8.95,3.336,4:10,14.4,6.0,174
0:17:38,148,2.08,6:42,8.95,3.34,4:10,14.4,6.0,172
0:17:39,148,2.08,8:56,6.71,3.343,5:33,10.8,6.0,172
0:17:40,148,2.08,8:56,6.71,3.346,5:33,10.8,6.0,172
0:17:41,148,2.08,6:42,8.95,3.35,4:10,14.4,6.0,172
0:17:42,148,2.08,,4.47,3.352,8:20,7.2,6.0,172
0:17:43,148,2.08,8:56,6.71,3.355,5:33,10.8,6.0,172
0:17:44,148,2.09,5:22,11.18,3.36,3:20,18.0,6.0,172
0:17:45,148,2.09,5:22,11.18,3.365,3:20,18.0,6.0,172
0:17:46,148,2.09,8:56,6.71,3.368,5:33,10.8,6.0,170
0:17:47,147,2.09,,4.47,3.37,8:20,7.2,6.0,170
0:17:48,147,2.1,6:42,8.95,3.374,4:10,14.4,7.0,170
0:17:49,147,2.1,6:42,8.95,3.378,4:10,14.4,7.0,170
0:17:50,147,2.1,6:42,8.95,3.382,4:10,14.4,7.0,170
0:17:51,147,2.1,8:56,6.71,3.385,5:33,10.8,7.0,170
0:17:52,147,2.11,6:42,8.95,3.389,4:10,14.4,7.0,170
0:17:53,147,2.11,6:42,8.95,3.393,4:10,14.4,7.0,172
0:17:54,147,2.11,8:56,6.71,3.396,5:33,10.8,6.0,172
0:17:55,147,2.11,,4.47,3.398,8:20,7.2,6.0,172
0:17:56,147,2.12,4:28,13.42,3.404,2:47,21.6,6.0,172
0:17:57,147,2.12,5:22,11.18,3.409,3:20,18.0,6.0,174
0:17:58,147,2.12,8:56,6.71,3.412,5:33,10.8,6.0,172
0:17:59,147,2.12,,4.47,3.414,8:20,7.2,6.0,172
0:18:00,147,2.12,5:22,11.18,3.419,3:20,18.0,6.0,172
0:18:01,147,2.13,5:22,11.18,3.424,3:20,18.0,6.0,172
0:18:02,146,2.13,,4.47,3.426,8:20,7.2,6.0,172
0:18:03,146,2.13,8:56,6.71,3.429,5:33,10.8,7.0,172
0:18:04,146,2.13,8:56,6.71,3.432,5:33,10.8,7.0,172
0:18:05,147,2.14,6:42,8.95,3.436,4:10,14.4,7.0,172
0:18:06,147,2.14,6:42,8.95,3.44,4:10,14.4,7.0,172
0:18:07,147,2.14,6:42,8.95,3.444,4:10,14.4,7.0,172
0:18:08,147,2.14,6:42,8.95,3.448,4:10,14.4,7.0,172
0:18:09,147,2.14,8:56,6.71,3.451,5:33,10.8,7.0,172
0:18:10,147,2.15,6:42,8.95,3.455,4:10,14.4,7.0,172
0:18:11,148,2.15,6:42,8.95,3.459,4:10,14.4,7.0,172
0:18:12,148,2.15,8:56,6.71,3.462,5:33,10.8,7.0,172
0:18:13,148,2.15,6:42,8.95,3.466,4:10,14.4,7.0,172
0:18:14,148,2.15,,4.47,3.468,8:20,7.2,7.0,172
0:18:15,148,2.16,8:56,6.71,3.471,5:33,10.8,7.0,172
0:18:16,148,2.16,6:42,8.95,3.475,4:10,14.4,7.0,172
0:18:17,148,2.16,6:42,8.95,3.479,4:10,14.4,7.0,172
0:18:18,148,2.16,8:56,6.71,3.482,5:33,10.8,7.0,172
0:18:19,148,2.17,6:42,8.95,3.486,4:10,14.4,7.0,172
0:18:20,148,2.17,6:42,8.95,3.49,4:10,14.4,7.0,172
0:18:21,148,2.17,6:42,8.95,3.494,4:10,14.4,7.0,172
0:18:22,148,2.17,6:42,8.95,3.498,4:10,14.4,7.0,172
0:18:23,147,2.18,8:56,6.71,3.501,5:33,10.8,7.0,172
0:18:24,147,2.18,6:42,8.95,3.505,4:10,14.4,7.0,172
0:18:25,147,2.18,6:42,8.95,3.509,4:10,14.4,7.0,172
0:18:26,147,2.18,8:56,6.71,3.512,5:33,10.8,7.0,172
0:18:27,147,2.18,,4.47,3.514,8:20,7.2,7.0,172
0:18:28,147,2.19,5:22,11.18,3.519,3:20,18.0,7.0,172
0:18:29,146,2.19,5:22,11.18,3.524,3:20,18.0,7.0,172
0:18:30,146,2.19,,4.47,3.526,8:20,7.2,7.0,172
0:18:31,146,2.19,,4.47,3.528,8:20,7.2,7.0,172
0:18:32,146,2.2,5:22,11.18,3.533,3:20,18.0,7.0,172
0:18:33,146,2.2,5:22,11.18,3.538,3:20,18.0,7.0,172
0:18:34,146,2.2,,4.47,3.54,8:20,7.2,7.0,172
0:18:35,146,2.2,8:56,6.71,3.543,5:33,10.8,7.0,172
0:18:36,146,2.2,8:56,6.71,3.546,5:33,10.8,7.0,172
0:18:37,145,2.21,6:42,8.95,3.55,4:10,14.4,7.0,172
0:18:38,145,2.21,6:42,8.95,3.554,4:10,14.4,7.0,172
0:18:39,145,2.21,6:42,8.95,3.558,4:10,14.4,7.0,172
0:18:40,145,2.21,6:42,8.95,3.562,4:10,14.4,7.0,172
0:18:41,145,2.22,8:56,6.71,3.565,5:33,10.8,7.0,172
0:18:42,145,2.22,8:56,6.71,3.568,5:33,10.8,7.0,172
0:18:43,145,2.22,,4.47,3.57,8:20,7.2,7.0,172
0:18:44,145,2.22,5:22,11.18,3.575,3:20,18.0,7.0,172
0:18:45,145,2.22,5:22,11.18,3.58,3:20,18.0,7.0,172
0:18:46,145,2.23,,4.47,3.582,8:20,7.2,7.0,172
0:18:47,144,2.23,,4.47,3.584,8:20,7.2,7.0,172
0:18:48,144,2.23,5:22,11.18,3.589,3:20,18.0,7.0,172
0:18:49,144,2.23,5:22,11.18,3.594,3:20,18.0,6.0,172
0:18:50,144,2.23,,4.47,3.596,8:20,7.2,6.0,172
0:18:51,144,2.24,8:56,6.71,3.599,5:33,10.8,6.0,172
0:18:52,143,2.24,6:42,8.95,3.603,4:10,14.4,6.0,170
0:18:53,143,2.24,6:42,8.95,3.607,4:10,14.4,6.0,170
0:18:54,143,2.24,8:56,6.71,3.61,5:33,10.8,6.0,170
0:18:55,143,2.25,6:42,8.95,3.614,4:10,14.4,6.0,170
0:18:56,143,2.25,6:42,8.95,3.618,4:10,14.4,6.0,170
0:18:57,143,2.25,8:56,6.71,3.621,5:33,10.8,6.0,172
0:18:58,143,2.25,8:56,6.71,3.624,5:33,10.8,6.0,172
0:18:59,142,2.25,,4.47,3.626,8:20,7.2,6.0,172
0:19:00,142,2.26,5:22,11.18,3.631,3:20,18.0,6.0,172
0:19:01,142,2.26,5:22,11.18,3.636,3:20,18.0,6.0,172
0:19:02,142,2.26,,4.47,3.638,8:20,7.2,6.0,170
0:19:03,142,2.26,8:56,6.71,3.641,5:33,10.8,7.0,170
0:19:04,142,2.26,8:56,6.71,3.644,5:33,10.8,7.0,170
0:19:05,142,2.27,6:42,8.95,3.648,4:10,14.4,7.0,170
0:19:06,141,2.27,6:42,8.95,3.652,4:10,14.4,7.0,170
0:19:07,141,2.27,6:42,8.95,3.656,4:10,14.4,7.0,170
0:19:08,141,2.27,6:42,8.95,3.66,4:10,14.4,7.0,170
0:19:09,141,2.28,8:56,6.71,3.663,5:33,10.8,7.0,170
0:19:10,141,2.28,8:56,6.71,3.666,5:33,10.8,7.0,170
0:19:11,141,2.28,,4.47,3.668,8:20,7.2,7.0,170
0:19:12,141,2.28,5:22,11.18,3.673,3:20,18.0,7.0,170
0:19:13,141,2.29,5:22,11.18,3.678,3:20,18.0,7.0,170
0:19:14,141,2.29,,4.47,3.68,8:20,7.2,7.0,170
0:19:15,141,2.29,8:56,6.71,3.683,5:33,10.8,7.0,170
0:19:16,141,2.29,8:56,6.71,3.686,5:33,10.8,7.0,168
0:19:17,141,2.29,8:56,6.71,3.689,5:33,10.8,7.0,168
0:19:18,141,2.29,8:56,6.71,3.692,5:33,10.8,7.0,168
0:19:19,141,2.3,6:42,8.95,3.696,4:10,14.4,7.0,168
0:19:20,141,2.3,6:42,8.95,3.7,4:10,14.4,7.0,168
0:19:21,141,2.3,8:56,6.71,3.703,5:33,10.8,7.0,168
0:19:22,141,2.3,,4.47,3.705,8:20,7.2,7.0,168
0:19:23,141,2.3,,4.47,3.707,8:20,7.2,7.0,168
0:19:24,141,2.31,5:22,11.18,3.712,3:20,18.0,7.0,168
0:19:25,141,2.31,5:22,11.18,3.717,3:20,18.0,7.0,168
0:19:26,140,2.31,,4.47,3.719,8:20,7.2,7.0,168
0:19:27,140,2.31,,4.47,3.721,8:20,7.2,7.0,168
0:19:28,140,2.31,8:56,6.71,3.724,5:33,10.8,7.0,168
0:19:29,139,2.32,6:42,8.95,3.728,4:10,14.4,7.0,168
0:19:30,139,2.32,,4.47,3.73,8:20,7.2,7.0,170
0:19:31,138,2.32,8:56,6.71,3.733,5:33,10.8,7.0,170
0:19:32,138,2.32,5:22,11.18,3.738,3:20,18.0,7.0,170
0:19:33,138,2.33,6:42,8.95,3.742,4:10,14.4,7.0,170
0:19:34,138,2.33,,4.47,3.744,8:20,7.2,7.0,170
0:19:35,138,2.33,8:56,6.71,3.747,5:33,10.8,7.0,170
0:19:36,138,2.33,5:22,11.18,3.752,3:20,18.0,7.0,170
0:19:37,138,2.33,6:42,8.95,3.756,4:10,14.4,7.0,170
0:19:38,138,2.34,,4.47,3.758,8:20,7.2,7.0,170
0:19:39,138,2.34,8:56,6.71,3.761,5:33,10.8,7.0,170
0:19:40,138,2.34,8:56,6.71,3.764,5:33,10.8,7.0,170
0:19:41,139,2.34,6:42,8.95,3.768,4:10,14.4,7.0,170
0:19:42,139,2.34,6:42,8.95,3.772,4:10,14.4,7.0,170
0:19:43,139,2.35,8:56,6.71,3.775,5:33,10.8,7.0,170
0:19:44,139,2.35,8:56,6.71,3.778,5:33,10.8,7.0,170
0:19:45,140,2.35,6:42,8.95,3.782,4:10,14.4,7.0,170
0:19:46,140,2.35,,4.47,3.784,8:20,7.2,7.0,170
0:19:47,140,2.35,,4.47,3.786,8:20,7.2,7.0,170
0:19:48,140,2.36,5:22,11.18,3.791,3:20,18.0,7.0,170
0:19:49,140,2.36,5:22,11.18,3.796,3:20,18.0,7.0,170
0:19:50,139,2.36,,4.47,3.798,8:20,7.2,7.0,170
0:19:51,139,2.36,,4.47,3.8,8:20,7.2,7.0,170
0:19:52,139,2.36,6:42,8.95,3.804,4:10,14.4,7.0,170
0:19:53,139,2.37,8:56,6.71,3.807,5:33,10.8,7.0,170
0:19:54,139,2.37,8:56,6.71,3.81,5:33,10.8,7.0,170
0:19:55,138,2.37,6:42,8.95,3.814,4:10,14.4,7.0,170
0:19:56,138,2.37,6:42,8.95,3.818,4:10,14.4,7.0,170
0:19:57,138,2.37,8:56,6.71,3.821,5:33,10.8,7.0,172
0:19:58,138,2.38,8:56,6.71,3.824,5:33,10.8,7.0,170
0:19:59,137,2.38,,4.47,3.826,8:20,7.2,7.0,170
0:20:00,137,2.38,6:42,8.95,3.83,4:10,14.4,7.0,170
0:20:01,137,2.38,5:22,11.18,3.835,3:20,18.0,7.0,170
0:20:02,137,2.38,8:56,6.71,3.838,5:33,10.8,7.0,172
0:20:03,136,2.39,,4.47,3.84,8:20,7.2,7.0,172
0:20:04,136,2.39,6:42,8.95,3.844,4:10,14.4,7.0,172
0:20:05,136,2.39,5:22,11.18,3.849,3:20,18.0,7.0,172
0:20:06,136,2.39,8:56,6.71,3.852,5:33,10.8,7.0,172
0:20:07,136,2.39,,4.47,3.854,8:20,7.2,7.0,172
0:20:08,136,2.4,6:42,8.95,3.858,4:10,14.4,7.0,172
0:20:09,136,2.4,8:56,6.71,3.861,5:33,10.8,7.0,172
0:20:10,136,2.4,8:56,6.71,3.864,5:33,10.8,7.0,170
0:20:11,136,2.4,6:42,8.95,3.868,4:10,14.4,7.0,170
0:20:12,137,2.41,6:42,8.95,3.872,4:10,14.4,7.0,170
0:20:13,137,2.41,6:42,8.95,3.876,4:10,14.4,7.0,170
0:20:14,137,2.41,,4.47,3.878,8:20,7.2,7.0,170
0:20:15,138,2.41,,4.47,3.88,8:20,7.2,7.0,170
0:20:16,138,2.41,5:22,11.18,3.885,3:20,18.0,7.0,170
0:20:17,138,2.42,5:22,11.18,3.89,3:20,18.0,7.0,170
0:20:18,139,2.42,,4.47,3.892,8:20,7.2,7.0,170
0:20:19,139,2.42,,4.47,3.894,8:20,7.2,7.0,170
0:20:20,140,2.42,6:42,8.95,3.898,4:10,14.4,7.0,170
0:20:21,140,2.42,8:56,6.71,3.901,5:33,10.8,7.0,170
0:20:22,140,2.43,8:56,6.71,3.904,5:33,10.8,7.0,170
0:20:23,140,2.43,6:42,8.95,3.908,4:10,14.4,7.0,170
0:20:24,140,2.43,6:42,8.95,3.912,4:10,14.4,7.0,170
0:20:25,140,2.43,8:56,6.71,3.915,5:33,10.8,7.0,170
0:20:26,140,2.43,8:56,6.71,3.918,5:33,10.8,7.0,170
0:20:27,141,2.44,,4.47,3.92,8:20,7.2,7.0,170
0:20:28,141,2.44,5:22,11.18,3.925,3:20,18.0,7.0,170
0:20:29,140,2.44,5:22,11.18,3.93,3:20,18.0,7.0,170
0:20:30,140,2.44,,4.47,3.932,8:20,7.2,7.0,170
0:20:31,140,2.44,,4.47,3.934,8:20,7.2,7.0,170
0:20:32,140,2.45,6:42,8.95,3.938,4:10,14.4,7.0,170
0:20:33,139,2.45,8:56,6.71,3.941,5:33,10.8,7.0,170
0:20:34,139,2.45,8:56,6.71,3.944,5:33,10.8,7.0,170
0:20:35,139,2.45,6:42,8.95,3.948,4:10,14.4,7.0,170
0:20:36,138,2.46,6:42,8.95,3.952,4:10,14.4,7.0,170
0:20:37,138,2.46,6:42,8.95,3.956,4:10,14.4,7.0,170
0:20:38,138,2.46,,4.47,3.958,8:20,7.2,7.0,170
0:20:39,138,2.46,,4.47,3.96,8:20,7.2,7.0,170
0:20:40,137,2.46,5:22,11.18,3.965,3:20,18.0,7.0,170
0:20:41,137,2.47,5:22,11.18,3.97,3:20,18.0,7.0,170
0:20:42,137,2.47,,4.47,3.972,8:20,7.2,7.0,170
0:20:43,137,2.47,,4.47,3.974,8:20,7.2,7.0,170
0:20:44,137,2.47,6:42,8.95,3.978,4:10,14.4,7.0,170
0:20:45,137,2.47,8:56,6.71,3.981,5:33,10.8,7.0,170
0:20:46,137,2.48,8:56,6.71,3.984,5:33,10.8,7.0,170
0:20:47,138,2.48,6:42,8.95,3.988,4:10,14.4,7.0,170
0:20:48,138,2.48,6:42,8.95,3.992,4:10,14.4,7.0,170
0:20:49,138,2.48,8:56,6.71,3.995,5:33,10.8,7.0,170
0:20:50,138,2.48,8:56,6.71,3.998,5:33,10.8,7.0,170
0:20:51,138,2.49,,4.47,4.0,8:20,7.2,7.0,170
0:20:52,138,2.49,6:42,8.95,4.004,4:10,14.4,7.0,170
0:20:53,138,2.49,5:22,11.18,4.009,3:20,18.0,7.0,170
0:20:54,138,2.49,8:56,6.71,4.012,5:33,10.8,7.0,170
0:20:55,138,2.49,,4.47,4.014,8:20,7.2,7.0,170
0:20:56,138,2.5,6:42,8.95,4.018,4:10,14.4,7.0,170
0:20:57,138,2.5,8:56,6.71,4.021,5:33,10.8,7.0,170
0:20:58,138,2.5,8:56,6.71,4.024,5:33,10.8,7.0,170
0:20:59,138,2.5,6:42,8.95,4.028,4:10,14.4,7.0,170
0:21:00,138,2.51,6:42,8.95,4.032,4:10,14.4,7.0,170
0:21:01,138,2.51,8:56,6.71,4.035,5:33,10.8,7.0,170
0:21:02,138,2.51,8:56,6.71,4.038,5:33,10.8,7.0,170
0:21:03,138,2.51,,4.47,4.04,8:20,7.2,7.0,170
0:21:04,138,2.51,6:42,8.95,4.044,4:10,14.4,7.0,170
0:21:05,138,2.52,5:22,11.18,4.049,3:20,18.0,7.0,170
0:21:06,138,2.52,8:56,6.71,4.052,5:33,10.8,7.0,170
0:21:07,138,2.52,,4.47,4.054,8:20,7.2,7.0,170
0:21:08,138,2.52,6:42,8.95,4.058,4:10,14.4,7.0,170
0:21:09,138,2.52,8:56,6.71,4.061,5:33,10.8,7.0,170
0:21:10,138,2.53,8:56,6.71,4.064,5:33,10.8,7.0,170
0:21:11,138,2.53,6:42,8.95,4.068,4:10,14.4,7.0,170
0:21:12,138,2.53,6:42,8.95,4.072,4:10,14.4,7.0,170
0:21:13,138,2.53,8:56,6.71,4.075,5:33,10.8,7.0,170
0:21:14,138,2.53,8:56,6.71,4.078,5:33,10.8,7.0,170
0:21:15,138,2.54,,4.47,4.08,8:20,7.2,7.0,170
0:21:16,138,2.54,6:42,8.95,4.084,4:10,14.4,7.0,170
0:21:17,138,2.54,5:22,11.18,4.089,3:20,18.0,7.0,170
0:21:18,138,2.54,8:56,6.71,4.092,5:33,10.8,7.0,170
0:21:19,137,2.54,,4.47,4.094,8:20,7.2,7.0,170
0:21:20,137,2.55,6:42,8.95,4.098,4:10,14.4,7.0,170
0:21:21,137,2.55,5:22,11.18,4.103,3:20,18.0,7.0,170
0:21:22,137,2.55,8:56,6.71,4.106,5:33,10.8,7.0,170
0:21:23,137,2.55,,4.47,4.108,8:20,7.2,7.0,170
0:21:24,137,2.56,6:42,8.95,4.112,4:10,14.4,7.0,170
0:21:25,137,2.56,8:56,6.71,4.115,5:33,10.8,7.0,170
0:21:26,137,2.56,8:56,6.71,4.118,5:33,10.8,7.0,170
0:21:27,137,2.56,6:42,8.95,4.122,4:10,14.4,7.0,170
0:21:28,137,2.56,6:42,8.95,4.126,4:10,14.4,7.0,170
0:21:29,137,2.57,8:56,6.71,4.129,5:33,10.8,7.0,170
0:21:30,137,2.57,8:56,6.71,4.132,5:33,10.8,7.0,170
0:21:31,137,2.57,,4.47,4.134,8:20,7.2,7.0,172
0:21:32,137,2.57,5:22,11.18,4.139,3:20,18.0,7.0,172
0:21:33,138,2.57,5:22,11.18,4.144,3:20,18.0,7.0,172
0:21:34,138,2.58,,4.47,4.146,8:20,7.2,7.0,172
0:21:35,139,2.58,,4.47,4.148,8:20,7.2,7.0,172
0:21:36,139,2.58,6:42,8.95,4.152,4:10,14.4,7.0,172
0:21:37,139,2.58,8:56,6.71,4.155,5:33,10.8,7.0,172
0:21:38,139,2.58,5:22,11.18,4.16,3:20,18.0,7.0,170
0:21:39,140,2.59,5:22,11.18,4.165,3:20,18.0,7.0,170
0:21:40,140,2.59,,4.47,4.167,8:20,7.2,7.0,170
0:21:41,140,2.59,,4.47,4.169,8:20,7.2,7.0,170
0:21:42,141,2.59,8:56,6.71,4.172,5:33,10.8,7.0,168
0:21:43,141,2.59,,4.47,4.174,8:20,7.2,7.0,168
0:21:44,141,2.6,6:42,8.95,4.178,4:10,14.4,7.0,162
0:21:45,141,2.6,8:56,6.71,4.181,5:33,10.8,7.0,158
0:21:46,141,2.6,,2.24,4.182,,3.6,7.0,152
0:21:47,142,2.6,,2.24,4.183,,3.6,7.0,148
0:21:48,142,2.6,,2.24,4.183,,3.6,8.0,74
0:21:49,142,2.6,,2.24,4.183,,3.6,8.0,0
0:21:50,142,2.6,,2.24,4.183,,3.6,8.0,0
0:21:51,142,2.6,,2.24,4.183,,3.6,8.0,0
0:21:52,142,2.6,,2.24,4.183,,3.6,8.0,0
0:21:53,141,2.6,,2.24,4.183,,3.6,8.0,0
0:21:54,140,2.6,,2.24,4.183,,3.6,8.0,0
0:21:55,140,2.6,,2.24,4.183,,3.6,8.0,0
0:21:56,139,2.6,,2.24,4.183,,3.6,8.0,0
0:21:57,137,2.6,,2.24,4.183,,3.6,8.0,0
0:21:58,136,2.6,,2.24,4.184,,3.6,8.0,56
0:21:59,134,2.6,,4.47,4.186,8:20,7.2,8.0,114
0:22:00,133,2.6,,4.47,4.188,8:20,7.2,8.0,118
0:22:01,131,2.6,,2.24,4.189,,3.6,8.0,122
0:22:02,130,2.6,8:56,6.71,4.192,5:33,10.8,8.0,142
0:22:03,128,2.61,,4.47,4.194,8:20,7.2,8.0,162
0:22:04,126,2.61,5:22,11.18,4.199,3:20,18.0,7.0,166
0:22:05,125,2.61,5:22,11.18,4.204,3:20,18.0,7.0,170
0:22:06,123,2.61,,4.47,4.206,8:20,7.2,7.0,170
0:22:07,122,2.62,8:56,6.71,4.209,5:33,10.8,7.0,172
0:22:08,121,2.62,5:22,11.18,4.214,3:20,18.0,7.0,174
0:22:09,121,2.62,4:28,13.42,4.22,2:47,21.6,7.0,174
0:22:10,121,2.62,,4.47,4.222,8:20,7.2,7.0,174
0:22:11,121,2.63,8:56,6.71,4.225,5:33,10.8,7.0,174
0:22:12,122,2.63,5:22,11.18,4.23,3:20,18.0,7.0,174
0:22:13,122,2.63,6:42,8.95,4.234,4:10,14.4,7.0,174
0:22:14,123,2.63,6:42,8.95,4.238,4:10,14.4,7.0,174
0:22:15,124,2.64,6:42,8.95,4.242,4:10,14.4,7.0,174
0:22:16,124,2.64,6:42,8.95,4.246,4:10,14.4,7.0,174
0:22:17,125,2.64,6:42,8.95,4.25,4:10,14.4,7.0,174
0:22:18,125,2.64,6:42,8.95,4.254,4:10,14.4,7.0,174
0:22:19,126,2.65,6:42,8.95,4.258,4:10,14.4,7.0,174
0:22:20,126,2.65,6:42,8.95,4.262,4:10,14.4,7.0,174
0:22:21,127,2.65,6:42,8.95,4.266,4:10,14.4,7.0,174
0:22:22,128,2.65,,4.47,4.268,8:20,7.2,7.0,174
0:22:23,128,2.65,8:56,6.71,4.271,5:33,10.8,7.0,174
0:22:24,129,2.66,5:22,11.18,4.276,3:20,18.0,7.0,174
0:22:25,129,2.66,4:28,13.42,4.282,2:47,21.6,7.0,174
0:22:26,129,2.66,,4.47,4.284,8:20,7.2,7.0,174
0:22:27,130,2.66,8:56,6.71,4.287,5:33,10.8,7.0,174
0:22:28,130,2.67,5:22,11.18,4.292,3:20,18.0,7.0,174
0:22:29,131,2.67,5:22,11.18,4.297,3:20,18.0,7.0,174
0:22:30,131,2.67,6:42,8.95,4.301,4:10,14.4,7.0,174
0:22:31,131,2.68,6:42,8.95,4.305,4:10,14.4,7.0,174
0:22:32,131,2.68,6:42,8.95,4.309,4:10,14.4,7.0,174
0:22:33,131,2.68,6:42,8.95,4.313,4:10,14.4,7.0,174
0:22:34,131,2.68,8:56,6.71,4.316,5:33,10.8,7.0,174
0:22:35,131,2.68,,4.47,4.318,8:20,7.2,7.0,174
0:22:36,131,2.69,6:42,8.95,4.322,4:10,14.4,7.0,172
0:22:37,131,2.69,8:56,6.71,4.325,5:33,10.8,7.0,172
0:22:38,131,2.69,6:42,8.95,4.329,4:10,14.4,7.0,172
0:22:39,131,2.69,6:42,8.95,4.333,4:10,14.4,7.0,172
0:22:40,132,2.69,6:42,8.95,4.337,4:10,14.4,7.0,172
0:22:41,132,2.7,6:42,8.95,4.341,4:10,14.4,7.0,172
0:22:42,133,2.7,8:56,6.71,4.344,5:33,10.8,7.0,172
0:22:43,133,2.7,,4.47,4.346,8:20,7.2,7.0,174
0:22:44,135,2.7,5:22,11.18,4.351,3:20,18.0,7.0,174
0:22:45,135,2.71,5:22,11.18,4.356,3:20,18.0,7.0,174
0:22:46,135,2.71,6:42,8.95,4.36,4:10,14.4,7.0,174
0:22:47,136,2.71,6:42,8.95,4.364,4:10,14.4,7.0,174
0:22:48,136,2.71,6:42,8.95,4.368,4:10,14.4,7.0,174
0:22:49,137,2.72,6:42,8.95,4.372,4:10,14.4,7.0,174
0:22:50,137,2.72,,4.47,4.374,8:20,7.2,7.0,172
0:22:51,137,2.72,8:56,6.71,4.377,5:33,10.8,7.0,172
0:22:52,138,2.72,6:42,8.95,4.381,4:10,14.4,7.0,172
0:22:53,138,2.72,6:42,8.95,4.385,4:10,14.4,7.0,174
0:22:54,138,2.73,8:56,6.71,4.388,5:33,10.8,7.0,174
0:22:55,139,2.73,6:42,8.95,4.392,4:10,14.4,7.0,174
0:22:56,139,2.73,6:42,8.95,4.396,4:10,14.4,7.0,174
0:22:57,139,2.73,6:42,8.95,4.4,4:10,14.4,7.0,174
0:22:58,140,2.74,,4.47,4.402,8:20,7.2,8.0,172
0:22:59,140,2.74,8:56,6.71,4.405,5:33,10.8,8.0,172
0:23:00,140,2.74,5:22,11.18,4.41,3:20,18.0,8.0,172
0:23:01,141,2.74,5:22,11.18,4.415,3:20,18.0,8.0,172
0:23:02,141,2.75,8:56,6.71,4.418,5:33,10.8,8.0,172
0:23:03,141,2.75,,4.47,4.42,8:20,7.2,8.0,172
0:23:04,141,2.75,5:22,11.18,4.425,3:20,18.0,8.0,170
0:23:05,141,2.75,5:22,11.18,4.43,3:20,18.0,8.0,170
0:23:06,142,2.75,,4.47,4.432,8:20,7.2,8.0,170
0:23:07,142,2.76,,4.47,4.434,8:20,7.2,8.0,170
0:23:08,142,2.76,6:42,8.95,4.438,4:10,14.4,8.0,170
0:23:09,142,2.76,8:56,6.71,4.441,5:33,10.8,8.0,170
0:23:10,142,2.76,8:56,6.71,4.444,5:33,10.8,8.0,170
0:23:11,142,2.76,6:42,8.95,4.448,4:10,14.4,8.0,170
0:23:12,142,2.77,6:42,8.95,4.452,4:10,14.4,8.0,170
0:23:13,142,2.77,6:42,8.95,4.456,4:10,14.4,8.0,170
0:23:14,142,2.77,,4.47,4.458,8:20,7.2,8.0,170
0:23:15,142,2.77,,4.47,4.46,8:20,7.2,8.0,170
0:23:16,142,2.77,5:22,11.18,4.465,3:20,18.0,8.0,170
0:23:17,142,2.78,5:22,11.18,4.47,3:20,18.0,8.0,170
0:23:18,142,2.78,,4.47,4.472,8:20,7.2,8.0,170
0:23:19,142,2.78,8:56,6.71,4.475,5:33,10.8,8.0,170
0:23:20,142,2.78,8:56,6.71,4.478,5:33,10.8,8.0,170
0:23:21,142,2.78,6:42,8.95,4.482,4:10,14.4,8.0,170
0:23:22,142,2.79,6:42,8.95,4.486,4:10,14.4,8.0,170
0:23:23,142,2.79,6:42,8.95,4.49,4:10,14.4,8.0,170
0:23:24,142,2.79,6:42,8.95,4.494,4:10,14.4,7.0,170
0:23:25,142,2.79,8:56,6.71,4.497,5:33,10.8,7.0,172
0:23:26,142,2.8,5:22,11.18,4.502,3:20,18.0,7.0,172
0:23:27,141,2.8,5:22,11.18,4.507,3:20,18.0,7.0,172
0:23:28,141,2.8,,4.47,4.509,8:20,7.2,7.0,172
0:23:29,141,2.8,,4.47,4.511,8:20,7.2,7.0,172
0:23:30,141,2.8,8:56,6.71,4.514,5:33,10.8,7.0,172
0:23:31,141,2.81,,4.47,4.516,8:20,7.2,7.0,172
0:23:32,141,2.81,5:22,11.18,4.521,3:20,18.0,7.0,172
0:23:33,141,2.81,5:22,11.18,4.526,3:20,18.0,7.0,172
0:23:34,141,2.81,,4.47,4.528,8:20,7.2,7.0,172
0:23:35,141,2.82,8:56,6.71,4.531,5:33,10.8,7.0,172
0:23:36,140,2.82,8:56,6.71,4.534,5:33,10.8,7.0,170
0:23:37,140,2.82,6:42,8.95,4.538,4:10,14.4,7.0,170
0:23:38,140,2.82,6:42,8.95,4.542,4:10,14.4,7.0,170
0:23:39,140,2.82,8:56,6.71,4.545,5:33,10.8,7.0,172
0:23:40,140,2.83,8:56,6.71,4.548,5:33,10.8,7.0,172
0:23:41,139,2.83,6:42,8.95,4.552,4:10,14.4,7.0,172
0:23:42,139,2.83,6:42,8.95,4.556,4:10,14.4,7.0,170
0:23:43,139,2.83,8:56,6.71,4.559,5:33,10.8,7.0,170
0:23:44,139,2.84,6:42,8.95,4.563,4:10,14.4,7.0,170
0:23:45,139,2.84,6:42,8.95,4.567,4:10,14.4,7.0,170
0:23:46,139,2.84,8:56,6.71,4.57,5:33,10.8,7.0,170
0:23:47,138,2.84,,4.47,4.572,8:20,7.2,7.0,170
0:23:48,138,2.84,6:42,8.95,4.576,4:10,14.4,7.0,170
0:23:49,138,2.85,8:56,6.71,4.579,5:33,10.8,7.0,170
0:23:50,138,2.85,8:56,6.71,4.582,5:33,10.8,7.0,170
0:23:51,138,2.85,6:42,8.95,4.586,4:10,14.4,7.0,170
0:23:52,138,2.85,6:42,8.95,4.59,4:10,14.4,7.0,170
0:23:53,138,2.85,8:56,6.71,4.593,5:33,10.8,8.0,170
0:23:54,138,2.86,8:56,6.71,4.596,5:33,10.8,8.0,170
0:23:55,138,2.86,6:42,8.95,4.6,4:10,14.4,8.0,170
0:23:56,138,2.86,6:42,8.95,4.604,4:10,14.4,8.0,170
0:23:57,138,2.86,6:42,8.95,4.608,4:10,14.4,8.0,170
0:23:58,138,2.87,6:42,8.95,4.612,4:10,14.4,9.0,170
0:23:59,138,2.87,8:56,6.71,4.615,5:33,10.8,8.0,170
0:24:00,138,2.87,8:56,6.71,4.618,5:33,10.8,8.0,170
0:24:01,138,2.87,,4.47,4.62,8:20,7.2,8.0,172
0:24:02,138,2.87,5:22,11.18,4.625,3:20,18.0,8.0,172
0:24:03,138,2.88,5:22,11.18,4.63,3:20,18.0,8.0,172
0:24:04,138,2.88,,4.47,4.632,8:20,7.2,8.0,172
0:24:05,138,2.88,8:56,6.71,4.635,5:33,10.8,8.0,172
0:24:06,138,2.88,,4.47,4.637,8:20,7.2,8.0,172
0:24:07,138,2.88,,4.47,4.639,8:20,7.2,8.0,172
0:24:08,138,2.89,5:22,11.18,4.644,3:20,18.0,8.0,170
0:24:09,138,2.89,5:22,11.18,4.649,3:20,18.0,8.0,170
0:24:10,138,2.89,8:56,6.71,4.652,5:33,10.8,8.0,170
0:24:11,138,2.89,,4.47,4.654,8:20,7.2,8.0,170
0:24:12,138,2.89,6:42,8.95,4.658,4:10,14.4,8.0,170
0:24:13,138,2.9,8:56,6.71,4.661,5:33,10.8,8.0,170
0:24:14,138,2.9,5:22,11.18,4.666,3:20,18.0,8.0,170
0:24:15,138,2.9,5:22,11.18,4.671,3:20,18.0,8.0,170
0:24:16,138,2.9,,4.47,4.673,8:20,7.2,8.0,170
0:24:17,138,2.9,,4.47,4.675,8:20,7.2,8.0,170
0:24:18,138,2.91,5:22,11.18,4.68,3:20,18.0,8.0,170
0:24:19,138,2.91,5:22,11.18,4.685,3:20,18.0,7.0,172
0:24:20,138,2.91,8:56,6.71,4.688,5:33,10.8,7.0,172
0:24:21,138,2.91,,4.47,4.69,8:20,7.2,7.0,172
0:24:22,138,2.92,,4.47,4.692,8:20,7.2,7.0,172
0:24:23,138,2.92,,4.47,4.694,8:20,7.2,7.0,172
0:24:24,138,2.92,5:22,11.18,4.699,3:20,18.0,7.0,172
0:24:25,138,2.92,5:22,11.18,4.704,3:20,18.0,7.0,172
0:24:26,138,2.92,,4.47,4.706,8:20,7.2,7.0,172
0:24:27,138,2.93,8:56,6.71,4.709,5:33,10.8,7.0,172
0:24:28,138,2.93,8:56,6.71,4.712,5:33,10.8,7.0,172
0:24:29,139,2.93,6:42,8.95,4.716,4:10,14.4,7.0,172
0:24:30,139,2.93,6:42,8.95,4.72,4:10,14.4,7.0,172
0:24:31,139,2.93,8:56,6.71,4.723,5:33,10.8,7.0,172
0:24:32,139,2.94,8:56,6.71,4.726,5:33,10.8,7.0,172
0:24:33,139,2.94,6:42,8.95,4.73,4:10,14.4,7.0,172
0:24:34,139,2.94,5:22,11.18,4.735,3:20,18.0,7.0,172
0:24:35,139,2.95,5:22,11.18,4.74,3:20,18.0,7.0,172
0:24:36,139,2.95,,4.47,4.742,8:20,7.2,7.0,172
0:24:37,139,2.95,8:56,6.71,4.745,5:33,10.8,7.0,172
0:24:38,139,2.95,8:56,6.71,4.748,5:33,10.8,7.0,172
0:24:39,139,2.95,6:42,8.95,4.752,4:10,14.4,7.0,172
0:24:40,139,2.96,6:42,8.95,4.756,4:10,14.4,7.0,172
0:24:41,139,2.96,6:42,8.95,4.76,4:10,14.4,7.0,172
0:24:42,140,2.96,,4.47,4.762,8:20,7.2,7.0,172
0:24:43,140,2.96,,4.47,4.764,8:20,7.2,7.0,172
0:24:44,140,2.96,6:42,8.95,4.768,4:10,14.4,7.0,172
0:24:45,140,2.97,6:42,8.95,4.772,4:10,14.4,7.0,172
0:24:46,140,2.97,6:42,8.95,4.776,4:10,14.4,7.0,172
0:24:47,140,2.97,8:56,6.71,4.779,5:33,10.8,7.0,172
0:24:48,140,2.97,8:56,6.71,4.782,5:33,10.8,7.0,172
0:24:49,140,2.97,6:42,8.95,4.786,4:10,14.4,7.0,172
0:24:50,141,2.98,5:22,11.18,4.791,3:20,18.0,7.0,172
0:24:51,141,2.98,5:22,11.18,4.796,3:20,18.0,7.0,172
0:24:52,141,2.98,,4.47,4.798,8:20,7.2,7.0,172
0:24:53,141,2.98,8:56,6.71,4.801,5:33,10.8,7.0,172
0:24:54,141,2.99,8:56,6.71,4.804,5:33,10.8,7.0,172
0:24:55,141,2.99,6:42,8.95,4.808,4:10,14.4,7.0,172
0:24:56,141,2.99,6:42,8.95,4.812,4:10,14.4,7.0,172
0:24:57,141,2.99,8:56,6.71,4.815,5:33,10.8,7.0,172
0:24:58,141,2.99,,4.47,4.817,8:20,7.2,7.0,170
0:24:59,141,2.99,,4.47,4.819,8:20,7.2,7.0,170
0:25:00,141,3.0,8:56,6.71,4.822,5:33,10.8,7.0,170
0:25:01,141,3.0,6:42,8.95,4.826,4:10,14.4,7.0,170
0:25:01,141,3.0,,8.95,4.826,,14.4,7.0,170
0:25:02,141,3.0,5:22,11.18,4.831,3:20,18.0,7.0,170
0:25:03,141,3.0,5:22,11.18,4.836,3:20,18.0,7.0,170
0:25:04,141,3.01,,4.47,4.838,8:20,7.2,7.0,170
0:25:05,141,3.01,,4.47,4.84,8:20,7.2,7.0,172
0:25:06,141,3.01,5:22,11.18,4.845,3:20,18.0,7.0,172
0:25:07,141,3.01,5:22,11.18,4.85,3:20,18.0,7.0,172
0:25:08,141,3.01,,4.47,4.852,8:20,7.2,7.0,172
0:25:09,141,3.02,,4.47,4.854,8:20,7.2,7.0,172
0:25:10,141,3.02,6:42,8.95,4.858,4:10,14.4,7.0,172
0:25:11,141,3.02,6:42,8.95,4.862,4:10,14.4,7.0,172
0:25:12,141,3.02,,4.47,4.864,8:20,7.2,7.0,170
0:25:13,141,3.02,,4.47,4.866,8:20,7.2,7.0,170
0:25:14,141,3.03,5:22,11.18,4.871,3:20,18.0,7.0,170
0:25:15,141,3.03,5:22,11.18,4.876,3:20,18.0,7.0,170
0:25:16,141,3.03,,4.47,4.878,8:20,7.2,7.0,170
0:25:17,141,3.03,,4.47,4.88,8:20,7.2,7.0,170
0:25:18,140,3.03,,4.47,4.882,8:20,7.2,7.0,170
0:25:19,140,3.04,8:56,6.71,4.885,5:33,10.8,7.0,172
0:25:20,140,3.04,5:22,11.18,4.89,3:20,18.0,7.0,170
0:25:21,140,3.04,6:42,8.95,4.894,4:10,14.4,7.0,170
0:25:22,140,3.04,6:42,8.95,4.898,4:10,14.4,7.0,170
0:25:23,140,3.05,8:56,6.71,4.901,5:33,10.8,7.0,170
0:25:24,140,3.05,8:56,6.71,4.904,5:33,10.8,7.0,170
0:25:25,140,3.05,6:42,8.95,4.908,4:10,14.4,7.0,170
0:25:26,139,3.05,6:42,8.95,4.912,4:10,14.4,7.0,170
0:25:27,139,3.05,8:56,6.71,4.915,5:33,10.8,7.0,170
0:25:28,139,3.06,8:56,6.71,4.918,5:33,10.8,7.0,170
0:25:29,139,3.06,,4.47,4.92,8:20,7.2,7.0,170
0:25:30,139,3.06,6:42,8.95,4.924,4:10,14.4,7.0,170
0:25:31,139,3.06,5:22,11.18,4.929,3:20,18.0,7.0,170
0:25:32,139,3.06,8:56,6.71,4.932,5:33,10.8,7.0,170
0:25:33,139,3.07,,4.47,4.934,8:20,7.2,7.0,170
0:25:34,139,3.07,,4.47,4.936,8:20,7.2,7.0,170
0:25:35,139,3.07,8:56,6.71,4.939,5:33,10.8,7.0,170
0:25:36,138,3.07,5:22,11.18,4.944,3:20,18.0,7.0,170
0:25:37,138,3.07,6:42,8.95,4.948,4:10,14.4,7.0,172
0:25:38,138,3.08,,4.47,4.95,8:20,7.2,7.0,172
0:25:39,138,3.08,8:56,6.71,4.953,5:33,10.8,7.0,172
0:25:40,138,3.08,8:56,6.71,4.956,5:33,10.8,7.0,172
0:25:41,138,3.08,6:42,8.95,4.96,4:10,14.4,7.0,172
0:25:42,138,3.08,6:42,8.95,4.964,4:10,14.4,7.0,172
0:25:43,138,3.09,5:22,11.18,4.969,3:20,18.0,7.0,172
0:25:44,138,3.09,8:56,6.71,4.972,5:33,10.8,7.0,172
0:25:45,138,3.09,,4.47,4.974,8:20,7.2,7.0,172
0:25:46,138,3.09,6:42,8.95,4.978,4:10,14.4,7.0,172
0:25:47,138,3.1,5:22,11.18,4.983,3:20,18.0,7.0,172
0:25:48,138,3.1,8:56,6.71,4.986,5:33,10.8,7.0,172
0:25:49,138,3.1,,4.47,4.988,8:20,7.2,7.0,172
0:25:50,138,3.1,6:42,8.95,4.992,4:10,14.4,7.0,170
0:25:51,138,3.1,8:56,6.71,4.995,5:33,10.8,7.0,170
0:25:52,138,3.11,8:56,6.71,4.998,5:33,10.8,7.0,170
0:25:53,138,3.11,,4.47,5.0,8:20,7.2,7.0,170
0:25:54,138,3.11,6:42,8.95,5.004,4:10,14.4,7.0,170
0:25:55,138,3.11,8:56,6.71,5.007,5:33,10.8,7.0,170
0:25:56,138,3.11,8:56,6.71,5.01,5:33,10.8,7.0,170
0:25:57,138,3.12,6:42,8.95,5.014,4:10,14.4,7.0,172
0:25:58,138,3.12,5:22,11.18,5.019,3:20,18.0,7.0,172
0:25:59,138,3.12,5:22,11.18,5.024,3:20,18.0,7.0,172
0:26:00,139,3.12,,4.47,5.026,8:20,7.2,7.0,172
0:26:01,139,3.12,,4.47,5.028,8:20,7.2,7.0,172
0:26:02,139,3.13,6:42,8.95,5.032,4:10,14.4,7.0,172
0:26:03,139,3.13,6:42,8.95,5.036,4:10,14.4,7.0,172
0:26:04,139,3.13,6:42,8.95,5.04,4:10,14.4,7.0,170
0:26:05,139,3.13,8:56,6.71,5.043,5:33,10.8,7.0,170
0:26:06,140,3.14,8:56,6.71,5.046,5:33,10.8,7.0,170
0:26:07,140,3.14,6:42,8.95,5.05,4:10,14.4,7.0,172
0:26:08,140,3.14,,4.47,5.052,8:20,7.2,7.0,170
0:26:09,140,3.14,,4.47,5.054,8:20,7.2,7.0,170
0:26:10,140,3.14,5:22,11.18,5.059,3:20,18.0,7.0,170
0:26:11,141,3.15,5:22,11.18,5.064,3:20,18.0,7.0,170
0:26:12,141,3.15,,4.47,5.066,8:20,7.2,7.0,170
0:26:13,141,3.15,,4.47,5.068,8:20,7.2,7.0,170
0:26:14,141,3.15,6:42,8.95,5.072,4:10,14.4,7.0,170
0:26:15,141,3.15,8:56,6.71,5.075,5:33,10.8,7.0,170
0:26:16,141,3.16,8:56,6.71,5.078,5:33,10.8,7.0,170
0:26:17,140,3.16,6:42,8.95,5.082,4:10,14.4,7.0,170
0:26:18,140,3.16,6:42,8.95,5.086,4:10,14.4,7.0,170
0:26:19,140,3.16,6:42,8.95,5.09,4:10,14.4,7.0,170
0:26:20,140,3.16,,4.47,5.092,8:20,7.2,7.0,170
0:26:21,140,3.17,8:56,6.71,5.095,5:33,10.8,7.0,170
0:26:22,140,3.17,5:22,11.18,5.1,3:20,18.0,7.0,170
0:26:23,139,3.17,6:42,8.95,5.104,4:10,14.4,7.0,170
0:26:24,139,3.17,,4.47,5.106,8:20,7.2,7.0,170
0:26:25,139,3.17,8:56,6.71,5.109,5:33,10.8,7.0,170
0:26:26,139,3.18,,4.47,5.111,8:20,7.2,7.0,170
0:26:27,139,3.18,,4.47,5.113,8:20,7.2,7.0,170
0:26:28,139,3.18,5:22,11.18,5.118,3:20,18.0,7.0,170
0:26:29,139,3.18,5:22,11.18,5.123,3:20,18.0,6.0,170
0:26:30,139,3.19,8:56,6.71,5.126,5:33,10.8,6.0,170
0:26:31,139,3.19,6:42,8.95,5.13,4:10,14.4,6.0,170
0:26:32,139,3.19,6:42,8.95,5.134,4:10,14.4,6.0,170
0:26:33,139,3.19,8:56,6.71,5.137,5:33,10.8,6.0,172
0:26:34,139,3.19,6:42,8.95,5.141,4:10,14.4,6.0,170
0:26:35,139,3.2,6:42,8.95,5.145,4:10,14.4,6.0,170
0:26:36,139,3.2,,4.47,5.147,8:20,7.2,6.0,170
0:26:37,139,3.2,,4.47,5.149,8:20,7.2,6.0,170
0:26:38,140,3.2,5:22,11.18,5.154,3:20,18.0,7.0,170
0:26:39,140,3.21,5:22,11.18,5.159,3:20,18.0,7.0,170
0:26:40,140,3.21,,4.47,5.161,8:20,7.2,7.0,164
0:26:41,140,3.21,,4.47,5.163,8:20,7.2,7.0,160
0:26:42,141,3.21,,2.24,5.164,,3.6,7.0,142
0:26:43,141,3.21,,4.47,5.166,8:20,7.2,7.0,124
0:26:44,141,3.21,,4.47,5.168,8:20,7.2,7.0,118
0:26:45,142,3.21,,2.24,5.169,,3.6,7.0,114
0:26:46,142,3.21,,2.24,5.17,,3.6,7.0,112
0:26:47,142,3.21,,2.24,5.171,,3.6,7.0,112
0:26:47,142,3.21,,2.24,5.171,,3.6,7.0,112
0:26:48,142,3.21,,2.24,5.172,,3.6,7.0,110
0:26:49,142,3.21,,2.24,5.173,,3.6,7.0,110
0:26:50,140,3.22,,4.47,5.175,8:20,7.2,7.0,110
0:26:51,139,3.22,,4.47,5.177,8:20,7.2,7.0,110
0:26:52,139,3.22,,2.24,5.178,,3.6,7.0,124
0:26:53,138,3.22,,4.47,5.18,8:20,7.2,7.0,136
0:26:54,137,3.22,6:42,8.95,5.184,4:10,14.4,6.0,152
0:26:55,136,3.22,8:56,6.71,5.187,5:33,10.8,6.0,166
0:26:56,135,3.23,6:42,8.95,5.191,4:10,14.4,6.0,166
0:26:57,134,3.23,6:42,8.95,5.195,4:10,14.4,6.0,168
0:26:58,133,3.23,8:56,6.71,5.198,5:33,10.8,6.0,168
0:26:59,133,3.23,6:42,8.95,5.202,4:10,14.4,6.0,170
0:27:00,133,3.23,,4.47,5.204,8:20,7.2,6.0,170
0:27:01,132,3.24,8:56,6.71,5.207,5:33,10.8,6.0,170
0:27:02,132,3.24,5:22,11.18,5.212,3:20,18.0,6.0,170
0:27:03,132,3.24,5:22,11.18,5.217,3:20,18.0,6.0,172
0:27:04,132,3.24,8:56,6.71,5.22,5:33,10.8,6.0,172
0:27:05,132,3.24,,4.47,5.222,8:20,7.2,6.0,172
0:27:06,132,3.25,5:22,11.18,5.227,3:20,18.0,6.0,172
0:27:07,132,3.25,5:22,11.18,5.232,3:20,18.0,6.0,172
0:27:08,132,3.25,,4.47,5.234,8:20,7.2,6.0,172
0:27:09,132,3.25,8:56,6.71,5.237,5:33,10.8,6.0,172
0:27:10,133,3.26,8:56,6.71,5.24,5:33,10.8,6.0,172
0:27:11,133,3.26,6:42,8.95,5.244,4:10,14.4,6.0,172
0:27:12,133,3.26,6:42,8.95,5.248,4:10,14.4,6.0,172
0:27:13,133,3.26,6:42,8.95,5.252,4:10,14.4,6.0,172
0:27:14,133,3.27,6:42,8.95,5.256,4:10,14.4,6.0,172
0:27:15,133,3.27,8:56,6.71,5.259,5:33,10.8,6.0,172
0:27:16,133,3.27,6:42,8.95,5.263,4:10,14.4,6.0,172
0:27:17,133,3.27,6:42,8.95,5.267,4:10,14.4,6.0,174
0:27:18,133,3.28,6:42,8.95,5.271,4:10,14.4,7.0,174
0:27:19,133,3.28,6:42,8.95,5.275,4:10,14.4,7.0,174
0:27:20,133,3.28,8:56,6.71,5.278,5:33,10.8,7.0,174
0:27:21,134,3.28,,4.47,5.28,8:20,7.2,7.0,174
0:27:22,134,3.28,6:42,8.95,5.284,4:10,14.4,7.0,174
0:27:23,134,3.29,8:56,6.71,5.287,5:33,10.8,7.0,174
0:27:24,135,3.29,6:42,8.95,5.291,4:10,14.4,6.0,174
0:27:25,135,3.29,6:42,8.95,5.295,4:10,14.4,6.0,174
0:27:26,136,3.29,5:22,11.18,5.3,3:20,18.0,6.0,174
0:27:27,136,3.3,5:22,11.18,5.305,3:20,18.0,6.0,174
0:27:28,136,3.3,8:56,6.71,5.308,5:33,10.8,6.0,174
0:27:29,137,3.3,,4.47,5.31,8:20,7.2,6.0,174
0:27:30,137,3.3,6:42,8.95,5.314,4:10,14.4,6.0,172
0:27:31,138,3.3,6:42,8.95,5.318,4:10,14.4,6.0,172
0:27:32,138,3.31,6:42,8.95,5.322,4:10,14.4,6.0,172
0:27:33,139,3.31,8:56,6.71,5.325,5:33,10.8,7.0,174
0:27:34,139,3.31,6:42,8.95,5.329,4:10,14.4,7.0,174
0:27:35,140,3.31,6:42,8.95,5.333,4:10,14.4,7.0,174
0:27:36,140,3.32,8:56,6.71,5.336,5:33,10.8,7.0,174
0:27:37,141,3.32,,4.47,5.338,8:20,7.2,7.0,174
0:27:38,141,3.32,5:22,11.18,5.343,3:20,18.0,7.0,174
0:27:39,141,3.32,5:22,11.18,5.348,3:20,18.0,7.0,174
0:27:40,141,3.32,,4.47,5.35,8:20,7.2,7.0,172
0:27:41,141,3.33,8:56,6.71,5.353,5:33,10.8,7.0,172
0:27:42,142,3.33,5:22,11.18,5.358,3:20,18.0,7.0,172
0:27:43,142,3.33,5:22,11.18,5.363,3:20,18.0,7.0,172
0:27:44,142,3.33,8:56,6.71,5.366,5:33,10.8,7.0,172
0:27:45,142,3.34,,4.47,5.368,8:20,7.2,7.0,172
0:27:46,142,3.34,6:42,8.95,5.372,4:10,14.4,7.0,172
0:27:47,142,3.34,6:42,8.95,5.376,4:10,14.4,7.0,174
0:27:48,142,3.34,6:42,8.95,5.38,4:10,14.4,7.0,174
0:27:49,142,3.34,8:56,6.71,5.383,5:33,10.8,7.0,174
0:27:50,142,3.35,6:42,8.95,5.387,4:10,14.4,7.0,172
0:27:51,142,3.35,6:42,8.95,5.391,4:10,14.4,7.0,172
0:27:52,143,3.35,8:56,6.71,5.394,5:33,10.8,7.0,172
0:27:53,143,3.35,6:42,8.95,5.398,4:10,14.4,7.0,172
0:27:54,143,3.36,6:42,8.95,5.402,4:10,14.4,6.0,172
0:27:55,143,3.36,8:56,6.71,5.405,5:33,10.8,6.0,172
0:27:56,143,3.36,8:56,6.71,5.408,5:33,10.8,6.0,172
0:27:57,143,3.36,,4.47,5.41,8:20,7.2,6.0,172
0:27:58,143,3.36,6:42,8.95,5.414,4:10,14.4,6.0,172
0:27:59,143,3.37,8:56,6.71,5.417,5:33,10.8,6.0,172
0:28:00,143,3.37,6:42,8.95,5.421,4:10,14.4,6.0,172
0:28:01,143,3.37,6:42,8.95,5.425,4:10,14.4,6.0,172
0:28:02,143,3.37,8:56,6.71,5.428,5:33,10.8,6.0,170
0:28:03,143,3.38,6:42,8.95,5.432,4:10,14.4,6.0,170
0:28:04,143,3.38,6:42,8.95,5.436,4:10,14.4,6.0,170
0:28:05,143,3.38,8:56,6.71,5.439,5:33,10.8,6.0,170
0:28:06,143,3.38,8:56,6.71,5.442,5:33,10.8,6.0,170
0:28:07,143,3.38,6:42,8.95,5.446,4:10,14.4,6.0,172
0:28:08,143,3.39,,4.47,5.448,8:20,7.2,7.0,170
0:28:09,144,3.39,8:56,6.71,5.451,5:33,10.8,6.0,170
0:28:10,144,3.39,5:22,11.18,5.456,3:20,18.0,6.0,170
0:28:11,144,3.39,5:22,11.18,5.461,3:20,18.0,6.0,170
0:28:12,144,3.4,8:56,6.71,5.464,5:33,10.8,6.0,170
0:28:13,144,3.4,,4.47,5.466,8:20,7.2,6.0,170
0:28:14,144,3.4,6:42,8.95,5.47,4:10,14.4,6.0,170
0:28:15,144,3.4,8:56,6.71,5.473,5:33,10.8,6.0,170
0:28:16,144,3.4,8:56,6.71,5.476,5:33,10.8,6.0,170
0:28:17,144,3.41,6:42,8.95,5.48,4:10,14.4,6.0,170
0:28:18,144,3.41,6:42,8.95,5.484,4:10,14.4,6.0,170
0:28:19,144,3.41,8:56,6.71,5.487,5:33,10.8,6.0,170
0:28:20,144,3.41,8:56,6.71,5.49,5:33,10.8,6.0,170
0:28:21,143,3.41,,4.47,5.492,8:20,7.2,6.0,170
0:28:22,143,3.42,6:42,8.95,5.496,4:10,14.4,6.0,170
0:28:23,143,3.42,5:22,11.18,5.501,3:20,18.0,6.0,172
0:28:24,143,3.42,8:56,6.71,5.504,5:33,10.8,6.0,170
0:28:25,143,3.42,,4.47,5.506,8:20,7.2,6.0,170
0:28:26,143,3.42,5:22,11.18,5.511,3:20,18.0,6.0,170
0:28:27,143,3.43,5:22,11.18,5.516,3:20,18.0,6.0,170
0:28:28,143,3.43,,4.47,5.518,8:20,7.2,6.0,170
0:28:29,143,3.43,,4.47,5.52,8:20,7.2,6.0,172
0:28:30,142,3.43,6:42,8.95,5.524,4:10,14.4,6.0,170
0:28:31,142,3.43,8:56,6.71,5.527,5:33,10.8,6.0,170
0:28:32,142,3.44,6:42,8.95,5.531,4:10,14.4,6.0,170
0:28:33,142,3.44,6:42,8.95,5.535,4:10,14.4,6.0,170
0:28:34,142,3.44,8:56,6.71,5.538,5:33,10.8,6.0,170
0:28:35,142,3.44,6:42,8.95,5.542,4:10,14.4,6.0,172
0:28:36,142,3.44,,4.47,5.544,8:20,7.2,6.0,172
0:28:37,142,3.45,,4.47,5.546,8:20,7.2,6.0,172
0:28:38,142,3.45,6:42,8.95,5.55,4:10,14.4,6.0,170
0:28:39,142,3.45,8:56,6.71,5.553,5:33,10.8,6.0,170
0:28:40,142,3.45,8:56,6.71,5.556,5:33,10.8,6.0,170
0:28:41,142,3.45,6:42,8.95,5.56,4:10,14.4,6.0,170
0:28:42,142,3.46,6:42,8.95,5.564,4:10,14.4,6.0,170
0:28:43,142,3.46,8:56,6.71,5.567,5:33,10.8,6.0,170
0:28:44,142,3.46,8:56,6.71,5.57,5:33,10.8,6.0,170
0:28:45,141,3.46,6:42,8.95,5.574,4:10,14.4,6.0,170
0:28:46,141,3.47,6:42,8.95,5.578,4:10,14.4,6.0,170
0:28:47,141,3.47,8:56,6.71,5.581,5:33,10.8,6.0,170
0:28:48,141,3.47,8:56,6.71,5.584,5:33,10.8,6.0,170
0:28:49,141,3.47,,4.47,5.586,8:20,7.2,6.0,170
0:28:50,141,3.47,6:42,8.95,5.59,4:10,14.4,6.0,170
0:28:51,140,3.48,5:22,11.18,5.595,3:20,18.0,6.0,170
0:28:52,140,3.48,8:56,6.71,5.598,5:33,10.8,6.0,170
0:28:53,140,3.48,,4.47,5.6,8:20,7.2,7.0,172
0:28:54,140,3.48,6:42,8.95,5.604,4:10,14.4,7.0,172
0:28:55,140,3.49,5:22,11.18,5.609,3:20,18.0,7.0,172
0:28:56,140,3.49,8:56,6.71,5.612,5:33,10.8,7.0,170
0:28:57,140,3.49,,4.47,5.614,8:20,7.2,7.0,170
0:28:58,140,3.49,6:42,8.95,5.618,4:10,14.4,7.0,170
0:28:59,139,3.49,8:56,6.71,5.621,5:33,10.8,7.0,170
0:29:00,139,3.49,8:56,6.71,5.624,5:33,10.8,7.0,170
0:29:01,139,3.5,6:42,8.95,5.628,4:10,14.4,7.0,170
0:29:02,139,3.5,6:42,8.95,5.632,4:10,14.4,7.0,170
0:29:03,139,3.5,6:42,8.95,5.636,4:10,14.4,7.0,170
0:29:04,139,3.5,,4.47,5.638,8:20,7.2,7.0,170
0:29:05,139,3.5,,4.47,5.64,8:20,7.2,7.0,170
0:29:06,139,3.51,5:22,11.18,5.645,3:20,18.0,7.0,170
0:29:07,139,3.51,5:22,11.18,5.65,3:20,18.0,7.0,170
0:29:08,139,3.51,,4.47,5.652,8:20,7.2,7.0,170
0:29:09,139,3.51,,4.47,5.654,8:20,7.2,7.0,170
0:29:10,139,3.52,6:42,8.95,5.658,4:10,14.4,7.0,170
0:29:11,139,3.52,8:56,6.71,5.661,5:33,10.8,7.0,170
0:29:12,139,3.52,8:56,6.71,5.664,5:33,10.8,7.0,170
0:29:13,139,3.52,6:42,8.95,5.668,4:10,14.4,7.0,170
0:29:14,139,3.52,6:42,8.95,5.672,4:10,14.4,7.0,170
0:29:15,139,3.53,8:56,6.71,5.675,5:33,10.8,7.0,170
0:29:16,139,3.53,8:56,6.71,5.678,5:33,10.8,7.0,170
0:29:17,139,3.53,,4.47,5.68,8:20,7.2,7.0,170
0:29:18,139,3.53,6:42,8.95,5.684,4:10,14.4,7.0,170
0:29:19,139,3.53,5:22,11.18,5.689,3:20,18.0,7.0,170
0:29:20,139,3.54,8:56,6.71,5.692,5:33,10.8,7.0,170
0:29:21,139,3.54,,4.47,5.694,8:20,7.2,7.0,172
0:29:22,138,3.54,6:42,8.95,5.698,4:10,14.4,7.0,170
0:29:23,138,3.54,8:56,6.71,5.701,5:33,10.8,7.0,170
0:29:24,138,3.54,8:56,6.71,5.704,5:33,10.8,6.0,170
0:29:25,138,3.55,6:42,8.95,5.708,4:10,14.4,6.0,170
0:29:26,138,3.55,6:42,8.95,5.712,4:10,14.4,6.0,170
0:29:27,138,3.55,8:56,6.71,5.715,5:33,10.8,6.0,170
0:29:28,138,3.55,8:56,6.71,5.718,5:33,10.8,6.0,168
0:29:29,137,3.55,,4.47,5.72,8:20,7.2,6.0,168
0:29:30,137,3.56,6:42,8.95,5.724,4:10,14.4,6.0,166
0:29:31,137,3.56,5:22,11.18,5.729,3:20,18.0,6.0,166
0:29:32,137,3.56,,4.47,5.731,8:20,7.2,6.0,166
0:29:33,137,3.56,,4.47,5.733,8:20,7.2,7.0,164
0:29:34,137,3.56,8:56,6.71,5.736,5:33,10.8,6.0,164
0:29:35,137,3.57,6:42,8.95,5.74,4:10,14.4,6.0,164
0:29:36,137,3.57,,4.47,5.742,8:20,7.2,6.0,164
0:29:37,137,3.57,8:56,6.71,5.745,5:33,10.8,6.0,164
0:29:38,137,3.57,8:56,6.71,5.748,5:33,10.8,6.0,164
0:29:39,137,3.57,6:42,8.95,5.752,4:10,14.4,6.0,164
0:29:40,137,3.58,6:42,8.95,5.756,4:10,14.4,6.0,164
0:29:41,137,3.58,8:56,6.71,5.759,5:33,10.8,6.0,166
0:29:42,137,3.58,8:56,6.71,5.762,5:33,10.8,6.0,166
0:29:43,137,3.58,6:42,8.95,5.766,4:10,14.4,6.0,166
0:29:44,137,3.58,,4.47,5.768,8:20,7.2,6.0,166
0:29:45,137,3.59,,4.47,5.77,8:20,7.2,6.0,168
0:29:46,137,3.59,5:22,11.18,5.775,3:20,18.0,6.0,168
0:29:47,137,3.59,5:22,11.18,5.78,3:20,18.0,6.0,168
0:29:48,137,3.59,,4.47,5.782,8:20,7.2,7.0,168
0:29:49,137,3.59,8:56,6.71,5.785,5:33,10.8,6.0,170
0:29:50,137,3.6,8:56,6.71,5.788,5:33,10.8,6.0,170
0:29:51,137,3.6,6:42,8.95,5.792,4:10,14.4,6.0,170
0:29:52,137,3.6,6:42,8.95,5.796,4:10,14.4,6.0,168
0:29:53,137,3.6,8:56,6.71,5.799,5:33,10.8,6.0,168
0:29:54,137,3.61,8:56,6.71,5.802,5:33,10.8,6.0,168
0:29:55,137,3.61,6:42,8.95,5.806,4:10,14.4,6.0,168
0:29:56,137,3.61,,4.47,5.808,8:20,7.2,6.0,168
0:29:57,137,3.61,8:56,6.71,5.811,5:33,10.8,6.0,168
0:29:58,137,3.61,5:22,11.18,5.816,3:20,18.0,6.0,168
0:29:59,137,3.62,6:42,8.95,5.82,4:10,14.4,6.0,170
0:30:00,137,3.62,,4.47,5.822,8:20,7.2,6.0,170
0:30:01,137,3.62,8:56,6.71,5.825,5:33,10.8,6.0,170
0:30:02,137,3.62,8:56,6.71,5.828,5:33,10.8,6.0,170
0:30:03,137,3.62,6:42,8.95,5.832,4:10,14.4,6.0,170
0:30:04,137,3.63,6:42,8.95,5.836,4:10,14.4,6.0,170
0:30:05,137,3.63,8:56,6.71,5.839,5:33,10.8,6.0,170
0:30:06,137,3.63,8:56,6.71,5.842,5:33,10.8,6.0,170
0:30:07,137,3.63,6:42,8.95,5.846,4:10,14.4,6.0,170
0:30:08,137,3.63,,4.47,5.848,8:20,7.2,7.0,170
0:30:09,137,3.64,8:56,6.71,5.851,5:33,10.8,7.0,170
0:30:10,137,3.64,5:22,11.18,5.856,3:20,18.0,7.0,170
0:30:11,137,3.64,6:42,8.95,5.86,4:10,14.4,7.0,170
0:30:12,137,3.64,,4.47,5.862,8:20,7.2,7.0,170
0:30:13,136,3.64,8:56,6.71,5.865,5:33,10.8,7.0,170
0:30:14,136,3.65,8:56,6.71,5.868,5:33,10.8,7.0,170
0:30:15,136,3.65,6:42,8.95,5.872,4:10,14.4,7.0,170
0:30:16,136,3.65,6:42,8.95,5.876,4:10,14.4,7.0,170
0:30:17,136,3.65,8:56,6.71,5.879,5:33,10.8,7.0,170
0:30:18,136,3.66,6:42,8.95,5.883,4:10,14.4,7.0,170
0:30:19,136,3.66,6:42,8.95,5.887,4:10,14.4,7.0,170
0:30:20,136,3.66,8:56,6.71,5.89,5:33,10.8,7.0,170
0:30:21,137,3.66,,4.47,5.892,8:20,7.2,7.0,170
0:30:22,137,3.66,6:42,8.95,5.896,4:10,14.4,7.0,170
0:30:23,137,3.67,5:22,11.18,5.901,3:20,18.0,7.0,170
0:30:24,137,3.67,8:56,6.71,5.904,5:33,10.8,7.0,170
0:30:25,137,3.67,,4.47,5.906,8:20,7.2,7.0,170
0:30:26,137,3.67,6:42,8.95,5.91,4:10,14.4,7.0,170
0:30:27,137,3.67,8:56,6.71,5.913,5:33,10.8,7.0,172
0:30:28,137,3.68,8:56,6.71,5.916,5:33,10.8,7.0,172
0:30:29,138,3.68,6:42,8.95,5.92,4:10,14.4,7.0,172
0:30:30,138,3.68,6:42,8.95,5.924,4:10,14.4,7.0,170
0:30:31,138,3.68,6:42,8.95,5.928,4:10,14.4,7.0,170
0:30:32,138,3.68,,4.47,5.93,8:20,7.2,7.0,170
0:30:33,138,3.69,,4.47,5.932,8:20,7.2,7.0,172
0:30:34,138,3.69,5:22,11.18,5.937,3:20,18.0,7.0,172
0:30:35,138,3.69,5:22,11.18,5.942,3:20,18.0,7.0,172
0:30:36,138,3.69,,4.47,5.944,8:20,7.2,7.0,170
0:30:37,138,3.7,8:56,6.71,5.947,5:33,10.8,7.0,170
0:30:38,138,3.7,5:22,11.18,5.952,3:20,18.0,7.0,170
0:30:39,138,3.7,5:22,11.18,5.957,3:20,18.0,7.0,172
0:30:40,138,3.7,8:56,6.71,5.96,5:33,10.8,7.0,172
0:30:41,138,3.7,,4.47,5.962,8:20,7.2,7.0,172
0:30:42,138,3.71,6:42,8.95,5.966,4:10,14.4,7.0,172
0:30:43,138,3.71,8:56,6.71,5.969,5:33,10.8,7.0,172
0:30:44,138,3.71,8:56,6.71,5.972,5:33,10.8,7.0,172
0:30:45,138,3.71,6:42,8.95,5.976,4:10,14.4,7.0,172
0:30:46,138,3.72,6:42,8.95,5.98,4:10,14.4,7.0,172
0:30:47,138,3.72,6:42,8.95,5.984,4:10,14.4,7.0,172
0:30:48,138,3.72,,4.47,5.986,8:20,7.2,7.0,172
0:30:49,138,3.72,8:56,6.71,5.989,5:33,10.8,6.0,172
0:30:50,138,3.72,5:22,11.18,5.994,3:20,18.0,6.0,172
0:30:51,138,3.73,6:42,8.95,5.998,4:10,14.4,6.0,172
0:30:52,138,3.73,,4.47,6.0,8:20,7.2,6.0,172
0:30:53,138,3.73,8:56,6.71,6.003,5:33,10.8,6.0,172
0:30:54,138,3.73,5:22,11.18,6.008,3:20,18.0,6.0,172
0:30:55,138,3.74,5:22,11.18,6.013,3:20,18.0,6.0,172
0:30:56,138,3.74,8:56,6.71,6.016,5:33,10.8,6.0,172
0:30:57,139,3.74,,4.47,6.018,8:20,7.2,6.0,172
0:30:58,139,3.74,6:42,8.95,6.022,4:10,14.4,6.0,172
0:30:59,139,3.74,8:56,6.71,6.025,5:33,10.8,6.0,172
0:31:00,139,3.75,6:42,8.95,6.029,4:10,14.4,6.0,172
0:31:01,139,3.75,6:42,8.95,6.033,4:10,14.4,6.0,172
0:31:02,139,3.75,8:56,6.71,6.036,5:33,10.8,6.0,172
0:31:03,140,3.75,6:42,8.95,6.04,4:10,14.4,6.0,172
0:31:04,140,3.75,,4.47,6.042,8:20,7.2,6.0,172
0:31:05,140,3.76,8:56,6.71,6.045,5:33,10.8,6.0,172
0:31:06,140,3.76,5:22,11.18,6.05,3:20,18.0,6.0,172
0:31:07,140,3.76,6:42,8.95,6.054,4:10,14.4,6.0,172
0:31:08,140,3.76,,4.47,6.056,8:20,7.2,6.0,170
0:31:09,140,3.76,8:56,6.71,6.059,5:33,10.8,6.0,170
0:31:10,140,3.77,8:56,6.71,6.062,5:33,10.8,6.0,170
0:31:11,140,3.77,6:42,8.95,6.066,4:10,14.4,6.0,170
0:31:12,140,3.77,6:42,8.95,6.07,4:10,14.4,6.0,170
0:31:13,140,3.77,8:56,6.71,6.073,5:33,10.8,6.0,170
0:31:14,140,3.78,8:56,6.71,6.076,5:33,10.8,6.0,170
0:31:15,140,3.78,6:42,8.95,6.08,4:10,14.4,6.0,170
0:31:16,140,3.78,,4.47,6.082,8:20,7.2,6.0,170
0:31:17,140,3.78,8:56,6.71,6.085,5:33,10.8,6.0,170
0:31:18,140,3.78,5:22,11.18,6.09,3:20,18.0,7.0,170
0:31:19,141,3.79,5:22,11.18,6.095,3:20,18.0,7.0,170
0:31:20,141,3.79,,4.47,6.097,8:20,7.2,7.0,172
0:31:21,141,3.79,,4.47,6.099,8:20,7.2,7.0,172
0:31:22,141,3.79,5:22,11.18,6.104,3:20,18.0,7.0,172
0:31:23,141,3.8,5:22,11.18,6.109,3:20,18.0,7.0,172
0:31:24,141,3.8,8:56,6.71,6.112,5:33,10.8,7.0,172
0:31:25,142,3.8,,4.47,6.114,8:20,7.2,7.0,172
0:31:26,142,3.8,6:42,8.95,6.118,4:10,14.4,7.0,172
0:31:27,141,3.8,8:56,6.71,6.121,5:33,10.8,7.0,172
0:31:28,141,3.81,8:56,6.71,6.124,5:33,10.8,7.0,172
0:31:29,141,3.81,6:42,8.95,6.128,4:10,14.4,7.0,172
0:31:30,141,3.81,6:42,8.95,6.132,4:10,14.4,7.0,172
0:31:31,141,3.81,8:56,6.71,6.135,5:33,10.8,7.0,172
0:31:32,141,3.81,8:56,6.71,6.138,5:33,10.8,7.0,172
0:31:33,141,3.82,,4.47,6.14,8:20,7.2,7.0,172
0:31:34,141,3.82,6:42,8.95,6.144,4:10,14.4,6.0,172
0:31:35,140,3.82,5:22,11.18,6.149,3:20,18.0,6.0,170
0:31:36,140,3.82,8:56,6.71,6.152,5:33,10.8,6.0,170
0:31:37,140,3.82,,4.47,6.154,8:20,7.2,6.0,170
0:31:38,140,3.83,6:42,8.95,6.158,4:10,14.4,6.0,170
0:31:39,140,3.83,8:56,6.71,6.161,5:33,10.8,6.0,170
0:31:40,140,3.83,8:56,6.71,6.164,5:33,10.8,6.0,170
0:31:41,140,3.83,6:42,8.95,6.168,4:10,14.4,6.0,170
0:31:42,140,3.84,6:42,8.95,6.172,4:10,14.4,6.0,170
0:31:43,140,3.84,8:56,6.71,6.175,5:33,10.8,7.0,170
0:31:44,140,3.84,8:56,6.71,6.178,5:33,10.8,6.0,170
0:31:45,139,3.84,,4.47,6.18,8:20,7.2,6.0,170
0:31:46,139,3.84,6:42,8.95,6.184,4:10,14.4,6.0,170
0:31:47,139,3.85,5:22,11.18,6.189,3:20,18.0,6.0,170
0:31:48,139,3.85,8:56,6.71,6.192,5:33,10.8,6.0,170
0:31:49,139,3.85,,4.47,6.194,8:20,7.2,6.0,170
0:31:50,139,3.85,6:42,8.95,6.198,4:10,14.4,6.0,170
0:31:51,139,3.85,8:56,6.71,6.201,5:33,10.8,6.0,170
0:31:52,138,3.85,8:56,6.71,6.204,5:33,10.8,6.0,170
0:31:53,138,3.86,6:42,8.95,6.208,4:10,14.4,6.0,170
0:31:54,138,3.86,6:42,8.95,6.212,4:10,14.4,6.0,170
0:31:55,138,3.86,8:56,6.71,6.215,5:33,10.8,6.0,170
0:31:56,138,3.86,8:56,6.71,6.218,5:33,10.8,6.0,170
0:31:57,138,3.86,,4.47,6.22,8:20,7.2,6.0,170
0:31:58,138,3.87,6:42,8.95,6.224,4:10,14.4,6.0,170
0:31:59,138,3.87,5:22,11.18,6.229,3:20,18.0,6.0,170
0:32:00,138,3.87,8:56,6.71,6.232,5:33,10.8,6.0,170
0:32:01,138,3.87,,4.47,6.234,8:20,7.2,6.0,170
0:32:02,138,3.88,5:22,11.18,6.239,3:20,18.0,6.0,170
0:32:03,138,3.88,5:22,11.18,6.244,3:20,18.0,6.0,172
0:32:04,138,3.88,,4.47,6.246,8:20,7.2,6.0,172
0:32:05,138,3.88,8:56,6.71,6.249,5:33,10.8,6.0,172
0:32:06,138,3.88,8:56,6.71,6.252,5:33,10.8,6.0,172
0:32:07,138,3.89,6:42,8.95,6.256,4:10,14.4,6.0,172
0:32:08,138,3.89,6:42,8.95,6.26,4:10,14.4,6.0,170
0:32:09,139,3.89,8:56,6.71,6.263,5:33,10.8,6.0,170
0:32:10,139,3.89,8:56,6.71,6.266,5:33,10.8,6.0,170
0:32:11,139,3.9,6:42,8.95,6.27,4:10,14.4,6.0,170
0:32:12,139,3.9,,4.47,6.272,8:20,7.2,6.0,170
0:32:13,139,3.9,,4.47,6.274,8:20,7.2,6.0,170
0:32:14,139,3.9,5:22,11.18,6.279,3:20,18.0,6.0,170
0:32:15,139,3.9,5:22,11.18,6.284,3:20,18.0,6.0,170
0:32:16,139,3.91,,4.47,6.286,8:20,7.2,6.0,170
0:32:17,139,3.91,,4.47,6.288,8:20,7.2,6.0,170
0:32:18,139,3.91,6:42,8.95,6.292,4:10,14.4,6.0,170
0:32:19,139,3.91,8:56,6.71,6.295,5:33,10.8,6.0,170
0:32:20,139,3.91,8:56,6.71,6.298,5:33,10.8,6.0,170
0:32:21,139,3.92,6:42,8.95,6.302,4:10,14.4,6.0,170
0:32:22,138,3.92,6:42,8.95,6.306,4:10,14.4,6.0,170
0:32:23,138,3.92,8:56,6.71,6.309,5:33,10.8,6.0,170
0:32:24,138,3.92,8:56,6.71,6.312,5:33,10.8,6.0,170
0:32:25,138,3.92,,4.47,6.314,8:20,7.2,6.0,170
0:32:26,137,3.93,6:42,8.95,6.318,4:10,14.4,6.0,170
0:32:27,137,3.93,5:22,11.18,6.323,3:20,18.0,6.0,170
0:32:28,137,3.93,8:56,6.71,6.326,5:33,10.8,6.0,170
0:32:29,137,3.93,,4.47,6.328,8:20,7.2,6.0,170
0:32:30,137,3.93,6:42,8.95,6.332,4:10,14.4,6.0,168
0:32:31,137,3.94,8:56,6.71,6.335,5:33,10.8,6.0,168
0:32:32,137,3.94,8:56,6.71,6.338,5:33,10.8,6.0,168
0:32:33,137,3.94,6:42,8.95,6.342,4:10,14.4,6.0,168
0:32:34,137,3.94,6:42,8.95,6.346,4:10,14.4,6.0,168
0:32:35,137,3.95,8:56,6.71,6.349,5:33,10.8,6.0,168
0:32:36,137,3.95,,4.47,6.351,8:20,7.2,6.0,168
0:32:37,137,3.95,,4.47,6.353,8:20,7.2,6.0,168
0:32:38,137,3.95,5:22,11.18,6.358,3:20,18.0,6.0,168
0:32:39,137,3.95,5:22,11.18,6.363,3:20,18.0,6.0,170
0:32:40,137,3.96,,4.47,6.365,8:20,7.2,6.0,170
0:32:41,137,3.96,,4.47,6.367,8:20,7.2,6.0,170
0:32:42,137,3.96,8:56,6.71,6.37,5:33,10.8,6.0,170
0:32:43,137,3.96,6:42,8.95,6.374,4:10,14.4,6.0,170
0:32:44,137,3.96,,4.47,6.376,8:20,7.2,6.0,170
0:32:45,136,3.96,8:56,6.71,6.379,5:33,10.8,6.0,170
0:32:46,136,3.97,8:56,6.71,6.382,5:33,10.8,6.0,170
0:32:47,136,3.97,6:42,8.95,6.386,4:10,14.4,6.0,170
0:32:48,136,3.97,6:42,8.95,6.39,4:10,14.4,6.0,170
0:32:49,136,3.97,8:56,6.71,6.393,5:33,10.8,6.0,170
0:32:50,136,3.98,5:22,11.18,6.398,3:20,18.0,6.0,170
0:32:51,136,3.98,5:22,11.18,6.403,3:20,18.0,6.0,170
0:32:52,136,3.98,8:56,6.71,6.406,5:33,10.8,6.0,170
0:32:53,135,3.98,,4.47,6.408,8:20,7.2,6.0,170
0:32:54,135,3.98,6:42,8.95,6.412,4:10,14.4,6.0,170
0:32:55,135,3.99,8:56,6.71,6.415,5:33,10.8,6.0,170
0:32:56,135,3.99,8:56,6.71,6.418,5:33,10.8,6.0,170
0:32:57,135,3.99,6:42,8.95,6.422,4:10,14.4,6.0,170
0:32:58,135,3.99,6:42,8.95,6.426,4:10,14.4,6.0,168
0:32:59,135,3.99,8:56,6.71,6.429,5:33,10.8,6.0,168
0:33:00,136,4.0,8:56,6.71,6.432,5:33,10.8,6.0,168
0:33:01,136,4.0,,4.47,6.434,8:20,7.2,6.0,168
0:33:02,136,4.0,6:42,8.95,6.438,4:10,14.4,6.0,168
0:33:03,136,4.0,5:22,11.18,6.443,3:20,18.0,6.0,170
0:33:04,136,4.01,8:56,6.71,6.446,5:33,10.8,6.0,170
0:33:05,136,4.01,,4.47,6.448,8:20,7.2,6.0,170
0:33:06,136,4.01,6:42,8.95,6.452,4:10,14.4,6.0,170
0:33:07,136,4.01,8:56,6.71,6.455,5:33,10.8,6.0,170
0:33:08,136,4.01,8:56,6.71,6.458,5:33,10.8,6.0,170
0:33:09,136,4.02,6:42,8.95,6.462,4:10,14.4,6.0,170
0:33:10,136,4.02,6:42,8.95,6.466,4:10,14.4,6.0,170
0:33:11,136,4.02,8:56,6.71,6.469,5:33,10.8,6.0,170
0:33:12,136,4.02,8:56,6.71,6.472,5:33,10.8,6.0,170
0:33:13,136,4.02,,4.47,6.474,8:20,7.2,6.0,170
0:33:14,136,4.03,6:42,8.95,6.478,4:10,14.4,6.0,170
0:33:15,136,4.03,5:22,11.18,6.483,3:20,18.0,6.0,170
0:33:16,136,4.03,8:56,6.71,6.486,5:33,10.8,6.0,168
0:33:17,136,4.03,,4.47,6.488,8:20,7.2,6.0,168
0:33:18,136,4.03,8:56,6.71,6.491,5:33,10.8,6.0,166
0:33:19,136,4.04,8:56,6.71,6.494,5:33,10.8,6.0,164
0:33:20,136,4.04,,4.47,6.496,8:20,7.2,6.0,160
0:33:21,136,4.04,,4.47,6.498,8:20,7.2,6.0,156
0:33:22,136,4.04,,4.47,6.5,8:20,7.2,6.0,136
0:33:23,136,4.04,,2.24,6.501,,3.6,6.0,118
0:33:24,136,4.04,,2.24,6.501,,3.6,6.0,118
0:33:25,135,4.04,,2.24,6.501,,3.6,6.0,118
0:33:26,134,4.04,,2.24,6.501,,3.6,6.0,58
0:33:27,134,4.04,,2.24,6.501,,3.6,6.0,0
0:33:28,133,4.04,,2.24,6.501,,3.6,7.0,0
0:33:29,133,4.04,,2.24,6.501,,3.6,7.0,0
0:33:30,134,4.04,,2.24,6.501,,3.6,7.0,0
0:33:31,134,4.04,,2.24,6.501,,3.6,7.0,0
0:33:32,134,4.04,,2.24,6.501,,3.6,7.0,0
0:33:33,133,4.04,,2.24,6.501,,3.6,7.0,0
0:33:34,133,4.04,,2.24,6.501,,3.6,7.0,0
0:33:35,132,4.04,,2.24,6.501,,3.6,7.0,0
0:33:36,131,4.04,,2.24,6.501,,3.6,7.0,0
0:33:37,130,4.04,,2.24,6.501,,3.6,7.0,0
0:33:38,130,4.04,,2.24,6.502,,3.6,7.0,0
0:33:39,129,4.04,,2.24,6.503,,3.6,7.0,0
0:33:40,128,4.04,,2.24,6.504,,3.6,7.0,0
0:33:41,127,4.04,,2.24,6.504,,3.6,7.0,0
0:33:42,127,4.04,,4.47,6.506,8:20,7.2,7.0,56
0:33:43,126,4.04,,4.47,6.508,8:20,7.2,7.0,114
0:33:44,125,4.04,,2.24,6.509,,3.6,7.0,112
0:33:45,124,4.05,,2.24,6.51,,3.6,7.0,112
0:33:46,123,4.05,,4.47,6.512,8:20,7.2,7.0,112
0:33:47,122,4.05,,2.24,6.513,,3.6,7.0,114
0:33:48,121,4.05,,2.24,6.514,,3.6,7.0,114
0:33:49,120,4.05,,4.47,6.516,8:20,7.2,7.0,116
0:33:50,119,4.05,,4.47,6.518,8:20,7.2,7.0,118
0:33:51,117,4.05,,2.24,6.519,,3.6,7.0,120
0:33:52,116,4.05,,2.24,6.52,,3.6,7.0,120
0:33:53,115,4.05,,4.47,6.522,8:20,7.2,7.0,120
0:33:54,114,4.06,6:42,8.95,6.526,4:10,14.4,7.0,142
0:33:55,113,4.06,8:56,6.71,6.529,5:33,10.8,7.0,166
0:33:56,113,4.06,8:56,6.71,6.532,5:33,10.8,7.0,168
0:33:57,113,4.06,6:42,8.95,6.536,4:10,14.4,7.0,170
0:33:58,113,4.06,6:42,8.95,6.54,4:10,14.4,7.0,170
0:33:59,113,4.07,8:56,6.71,6.543,5:33,10.8,7.0,170
0:34:00,113,4.07,8:56,6.71,6.546,5:33,10.8,7.0,170
0:34:01,114,4.07,,4.47,6.548,8:20,7.2,7.0,172
0:34:02,114,4.07,5:22,11.18,6.553,3:20,18.0,7.0,172
0:34:03,115,4.07,5:22,11.18,6.558,3:20,18.0,7.0,172
0:34:04,115,4.08,,4.47,6.56,8:20,7.2,7.0,170
0:34:05,115,4.08,,4.47,6.562,8:20,7.2,7.0,170
0:34:06,115,4.08,6:42,8.95,6.566,4:10,14.4,7.0,170
0:34:07,115,4.08,6:42,8.95,6.57,4:10,14.4,7.0,172
0:34:08,115,4.08,6:42,8.95,6.574,4:10,14.4,7.0,172
0:34:09,116,4.09,8:56,6.71,6.577,5:33,10.8,7.0,172
0:34:10,116,4.09,8:56,6.71,6.58,5:33,10.8,7.0,172
0:34:11,116,4.09,6:42,8.95,6.584,4:10,14.4,7.0,172
0:34:12,116,4.09,6:42,8.95,6.588,4:10,14.4,7.0,172
0:34:13,116,4.1,6:42,8.95,6.592,4:10,14.4,7.0,172
0:34:14,117,4.1,6:42,8.95,6.596,4:10,14.4,6.0,172
0:34:15,117,4.1,8:56,6.71,6.599,5:33,10.8,6.0,172
0:34:16,117,4.1,8:56,6.71,6.602,5:33,10.8,6.0,170
0:34:17,117,4.1,,4.47,6.604,8:20,7.2,6.0,170
0:34:18,118,4.11,5:22,11.18,6.609,3:20,18.0,6.0,170
0:34:19,119,4.11,5:22,11.18,6.614,3:20,18.0,6.0,170
0:34:20,120,4.11,,4.47,6.616,8:20,7.2,6.0,170
0:34:21,120,4.11,8:56,6.71,6.619,5:33,10.8,6.0,170
0:34:22,120,4.11,8:56,6.71,6.622,5:33,10.8,6.0,170
0:34:23,120,4.12,6:42,8.95,6.626,4:10,14.4,6.0,170
0:34:24,120,4.12,6:42,8.95,6.63,4:10,14.4,6.0,170
0:34:25,121,4.12,6:42,8.95,6.634,4:10,14.4,6.0,170
0:34:26,122,4.12,6:42,8.95,6.638,4:10,14.4,6.0,170
0:34:27,123,4.13,6:42,8.95,6.642,4:10,14.4,6.0,170
0:34:28,124,4.13,,4.47,6.644,8:20,7.2,6.0,170
0:34:29,125,4.13,8:56,6.71,6.647,5:33,10.8,6.0,172
0:34:30,126,4.13,5:22,11.18,6.652,3:20,18.0,6.0,172
0:34:31,127,4.14,5:22,11.18,6.657,3:20,18.0,6.0,172
0:34:32,127,4.14,8:56,6.71,6.66,5:33,10.8,6.0,170
0:34:33,127,4.14,,4.47,6.662,8:20,7.2,7.0,170
0:34:34,128,4.14,6:42,8.95,6.666,4:10,14.4,6.0,170
0:34:35,129,4.14,8:56,6.71,6.669,5:33,10.8,6.0,170
0:34:36,129,4.15,8:56,6.71,6.672,5:33,10.8,6.0,170
0:34:37,130,4.15,6:42,8.95,6.676,4:10,14.4,6.0,170
0:34:38,130,4.15,6:42,8.95,6.68,4:10,14.4,6.0,170
0:34:39,131,4.15,8:56,6.71,6.683,5:33,10.8,6.0,170
0:34:40,132,4.15,8:56,6.71,6.686,5:33,10.8,6.0,170
0:34:41,132,4.16,,4.47,6.688,8:20,7.2,6.0,170
0:34:42,133,4.16,5:22,11.18,6.693,3:20,18.0,6.0,170
0:34:43,133,4.16,5:22,11.18,6.698,3:20,18.0,6.0,170
0:34:44,134,4.16,,4.47,6.7,8:20,7.2,6.0,170
0:34:45,134,4.17,8:56,6.71,6.703,5:33,10.8,6.0,172
0:34:46,134,4.17,5:22,11.18,6.708,3:20,18.0,6.0,170
0:34:47,134,4.17,5:22,11.18,6.713,3:20,18.0,6.0,170
0:34:48,135,4.17,,4.47,6.715,8:20,7.2,6.0,170
0:34:49,135,4.17,,4.47,6.717,8:20,7.2,6.0,170
0:34:50,135,4.18,6:42,8.95,6.721,4:10,14.4,6.0,170
0:34:51,135,4.18,6:42,8.95,6.725,4:10,14.4,6.0,170
0:34:52,135,4.18,8:56,6.71,6.728,5:33,10.8,6.0,170
0:34:53,135,4.18,6:42,8.95,6.732,4:10,14.4,6.0,170
0:34:54,135,4.19,6:42,8.95,6.736,4:10,14.4,6.0,170
0:34:55,135,4.19,8:56,6.71,6.739,5:33,10.8,6.0,172
0:34:56,135,4.19,8:56,6.71,6.742,5:33,10.8,6.0,172
0:34:57,135,4.19,,4.47,6.744,8:20,7.2,6.0,172
0:34:58,135,4.19,6:42,8.95,6.748,4:10,14.4,6.0,172
0:34:59,135,4.2,5:22,11.18,6.753,3:20,18.0,6.0,172
0:35:00,135,4.2,8:56,6.71,6.756,5:33,10.8,6.0,170
0:35:01,135,4.2,,4.47,6.758,8:20,7.2,6.0,170
0:35:02,136,4.2,6:42,8.95,6.762,4:10,14.4,6.0,170
0:35:03,136,4.2,8:56,6.71,6.765,5:33,10.8,6.0,170
0:35:04,136,4.21,8:56,6.71,6.768,5:33,10.8,6.0,170
0:35:05,136,4.21,6:42,8.95,6.772,4:10,14.4,6.0,170
0:35:06,136,4.21,6:42,8.95,6.776,4:10,14.4,6.0,170
0:35:07,136,4.21,6:42,8.95,6.78,4:10,14.4,6.0,170
0:35:07,136,4.21,,8.95,6.78,,14.4,6.0,170
0:35:08,136,4.21,,4.47,6.782,8:20,7.2,6.0,170
0:35:09,136,4.22,,4.47,6.784,8:20,7.2,6.0,170
0:35:10,136,4.22,5:22,11.18,6.789,3:20,18.0,6.0,170
0:35:11,136,4.22,5:22,11.18,6.794,3:20,18.0,6.0,170
0:35:12,137,4.22,,4.47,6.796,8:20,7.2,6.0,170
0:35:13,137,4.22,8:56,6.71,6.799,5:33,10.8,6.0,170
0:35:14,137,4.23,5:22,11.18,6.804,3:20,18.0,6.0,170
0:35:15,137,4.23,5:22,11.18,6.809,3:20,18.0,6.0,170
0:35:16,137,4.23,8:56,6.71,6.812,5:33,10.8,6.0,170
0:35:17,138,4.24,6:42,8.95,6.816,4:10,14.4,6.0,170
0:35:18,138,4.24,,4.47,6.818,8:20,7.2,6.0,170
0:35:19,138,4.24,8:56,6.71,6.821,5:33,10.8,6.0,170
0:35:20,138,4.24,8:56,6.71,6.824,5:33,10.8,6.0,170
0:35:21,138,4.24,,4.47,6.826,8:20,7.2,6.0,170
0:35:22,138,4.24,5:22,11.18,6.831,3:20,18.0,6.0,170
0:35:23,139,4.25,5:22,11.18,6.836,3:20,18.0,6.0,170
0:35:24,139,4.25,,4.47,6.838,8:20,7.2,6.0,170
0:35:25,139,4.25,8:56,6.71,6.841,5:33,10.8,6.0,172
0:35:26,139,4.25,5:22,11.18,6.846,3:20,18.0,6.0,172
0:35:27,139,4.26,5:22,11.18,6.851,3:20,18.0,6.0,172
0:35:28,139,4.26,8:56,6.71,6.854,5:33,10.8,6.0,172
0:35:29,139,4.26,,4.47,6.856,8:20,7.2,6.0,172
0:35:30,139,4.26,6:42,8.95,6.86,4:10,14.4,6.0,172
0:35:31,139,4.27,6:42,8.95,6.864,4:10,14.4,6.0,172
0:35:32,139,4.27,6:42,8.95,6.868,4:10,14.4,6.0,172
0:35:33,139,4.27,5:22,11.18,6.873,3:20,18.0,6.0,172
0:35:34,139,4.27,8:56,6.71,6.876,5:33,10.8,6.0,170
0:35:35,139,4.27,,4.47,6.878,8:20,7.2,6.0,170
0:35:36,139,4.28,,4.47,6.88,8:20,7.2,6.0,170
0:35:37,140,4.28,8:56,6.71,6.883,5:33,10.8,6.0,170
0:35:38,140,4.28,5:22,11.18,6.888,3:20,18.0,6.0,170
0:35:39,140,4.28,6:42,8.95,6.892,4:10,14.4,6.0,170
0:35:40,140,4.28,,4.47,6.894,8:20,7.2,6.0,170
0:35:41,140,4.29,8:56,6.71,6.897,5:33,10.8,6.0,170
0:35:42,140,4.29,8:56,6.71,6.9,5:33,10.8,6.0,170
0:35:43,140,4.29,6:42,8.95,6.904,4:10,14.4,6.0,170
0:35:44,140,4.29,6:42,8.95,6.908,4:10,14.4,6.0,170
0:35:45,140,4.29,8:56,6.71,6.911,5:33,10.8,6.0,170
0:35:46,140,4.3,8:56,6.71,6.914,5:33,10.8,6.0,170
0:35:47,140,4.3,6:42,8.95,6.918,4:10,14.4,6.0,170
0:35:48,140,4.3,,4.47,6.92,8:20,7.2,6.0,170
0:35:49,140,4.3,8:56,6.71,6.923,5:33,10.8,6.0,170
0:35:50,140,4.3,5:22,11.18,6.928,3:20,18.0,6.0,170
0:35:51,140,4.31,6:42,8.95,6.932,4:10,14.4,6.0,170
0:35:52,140,4.31,6:42,8.95,6.936,4:10,14.4,6.0,170
0:35:53,140,4.31,6:42,8.95,6.94,4:10,14.4,6.0,172
0:35:54,140,4.31,6:42,8.95,6.944,4:10,14.4,6.0,172
0:35:55,139,4.32,8:56,6.71,6.947,5:33,10.8,6.0,172
0:35:56,139,4.32,8:56,6.71,6.95,5:33,10.8,6.0,172
0:35:57,139,4.32,,4.47,6.952,8:20,7.2,6.0,172
0:35:58,139,4.32,6:42,8.95,6.956,4:10,14.4,7.0,172
0:35:59,139,4.32,8:56,6.71,6.959,5:33,10.8,7.0,172
0:36:00,139,4.33,8:56,6.71,6.962,5:33,10.8,7.0,172
0:36:01,139,4.33,6:42,8.95,6.966,4:10,14.4,7.0,172
0:36:02,139,4.33,6:42,8.95,6.97,4:10,14.4,7.0,172
0:36:03,139,4.33,8:56,6.71,6.973,5:33,10.8,7.0,172
0:36:04,139,4.33,8:56,6.71,6.976,5:33,10.8,6.0,172
0:36:05,139,4.34,,4.47,6.978,8:20,7.2,6.0,172
0:36:06,139,4.34,6:42,8.95,6.982,4:10,14.4,6.0,170
0:36:07,139,4.34,5:22,11.18,6.987,3:20,18.0,6.0,170
0:36:08,139,4.34,8:56,6.71,6.99,5:33,10.8,6.0,170
0:36:09,139,4.34,,4.47,6.992,8:20,7.2,6.0,170
0:36:10,139,4.35,6:42,8.95,6.996,4:10,14.4,6.0,170
0:36:11,139,4.35,8:56,6.71,6.999,5:33,10.8,6.0,170
0:36:12,139,4.35,8:56,6.71,7.002,5:33,10.8,6.0,170
0:36:13,139,4.35,6:42,8.95,7.006,4:10,14.4,6.0,170
0:36:14,139,4.36,6:42,8.95,7.01,4:10,14.4,6.0,170
0:36:15,139,4.36,8:56,6.71,7.013,5:33,10.8,6.0,170
0:36:16,139,4.36,8:56,6.71,7.016,5:33,10.8,6.0,170
0:36:17,139,4.36,,4.47,7.018,8:20,7.2,6.0,170
0:36:18,139,4.36,5:22,11.18,7.023,3:20,18.0,7.0,170
0:36:19,139,4.37,5:22,11.18,7.028,3:20,18.0,7.0,170
0:36:20,139,4.37,,4.47,7.03,8:20,7.2,7.0,170
0:36:21,139,4.37,,4.47,7.032,8:20,7.2,7.0,170
0:36:22,139,4.37,6:42,8.95,7.036,4:10,14.4,7.0,164
0:36:23,139,4.37,8:56,6.71,7.039,5:33,10.8,7.0,160
0:36:24,139,4.38,,4.47,7.041,8:20,7.2,7.0,152
0:36:25,139,4.38,,4.47,7.043,8:20,7.2,7.0,142
0:36:26,139,4.38,,4.47,7.043,,7.2,7.0,142
0:36:27,139,4.38,,4.47,7.043,,7.2,7.0,142
0:36:28,139,4.38,,4.47,7.043,,7.2,7.0,142
0:36:29,138,4.38,,4.47,7.043,,7.2,7.0,142
0:36:30,138,4.38,,4.47,7.043,,7.2,7.0,70
0:36:31,138,4.38,,4.47,7.043,,7.2,7.0,0
0:36:32,138,4.38,,4.47,7.043,,7.2,7.0,0
0:36:33,138,4.38,,4.47,7.043,,7.2,7.0,0
0:36:34,138,4.38,,4.47,7.043,,7.2,7.0,0
0:36:35,137,4.38,,4.47,7.043,,7.2,7.0,0
0:36:36,136,4.38,8:56,6.71,7.046,5:33,10.8,7.0,48
0:36:37,135,4.38,,4.47,7.048,8:20,7.2,7.0,98
0:36:38,133,4.38,6:42,8.95,7.052,4:10,14.4,7.0,134
0:36:39,131,4.38,6:42,8.95,7.056,4:10,14.4,6.0,170
0:36:40,130,4.39,6:42,8.95,7.06,4:10,14.4,6.0,170
0:36:41,128,4.39,8:56,6.71,7.063,5:33,10.8,6.0,172
0:36:42,127,4.39,6:42,8.95,7.067,4:10,14.4,6.0,172
0:36:43,127,4.39,6:42,8.95,7.071,4:10,14.4,6.0,174
0:36:44,126,4.4,5:22,11.18,7.076,3:20,18.0,6.0,174
0:36:45,126,4.4,5:22,11.18,7.081,3:20,18.0,6.0,174
0:36:46,126,4.4,8:56,6.71,7.084,5:33,10.8,6.0,174
0:36:47,127,4.4,8:56,6.71,7.087,5:33,10.8,6.0,174
0:36:48,129,4.41,8:56,6.71,7.09,5:33,10.8,6.0,174
0:36:49,129,4.41,,4.47,7.092,8:20,7.2,6.0,174
0:36:50,129,4.41,5:22,11.18,7.097,3:20,18.0,6.0,174
0:36:51,130,4.41,5:22,11.18,7.102,3:20,18.0,6.0,174
0:36:52,130,4.41,8:56,6.71,7.105,5:33,10.8,6.0,174
0:36:53,130,4.42,8:56,6.71,7.108,5:33,10.8,6.0,174
0:36:54,130,4.42,5:22,11.18,7.113,3:20,18.0,6.0,174
0:36:55,130,4.42,5:22,11.18,7.118,3:20,18.0,6.0,174
0:36:56,131,4.42,,4.47,7.12,8:20,7.2,6.0,174
0:36:57,131,4.43,8:56,6.71,7.123,5:33,10.8,6.0,174
0:36:58,131,4.43,6:42,8.95,7.127,4:10,14.4,6.0,174
0:36:59,131,4.43,6:42,8.95,7.131,4:10,14.4,6.0,174
0:37:00,132,4.43,6:42,8.95,7.135,4:10,14.4,6.0,172
0:37:01,132,4.44,6:42,8.95,7.139,4:10,14.4,6.0,172
0:37:02,133,4.44,8:56,6.71,7.142,5:33,10.8,6.0,172
0:37:03,133,4.44,6:42,8.95,7.146,4:10,14.4,6.0,174
0:37:04,133,4.44,5:22,11.18,7.151,3:20,18.0,6.0,174
0:37:05,134,4.45,5:22,11.18,7.156,3:20,18.0,6.0,174
0:37:06,134,4.45,,4.47,7.158,8:20,7.2,6.0,174
0:37:07,134,4.45,8:56,6.71,7.161,5:33,10.8,6.0,174
0:37:08,135,4.45,8:56,6.71,7.164,5:33,10.8,6.0,172
0:37:09,135,4.45,,4.47,7.166,8:20,7.2,6.0,172
0:37:10,135,4.46,5:22,11.18,7.171,3:20,18.0,6.0,172
0:37:11,136,4.46,5:22,11.18,7.176,3:20,18.0,6.0,172
0:37:12,136,4.46,8:56,6.71,7.179,5:33,10.8,6.0,172
0:37:13,136,4.46,8:56,6.71,7.182,5:33,10.8,6.0,172
0:37:14,136,4.47,6:42,8.95,7.186,4:10,14.4,6.0,172
0:37:15,137,4.47,8:56,6.71,7.189,5:33,10.8,6.0,172
0:37:16,137,4.47,6:42,8.95,7.193,4:10,14.4,6.0,170
0:37:17,137,4.47,6:42,8.95,7.197,4:10,14.4,6.0,170
0:37:18,138,4.47,8:56,6.71,7.2,5:33,10.8,6.0,170
0:37:19,138,4.48,6:42,8.95,7.204,4:10,14.4,6.0,172
0:37:20,138,4.48,5:22,11.18,7.209,3:20,18.0,6.0,172
0:37:21,138,4.48,5:22,11.18,7.214,3:20,18.0,6.0,172
0:37:22,138,4.48,,4.47,7.216,8:20,7.2,6.0,172
0:37:23,138,4.49,8:56,6.71,7.219,5:33,10.8,7.0,172
0:37:24,138,4.49,8:56,6.71,7.222,5:33,10.8,6.0,170
0:37:25,138,4.49,,4.47,7.224,8:20,7.2,6.0,170
0:37:26,139,4.49,5:22,11.18,7.229,3:20,18.0,6.0,170
0:37:27,139,4.5,5:22,11.18,7.234,3:20,18.0,6.0,170
0:37:28,139,4.5,,4.47,7.236,8:20,7.2,6.0,170
0:37:29,139,4.5,8:56,6.71,7.239,5:33,10.8,6.0,170
0:37:30,139,4.5,8:56,6.71,7.242,5:33,10.8,6.0,170
0:37:31,139,4.5,6:42,8.95,7.246,4:10,14.4,6.0,170
0:37:32,140,4.51,5:22,11.18,7.251,3:20,18.0,6.0,170
0:37:33,140,4.51,5:22,11.18,7.256,3:20,18.0,6.0,170
0:37:34,140,4.51,,4.47,7.258,8:20,7.2,6.0,170
0:37:35,140,4.51,8:56,6.71,7.261,5:33,10.8,6.0,170
0:37:36,141,4.51,8:56,6.71,7.264,5:33,10.8,6.0,170
0:37:37,141,4.52,6:42,8.95,7.268,4:10,14.4,6.0,170
0:37:38,141,4.52,6:42,8.95,7.272,4:10,14.4,6.0,170
0:37:39,141,4.52,8:56,6.71,7.275,5:33,10.8,6.0,170
0:37:40,141,4.52,8:56,6.71,7.278,5:33,10.8,6.0,170
0:37:41,141,4.52,6:42,8.95,7.282,4:10,14.4,6.0,170
0:37:42,141,4.53,,4.47,7.284,8:20,7.2,6.0,168
0:37:43,141,4.53,8:56,6.71,7.287,5:33,10.8,6.0,168
0:37:44,141,4.53,8:56,6.71,7.29,5:33,10.8,6.0,168
0:37:45,141,4.53,6:42,8.95,7.294,4:10,14.4,6.0,170
0:37:46,141,4.53,6:42,8.95,7.298,4:10,14.4,6.0,170
0:37:47,141,4.54,6:42,8.95,7.302,4:10,14.4,6.0,170
0:37:48,141,4.54,,4.47,7.304,8:20,7.2,6.0,170
0:37:49,141,4.54,8:56,6.71,7.307,5:33,10.8,6.0,170
0:37:50,140,4.54,5:22,11.18,7.312,3:20,18.0,6.0,170
0:37:51,140,4.55,5:22,11.18,7.317,3:20,18.0,6.0,170
0:37:52,140,4.55,8:56,6.71,7.32,5:33,10.8,6.0,170
0:37:53,140,4.55,,4.47,7.322,8:20,7.2,7.0,170
0:37:54,140,4.55,6:42,8.95,7.326,4:10,14.4,6.0,170
0:37:55,140,4.55,8:56,6.71,7.329,5:33,10.8,6.0,170
0:37:56,140,4.56,5:22,11.18,7.334,3:20,18.0,6.0,170
0:37:57,140,4.56,6:42,8.95,7.338,4:10,14.4,6.0,170
0:37:58,140,4.56,,4.47,7.34,8:20,7.2,6.0,170
0:37:59,140,4.56,8:56,6.71,7.343,5:33,10.8,6.0,170
0:38:00,140,4.56,8:56,6.71,7.346,5:33,10.8,6.0,170
0:38:01,140,4.57,,4.47,7.348,8:20,7.2,6.0,172
0:38:02,141,4.57,5:22,11.18,7.353,3:20,18.0,6.0,172
0:38:03,141,4.57,5:22,11.18,7.358,3:20,18.0,6.0,172
0:38:04,141,4.57,,4.47,7.36,8:20,7.2,6.0,172
0:38:05,142,4.58,8:56,6.71,7.363,5:33,10.8,6.0,172
0:38:06,142,4.58,5:22,11.18,7.368,3:20,18.0,6.0,172
0:38:07,142,4.58,5:22,11.18,7.373,3:20,18.0,6.0,172
0:38:08,142,4.58,,4.47,7.375,8:20,7.2,7.0,172
0:38:09,142,4.58,,4.47,7.377,8:20,7.2,6.0,172
0:38:10,142,4.59,6:42,8.95,7.381,4:10,14.4,6.0,172
0:38:11,142,4.59,6:42,8.95,7.385,4:10,14.4,6.0,172
0:38:12,142,4.59,5:22,11.18,7.39,3:20,18.0,6.0,172
0:38:13,142,4.59,6:42,8.95,7.394,4:10,14.4,6.0,172
0:38:14,142,4.6,,4.47,7.396,8:20,7.2,6.0,172
0:38:15,142,4.6,8:56,6.71,7.399,5:33,10.8,6.0,172
0:38:16,142,4.6,8:56,6.71,7.402,5:33,10.8,6.0,172
0:38:17,142,4.6,6:42,8.95,7.406,4:10,14.4,6.0,172
0:38:18,142,4.6,6:42,8.95,7.41,4:10,14.4,6.0,172
0:38:19,142,4.61,6:42,8.95,7.414,4:10,14.4,6.0,172
0:38:20,142,4.61,,4.47,7.416,8:20,7.2,6.0,172
0:38:21,142,4.61,,4.47,7.418,8:20,7.2,6.0,172
0:38:22,142,4.61,6:42,8.95,7.422,4:10,14.4,6.0,172
0:38:23,142,4.61,8:56,6.71,7.425,5:33,10.8,6.0,172
0:38:24,142,4.62,8:56,6.71,7.428,5:33,10.8,6.0,170
0:38:25,142,4.62,6:42,8.95,7.432,4:10,14.4,6.0,170
0:38:26,142,4.62,6:42,8.95,7.436,4:10,14.4,6.0,170
0:38:27,142,4.62,8:56,6.71,7.439,5:33,10.8,6.0,170
0:38:28,142,4.63,5:22,11.18,7.444,3:20,18.0,7.0,170
0:38:29,141,4.63,5:22,11.18,7.449,3:20,18.0,7.0,170
0:38:30,141,4.63,8:56,6.71,7.452,5:33,10.8,7.0,170
0:38:31,141,4.63,,4.47,7.454,8:20,7.2,7.0,170
0:38:32,141,4.63,6:42,8.95,7.458,4:10,14.4,7.0,170
0:38:33,140,4.64,8:56,6.71,7.461,5:33,10.8,7.0,170
0:38:34,140,4.64,8:56,6.71,7.464,5:33,10.8,7.0,170
0:38:35,140,4.64,,4.47,7.466,8:20,7.2,7.0,170
0:38:36,140,4.64,6:42,8.95,7.47,4:10,14.4,7.0,170
0:38:37,140,4.64,8:56,6.71,7.473,5:33,10.8,7.0,170
0:38:38,140,4.65,6:42,8.95,7.477,4:10,14.4,7.0,170
0:38:39,140,4.65,6:42,8.95,7.481,4:10,14.4,7.0,170
0:38:40,140,4.65,8:56,6.71,7.484,5:33,10.8,7.0,170
0:38:41,140,4.65,,4.47,7.486,8:20,7.2,7.0,170
0:38:42,140,4.65,6:42,8.95,7.49,4:10,14.4,7.0,170
0:38:43,140,4.66,5:22,11.18,7.495,3:20,18.0,7.0,170
0:38:44,140,4.66,8:56,6.71,7.498,5:33,10.8,7.0,170
0:38:45,140,4.66,6:42,8.95,7.502,4:10,14.4,7.0,170
0:38:46,140,4.66,6:42,8.95,7.506,4:10,14.4,7.0,170
0:38:47,140,4.67,8:56,6.71,7.509,5:33,10.8,7.0,170
0:38:48,140,4.67,8:56,6.71,7.512,5:33,10.8,7.0,170
0:38:49,140,4.67,6:42,8.95,7.516,4:10,14.4,7.0,170
0:38:50,141,4.67,,4.47,7.518,8:20,7.2,7.0,170
0:38:51,141,4.67,8:56,6.71,7.521,5:33,10.8,7.0,170
0:38:52,141,4.68,5:22,11.18,7.526,3:20,18.0,7.0,170
0:38:53,141,4.68,5:22,11.18,7.531,3:20,18.0,7.0,170
0:38:54,141,4.68,,4.47,7.533,8:20,7.2,7.0,168
0:38:55,141,4.68,,4.47,7.535,8:20,7.2,7.0,168
0:38:56,141,4.68,8:56,6.71,7.538,5:33,10.8,7.0,168
0:38:57,140,4.69,,4.47,7.54,8:20,7.2,7.0,170
0:38:58,140,4.69,5:22,11.18,7.545,3:20,18.0,7.0,170
0:38:59,140,4.69,5:22,11.18,7.55,3:20,18.0,7.0,170
0:39:00,140,4.69,6:42,8.95,7.554,4:10,14.4,7.0,170
0:39:01,140,4.7,8:56,6.71,7.557,5:33,10.8,7.0,170
0:39:02,139,4.7,,4.47,7.559,8:20,7.2,7.0,168
0:39:03,139,4.7,,4.47,7.561,8:20,7.2,7.0,168
0:39:04,139,4.7,5:22,11.18,7.566,3:20,18.0,7.0,170
0:39:05,139,4.7,5:22,11.18,7.571,3:20,18.0,7.0,170
0:39:06,139,4.71,8:56,6.71,7.574,5:33,10.8,7.0,170
0:39:07,138,4.71,,4.47,7.576,8:20,7.2,7.0,172
0:39:08,138,4.71,6:42,8.95,7.58,4:10,14.4,7.0,170
0:39:09,139,4.71,8:56,6.71,7.583,5:33,10.8,7.0,170
0:39:10,139,4.71,8:56,6.71,7.586,5:33,10.8,7.0,170
0:39:11,139,4.72,6:42,8.95,7.59,4:10,14.4,7.0,170
0:39:12,139,4.72,,4.47,7.592,8:20,7.2,7.0,170
0:39:13,139,4.72,8:56,6.71,7.595,5:33,10.8,7.0,170
0:39:14,139,4.72,8:56,6.71,7.598,5:33,10.8,7.0,168
0:39:15,140,4.72,6:42,8.95,7.602,4:10,14.4,7.0,168
0:39:16,140,4.72,,4.47,7.604,8:20,7.2,7.0,168
0:39:17,140,4.73,,4.47,7.606,8:20,7.2,7.0,168
0:39:18,140,4.73,6:42,8.95,7.61,4:10,14.4,7.0,168
0:39:19,140,4.73,5:22,11.18,7.615,3:20,18.0,7.0,168
0:39:20,140,4.73,8:56,6.71,7.618,5:33,10.8,7.0,168
0:39:21,140,4.74,6:42,8.95,7.622,4:10,14.4,7.0,168
0:39:22,140,4.74,,4.47,7.624,8:20,7.2,7.0,168
0:39:23,140,4.74,8:56,6.71,7.627,5:33,10.8,7.0,168
0:39:24,140,4.74,5:22,11.18,7.632,3:20,18.0,7.0,168
0:39:25,140,4.74,6:42,8.95,7.636,4:10,14.4,7.0,168
0:39:26,140,4.75,,4.47,7.638,8:20,7.2,7.0,168
0:39:27,140,4.75,8:56,6.71,7.641,5:33,10.8,7.0,168
0:39:28,140,4.75,8:56,6.71,7.644,5:33,10.8,7.0,168
0:39:29,140,4.75,6:42,8.95,7.648,4:10,14.4,7.0,168
0:39:30,139,4.75,6:42,8.95,7.652,4:10,14.4,7.0,168
0:39:31,139,4.76,8:56,6.71,7.655,5:33,10.8,7.0,168
0:39:32,139,4.76,,4.47,7.657,8:20,7.2,7.0,168
0:39:33,139,4.76,,4.47,7.659,8:20,7.2,7.0,168
0:39:34,139,4.76,8:56,6.71,7.662,5:33,10.8,7.0,168
0:39:35,139,4.76,6:42,8.95,7.666,4:10,14.4,7.0,168
0:39:36,139,4.77,6:42,8.95,7.67,4:10,14.4,7.0,168
0:39:37,139,4.77,8:56,6.71,7.673,5:33,10.8,7.0,168
0:39:38,139,4.77,6:42,8.95,7.677,4:10,14.4,7.0,168
0:39:39,139,4.77,6:42,8.95,7.681,4:10,14.4,7.0,168
0:39:40,138,4.77,8:56,6.71,7.684,5:33,10.8,7.0,168
0:39:41,138,4.78,6:42,8.95,7.688,4:10,14.4,7.0,168
0:39:42,138,4.78,6:42,8.95,7.692,4:10,14.4,7.0,168
0:39:43,138,4.78,8:56,6.71,7.695,5:33,10.8,7.0,168
0:39:44,138,4.78,8:56,6.71,7.698,5:33,10.8,7.0,168
0:39:45,138,4.79,6:42,8.95,7.702,4:10,14.4,7.0,168
0:39:46,139,4.79,,4.47,7.704,8:20,7.2,7.0,168
0:39:47,139,4.79,,4.47,7.706,8:20,7.2,7.0,168
0:39:48,139,4.79,,4.47,7.708,8:20,7.2,7.0,168
0:39:49,139,4.79,8:56,6.71,7.711,5:33,10.8,7.0,168
0:39:50,139,4.79,5:22,11.18,7.716,3:20,18.0,7.0,168
0:39:51,139,4.8,6:42,8.95,7.72,4:10,14.4,7.0,168
0:39:52,139,4.8,6:42,8.95,7.724,4:10,14.4,7.0,168
0:39:53,139,4.8,8:56,6.71,7.727,5:33,10.8,7.0,168
0:39:54,139,4.8,8:56,6.71,7.73,5:33,10.8,7.0,168
0:39:55,140,4.8,,4.47,7.732,8:20,7.2,7.0,170
0:39:56,140,4.81,5:22,11.18,7.737,3:20,18.0,7.0,170
0:39:57,140,4.81,5:22,11.18,7.742,3:20,18.0,7.0,170
0:39:58,140,4.81,,4.47,7.744,8:20,7.2,7.0,170
0:39:59,140,4.81,,4.47,7.746,8:20,7.2,7.0,170
0:40:00,140,4.82,5:22,11.18,7.751,3:20,18.0,7.0,170
0:40:01,140,4.82,5:22,11.18,7.756,3:20,18.0,7.0,170
0:40:02,140,4.82,,4.47,7.758,8:20,7.2,7.0,170
0:40:03,140,4.82,8:56,6.71,7.761,5:33,10.8,7.0,170
0:40:04,141,4.82,8:56,6.71,7.764,5:33,10.8,7.0,168
0:40:05,141,4.83,6:42,8.95,7.768,4:10,14.4,7.0,168
0:40:06,141,4.83,,4.47,7.77,8:20,7.2,7.0,168
0:40:07,140,4.83,,4.47,7.772,8:20,7.2,7.0,168
0:40:08,140,4.83,6:42,8.95,7.776,4:10,14.4,7.0,168
0:40:09,140,4.83,6:42,8.95,7.78,4:10,14.4,7.0,168
0:40:10,140,4.84,6:42,8.95,7.784,4:10,14.4,7.0,168
0:40:11,140,4.84,8:56,6.71,7.787,5:33,10.8,7.0,168
0:40:12,140,4.84,8:56,6.71,7.79,5:33,10.8,7.0,168
0:40:13,139,4.84,6:42,8.95,7.794,4:10,14.4,7.0,170
0:40:14,139,4.85,6:42,8.95,7.798,4:10,14.4,7.0,168
0:40:15,139,4.85,6:42,8.95,7.802,4:10,14.4,7.0,168
0:40:16,138,4.85,6:42,8.95,7.806,4:10,14.4,7.0,168
0:40:17,138,4.85,8:56,6.71,7.809,5:33,10.8,7.0,168
0:40:18,138,4.85,,4.47,7.811,8:20,7.2,7.0,168
0:40:19,137,4.85,,4.47,7.813,8:20,7.2,7.0,168
0:40:20,137,4.86,5:22,11.18,7.818,3:20,18.0,7.0,168
0:40:21,137,4.86,5:22,11.18,7.823,3:20,18.0,7.0,168
0:40:22,137,4.86,,4.47,7.825,8:20,7.2,7.0,168
0:40:23,136,4.86,,4.47,7.827,8:20,7.2,7.0,168
0:40:24,136,4.87,8:56,6.71,7.83,5:33,10.8,7.0,168
0:40:25,136,4.87,,4.47,7.832,8:20,7.2,7.0,168
0:40:26,136,4.87,6:42,8.95,7.836,4:10,14.4,7.0,168
0:40:27,136,4.87,5:22,11.18,7.841,3:20,18.0,7.0,168
0:40:28,136,4.87,8:56,6.71,7.844,5:33,10.8,7.0,168
0:40:29,136,4.88,6:42,8.95,7.848,4:10,14.4,7.0,168
0:40:30,136,4.88,,4.47,7.85,8:20,7.2,7.0,168
0:40:31,136,4.88,8:56,6.71,7.853,5:33,10.8,7.0,168
0:40:32,136,4.88,5:22,11.18,7.858,3:20,18.0,7.0,168
0:40:33,136,4.89,6:42,8.95,7.862,4:10,14.4,7.0,168
0:40:34,136,4.89,,4.47,7.864,8:20,7.2,7.0,168
0:40:35,137,4.89,8:56,6.71,7.867,5:33,10.8,7.0,168
0:40:36,137,4.89,8:56,6.71,7.87,5:33,10.8,7.0,168
0:40:37,137,4.89,,4.47,7.872,8:20,7.2,7.0,170
0:40:38,137,4.89,6:42,8.95,7.876,4:10,14.4,7.0,170
0:40:39,136,4.9,8:56,6.71,7.879,5:33,10.8,7.0,170
0:40:40,136,4.9,5:22,11.18,7.884,3:20,18.0,7.0,170
0:40:41,136,4.9,6:42,8.95,7.888,4:10,14.4,7.0,170
0:40:42,136,4.9,,4.47,7.89,8:20,7.2,7.0,170
0:40:43,136,4.9,8:56,6.71,7.893,5:33,10.8,7.0,170
0:40:44,136,4.91,8:56,6.71,7.896,5:33,10.8,7.0,170
0:40:45,136,4.91,,4.47,7.898,8:20,7.2,7.0,170
0:40:46,136,4.91,6:42,8.95,7.902,4:10,14.4,7.0,170
0:40:47,136,4.91,5:22,11.18,7.907,3:20,18.0,7.0,170
0:40:48,136,4.92,8:56,6.71,7.91,5:33,10.8,7.0,168
0:40:49,136,4.92,6:42,8.95,7.914,4:10,14.4,7.0,168
0:40:50,136,4.92,,4.47,7.916,8:20,7.2,7.0,168
0:40:51,136,4.92,8:56,6.71,7.919,5:33,10.8,7.0,168
0:40:52,136,4.92,5:22,11.18,7.924,3:20,18.0,7.0,168
0:40:53,136,4.93,6:42,8.95,7.928,4:10,14.4,7.0,168
0:40:54,136,4.93,,4.47,7.93,8:20,7.2,7.0,168
0:40:55,136,4.93,8:56,6.71,7.933,5:33,10.8,7.0,168
0:40:56,136,4.93,8:56,6.71,7.936,5:33,10.8,7.0,166
0:40:57,136,4.93,6:42,8.95,7.94,4:10,14.4,7.0,166
0:40:58,135,4.94,6:42,8.95,7.944,4:10,14.4,7.0,166
0:40:59,135,4.94,8:56,6.71,7.947,5:33,10.8,7.0,168
0:41:00,135,4.94,8:56,6.71,7.95,5:33,10.8,7.0,166
0:41:01,135,4.94,6:42,8.95,7.954,4:10,14.4,7.0,166
0:41:02,135,4.94,,4.47,7.956,8:20,7.2,7.0,166
0:41:03,135,4.94,,4.47,7.958,8:20,7.2,7.0,166
0:41:04,135,4.95,6:42,8.95,7.962,4:10,14.4,7.0,166
0:41:05,136,4.95,8:56,6.71,7.965,5:33,10.8,7.0,166
0:41:06,136,4.95,8:56,6.71,7.968,5:33,10.8,7.0,166
0:41:07,136,4.95,6:42,8.95,7.972,4:10,14.4,7.0,168
0:41:08,136,4.96,6:42,8.95,7.976,4:10,14.4,7.0,168
0:41:09,136,4.96,6:42,8.95,7.98,4:10,14.4,7.0,168
0:41:10,136,4.96,,4.47,7.982,8:20,7.2,7.0,168
0:41:11,136,4.96,,4.47,7.984,8:20,7.2,7.0,168
0:41:12,136,4.96,5:22,11.18,7.989,3:20,18.0,7.0,168
0:41:13,136,4.97,5:22,11.18,7.994,3:20,18.0,7.0,168
0:41:14,136,4.97,,4.47,7.996,8:20,7.2,7.0,168
0:41:15,136,4.97,,4.47,7.998,8:20,7.2,7.0,168
0:41:16,136,4.97,6:42,8.95,8.002,4:10,14.4,7.0,168
0:41:17,136,4.97,8:56,6.71,8.005,5:33,10.8,7.0,168
0:41:18,136,4.98,8:56,6.71,8.008,5:33,10.8,7.0,168
0:41:19,136,4.98,6:42,8.95,8.012,4:10,14.4,7.0,168
0:41:20,136,4.98,6:42,8.95,8.016,4:10,14.4,7.0,168
0:41:21,136,4.98,8:56,6.71,8.019,5:33,10.8,7.0,168
0:41:22,137,4.98,8:56,6.71,8.022,5:33,10.8,7.0,168
0:41:23,137,4.99,,4.47,8.024,8:20,7.2,7.0,168
0:41:24,137,4.99,6:42,8.95,8.028,4:10,14.4,7.0,168
0:41:25,137,4.99,5:22,11.18,8.033,3:20,18.0,7.0,168
0:41:26,137,4.99,8:56,6.71,8.036,5:33,10.8,7.0,168
0:41:27,137,4.99,,4.47,8.038,8:20,7.2,7.0,168
0:41:28,137,5.0,6:42,8.95,8.042,4:10,14.4,7.0,168
0:41:29,137,5.0,8:56,6.71,8.045,5:33,10.8,7.0,168
0:41:30,137,5.0,,4.47,8.047,8:20,7.2,7.0,168
0:41:31,137,5.0,,4.47,8.049,8:20,7.2,7.0,168
0:41:32,137,5.0,5:22,11.18,8.054,3:20,18.0,7.0,168
0:41:33,137,5.01,6:42,8.95,8.058,4:10,14.4,7.0,168
0:41:34,137,5.01,,4.47,8.06,8:20,7.2,7.0,168
0:41:35,137,5.01,8:56,6.71,8.063,5:33,10.8,7.0,168
0:41:36,137,5.01,8:56,6.71,8.066,5:33,10.8,7.0,168
0:41:37,137,5.01,6:42,8.95,8.07,4:10,14.4,7.0,168
0:41:38,137,5.02,6:42,8.95,8.074,4:10,14.4,7.0,168
0:41:39,137,5.02,8:56,6.71,8.077,5:33,10.8,7.0,168
0:41:40,137,5.02,8:56,6.71,8.08,5:33,10.8,7.0,168
0:41:41,137,5.02,6:42,8.95,8.084,4:10,14.4,7.0,168
0:41:42,137,5.02,,4.47,8.086,8:20,7.2,7.0,168
0:41:43,137,5.03,8:56,6.71,8.089,5:33,10.8,7.0,168
0:41:44,137,5.03,5:22,11.18,8.094,3:20,18.0,7.0,168
0:41:45,137,5.03,6:42,8.95,8.098,4:10,14.4,7.0,168
0:41:46,137,5.03,,4.47,8.1,8:20,7.2,7.0,168
0:41:47,137,5.03,8:56,6.71,8.103,5:33,10.8,7.0,168
0:41:48,137,5.04,8:56,6.71,8.106,5:33,10.8,7.0,168
0:41:49,137,5.04,6:42,8.95,8.11,4:10,14.4,7.0,168
0:41:50,137,5.04,,4.47,8.112,8:20,7.2,7.0,168
0:41:51,137,5.04,,4.47,8.114,8:20,7.2,7.0,168
0:41:52,137,5.04,5:22,11.18,8.119,3:20,18.0,7.0,168
0:41:53,137,5.05,5:22,11.18,8.124,3:20,18.0,7.0,168
0:41:54,137,5.05,,4.47,8.126,8:20,7.2,7.0,168
0:41:55,137,5.05,,4.47,8.128,8:20,7.2,7.0,168
0:41:56,137,5.05,6:42,8.95,8.132,4:10,14.4,7.0,168
0:41:57,137,5.05,8:56,6.71,8.135,5:33,10.8,7.0,168
0:41:58,137,5.06,8:56,6.71,8.138,5:33,10.8,7.0,168
0:41:59,137,5.06,6:42,8.95,8.142,4:10,14.4,7.0,168
0:42:00,137,5.06,6:42,8.95,8.146,4:10,14.4,7.0,168
0:42:01,137,5.06,8:56,6.71,8.149,5:33,10.8,7.0,168
0:42:02,137,5.07,8:56,6.71,8.152,5:33,10.8,7.0,168
0:42:03,137,5.07,,4.47,8.154,8:20,7.2,7.0,168
0:42:04,137,5.07,6:42,8.95,8.158,4:10,14.4,7.0,168
0:42:05,137,5.07,5:22,11.18,8.163,3:20,18.0,7.0,168
0:42:06,137,5.07,8:56,6.71,8.166,5:33,10.8,7.0,168
0:42:07,137,5.08,,4.47,8.168,8:20,7.2,7.0,168
0:42:08,137,5.08,6:42,8.95,8.172,4:10,14.4,7.0,168
0:42:09,136,5.08,8:56,6.71,8.175,5:33,10.8,7.0,168
0:42:10,136,5.08,8:56,6.71,8.178,5:33,10.8,7.0,168
0:42:11,136,5.08,6:42,8.95,8.182,4:10,14.4,7.0,168
0:42:12,136,5.09,6:42,8.95,8.186,4:10,14.4,7.0,168
0:42:13,136,5.09,8:56,6.71,8.189,5:33,10.8,7.0,168
0:42:14,136,5.09,8:56,6.71,8.192,5:33,10.8,7.0,166
0:42:15,136,5.09,,4.47,8.194,8:20,7.2,7.0,166
0:42:16,135,5.09,6:42,8.95,8.198,4:10,14.4,7.0,166
0:42:17,135,5.1,8:56,6.71,8.201,5:33,10.8,7.0,166
0:42:18,135,5.1,8:56,6.71,8.204,5:33,10.8,7.0,166
0:42:19,136,5.1,6:42,8.95,8.208,4:10,14.4,7.0,166
0:42:20,136,5.1,6:42,8.95,8.212,4:10,14.4,7.0,166
0:42:21,136,5.1,8:56,6.71,8.215,5:33,10.8,7.0,168
0:42:22,136,5.11,8:56,6.71,8.218,5:33,10.8,7.0,168
0:42:23,136,5.11,,4.47,8.22,8:20,7.2,7.0,168
0:42:24,136,5.11,6:42,8.95,8.224,4:10,14.4,7.0,168
0:42:25,136,5.11,5:22,11.18,8.229,3:20,18.0,7.0,168
0:42:26,136,5.12,8:56,6.71,8.232,5:33,10.8,7.0,168
0:42:27,136,5.12,,4.47,8.234,8:20,7.2,7.0,168
0:42:28,136,5.12,6:42,8.95,8.238,4:10,14.4,7.0,168
0:42:29,137,5.12,8:56,6.71,8.241,5:33,10.8,7.0,168
0:42:30,137,5.12,8:56,6.71,8.244,5:33,10.8,7.0,168
0:42:31,137,5.12,,4.47,8.246,8:20,7.2,7.0,168
0:42:32,138,5.13,6:42,8.95,8.25,4:10,14.4,7.0,168
0:42:33,138,5.13,5:22,11.18,8.255,3:20,18.0,7.0,168
0:42:34,138,5.13,,4.47,8.257,8:20,7.2,7.0,168
0:42:35,138,5.13,,4.47,8.259,8:20,7.2,7.0,170
0:42:36,139,5.14,5:22,11.18,8.264,3:20,18.0,7.0,168
0:42:37,139,5.14,5:22,11.18,8.269,3:20,18.0,7.0,168
0:42:38,139,5.14,,4.47,8.271,8:20,7.2,7.0,168
0:42:39,138,5.14,,4.47,8.273,8:20,7.2,7.0,168
0:42:40,138,5.14,8:56,6.71,8.276,5:33,10.8,7.0,168
0:42:41,138,5.14,6:42,8.95,8.28,4:10,14.4,7.0,168
0:42:42,137,5.15,,4.47,8.282,8:20,7.2,7.0,168
0:42:43,137,5.15,8:56,6.71,8.285,5:33,10.8,7.0,168
0:42:44,137,5.15,5:22,11.18,8.29,3:20,18.0,7.0,168
0:42:45,137,5.15,6:42,8.95,8.294,4:10,14.4,7.0,168
0:42:46,136,5.15,,4.47,8.296,8:20,7.2,7.0,168
0:42:47,136,5.16,8:56,6.71,8.299,5:33,10.8,7.0,168
0:42:48,136,5.16,8:56,6.71,8.302,5:33,10.8,7.0,168
0:42:49,136,5.16,6:42,8.95,8.306,4:10,14.4,7.0,168
0:42:50,136,5.16,8:56,6.71,8.309,5:33,10.8,7.0,168
0:42:51,136,5.16,8:56,6.71,8.312,5:33,10.8,7.0,168
0:42:52,136,5.17,6:42,8.95,8.316,4:10,14.4,7.0,168
0:42:53,136,5.17,8:56,6.71,8.319,5:33,10.8,7.0,168
0:42:54,136,5.17,8:56,6.71,8.322,5:33,10.8,7.0,168
0:42:55,135,5.17,,4.47,8.324,8:20,7.2,7.0,168
0:42:56,135,5.17,6:42,8.95,8.328,4:10,14.4,7.0,168
0:42:57,135,5.18,5:22,11.18,8.333,3:20,18.0,7.0,168
0:42:58,135,5.18,8:56,6.71,8.336,5:33,10.8,7.0,168
0:42:59,135,5.18,,4.47,8.338,8:20,7.2,7.0,168
0:43:00,135,5.18,6:42,8.95,8.342,4:10,14.4,7.0,168
0:43:01,135,5.19,8:56,6.71,8.345,5:33,10.8,7.0,168
0:43:02,135,5.19,8:56,6.71,8.348,5:33,10.8,7.0,168
0:43:03,135,5.19,6:42,8.95,8.352,4:10,14.4,7.0,168
0:43:04,135,5.19,6:42,8.95,8.356,4:10,14.4,7.0,168
0:43:05,135,5.19,8:56,6.71,8.359,5:33,10.8,7.0,168
0:43:06,135,5.2,8:56,6.71,8.362,5:33,10.8,7.0,168
0:43:07,135,5.2,,4.47,8.364,8:20,7.2,7.0,168
0:43:08,135,5.2,,4.47,8.366,8:20,7.2,7.0,168
0:43:09,135,5.2,,4.47,8.368,8:20,7.2,7.0,168
0:43:10,135,5.2,5:22,11.18,8.373,3:20,18.0,7.0,168
0:43:11,135,5.21,5:22,11.18,8.378,3:20,18.0,7.0,168
0:43:12,135,5.21,6:42,8.95,8.382,4:10,14.4,7.0,168
0:43:13,135,5.21,8:56,6.71,8.385,5:33,10.8,7.0,168
0:43:14,135,5.21,8:56,6.71,8.388,5:33,10.8,7.0,168
0:43:14,135,5.21,,6.71,8.388,,10.8,7.0,168
0:43:15,135,5.21,,4.47,8.39,8:20,7.2,7.0,168
0:43:16,135,5.22,6:42,8.95,8.394,4:10,14.4,7.0,168
0:43:17,135,5.22,5:22,11.18,8.399,3:20,18.0,7.0,168
0:43:18,135,5.22,8:56,6.71,8.402,5:33,10.8,7.0,168
0:43:19,135,5.22,,4.47,8.404,8:20,7.2,7.0,168
0:43:20,135,5.22,6:42,8.95,8.408,4:10,14.4,7.0,168
0:43:21,136,5.23,8:56,6.71,8.411,5:33,10.8,7.0,168
0:43:22,136,5.23,8:56,6.71,8.414,5:33,10.8,7.0,168
0:43:23,136,5.23,6:42,8.95,8.418,4:10,14.4,7.0,168
0:43:24,136,5.23,8:56,6.71,8.421,5:33,10.8,7.0,168
0:43:25,137,5.23,8:56,6.71,8.424,5:33,10.8,7.0,168
0:43:26,137,5.24,,4.47,8.426,8:20,7.2,7.0,168
0:43:27,137,5.24,8:56,6.71,8.429,5:33,10.8,7.0,168
0:43:28,137,5.24,5:22,11.18,8.434,3:20,18.0,7.0,168
0:43:29,137,5.24,6:42,8.95,8.438,4:10,14.4,7.0,168
0:43:30,138,5.24,,4.47,8.44,8:20,7.2,7.0,168
0:43:31,138,5.25,8:56,6.71,8.443,5:33,10.8,7.0,168
0:43:32,138,5.25,8:56,6.71,8.446,5:33,10.8,7.0,166
0:43:32,138,5.25,,6.71,8.446,,10.8,7.0,166
0:43:33,138,5.25,8:56,6.71,8.449,5:33,10.8,7.0,166
0:43:34,138,5.25,,4.47,8.451,8:20,7.2,7.0,164
0:43:35,138,5.25,,4.47,8.453,8:20,7.2,7.0,164
0:43:36,137,5.26,5:22,11.18,8.458,3:20,18.0,7.0,166
0:43:37,137,5.26,6:42,8.95,8.462,4:10,14.4,7.0,168
0:43:38,137,5.26,,4.47,8.464,8:20,7.2,7.0,168
0:43:39,137,5.26,8:56,6.71,8.467,5:33,10.8,7.0,170
0:43:40,137,5.26,8:56,6.71,8.47,5:33,10.8,7.0,170
0:43:41,137,5.27,6:42,8.95,8.474,4:10,14.4,7.0,170
0:43:42,137,5.27,6:42,8.95,8.478,4:10,14.4,7.0,170
0:43:43,137,5.27,8:56,6.71,8.481,5:33,10.8,7.0,170
0:43:44,138,5.27,6:42,8.95,8.485,4:10,14.4,7.0,170
0:43:45,138,5.27,6:42,8.95,8.489,4:10,14.4,7.0,172
0:43:46,138,5.28,8:56,6.71,8.492,5:33,10.8,7.0,172
0:43:47,138,5.28,,4.47,8.494,8:20,7.2,7.0,172
0:43:48,138,5.28,5:22,11.18,8.499,3:20,18.0,8.0,172
0:43:49,139,5.28,5:22,11.18,8.504,3:20,18.0,7.0,172
0:43:50,139,5.29,,4.47,8.506,8:20,7.2,7.0,170
0:43:51,139,5.29,8:56,6.71,8.509,5:33,10.8,7.0,170
0:43:52,138,5.29,5:22,11.18,8.514,3:20,18.0,7.0,170
0:43:53,138,5.29,6:42,8.95,8.518,4:10,14.4,7.0,170
0:43:54,138,5.29,,4.47,8.52,8:20,7.2,7.0,170
0:43:55,138,5.3,8:56,6.71,8.523,5:33,10.8,7.0,172
0:43:56,137,5.3,6:42,8.95,8.527,4:10,14.4,7.0,172
0:43:57,137,5.3,6:42,8.95,8.531,4:10,14.4,7.0,172
0:43:58,137,5.3,8:56,6.71,8.534,5:33,10.8,7.0,170
0:43:59,137,5.31,6:42,8.95,8.538,4:10,14.4,7.0,170
0:44:00,137,5.31,6:42,8.95,8.542,4:10,14.4,7.0,170
0:44:01,137,5.31,6:42,8.95,8.546,4:10,14.4,7.0,170
0:44:02,137,5.31,,4.47,8.548,8:20,7.2,7.0,170
0:44:03,138,5.31,8:56,6.71,8.551,5:33,10.8,7.0,170
0:44:04,138,5.32,5:22,11.18,8.556,3:20,18.0,7.0,170
0:44:05,138,5.32,5:22,11.18,8.561,3:20,18.0,7.0,170
0:44:06,138,5.32,8:56,6.71,8.564,5:33,10.8,7.0,172
0:44:07,138,5.32,,4.47,8.566,8:20,7.2,7.0,172
0:44:08,139,5.33,5:22,11.18,8.571,3:20,18.0,7.0,172
0:44:09,139,5.33,5:22,11.18,8.576,3:20,18.0,7.0,172
0:44:10,139,5.33,,4.47,8.578,8:20,7.2,7.0,172
0:44:11,140,5.33,8:56,6.71,8.581,5:33,10.8,7.0,174
0:44:12,140,5.33,6:42,8.95,8.585,4:10,14.4,7.0,172
0:44:13,141,5.34,6:42,8.95,8.589,4:10,14.4,7.0,172
0:44:14,142,5.34,6:42,8.95,8.593,4:10,14.4,7.0,172
0:44:15,142,5.34,6:42,8.95,8.597,4:10,14.4,7.0,172
0:44:16,142,5.34,8:56,6.71,8.6,5:33,10.8,7.0,172
0:44:17,142,5.35,6:42,8.95,8.604,4:10,14.4,7.0,172
0:44:18,142,5.35,,4.47,8.606,8:20,7.2,8.0,172
0:44:19,143,5.35,8:56,6.71,8.609,5:33,10.8,7.0,172
0:44:20,143,5.35,5:22,11.18,8.614,3:20,18.0,7.0,172
0:44:21,143,5.36,5:22,11.18,8.619,3:20,18.0,7.0,174
0:44:22,143,5.36,8:56,6.71,8.622,5:33,10.8,7.0,174
0:44:23,143,5.36,,4.47,8.624,8:20,7.2,7.0,174
0:44:24,143,5.36,5:22,11.18,8.629,3:20,18.0,7.0,174
0:44:25,143,5.36,5:22,11.18,8.634,3:20,18.0,7.0,174
0:44:26,143,5.37,,4.47,8.636,8:20,7.2,7.0,172
0:44:27,143,5.37,8:56,6.71,8.639,5:33,10.8,7.0,172
0:44:28,144,5.37,6:42,8.95,8.643,4:10,14.4,7.0,172
0:44:29,144,5.37,6:42,8.95,8.647,4:10,14.4,7.0,172
0:44:30,144,5.37,8:56,6.71,8.65,5:33,10.8,7.0,172
0:44:31,144,5.38,6:42,8.95,8.654,4:10,14.4,7.0,172
0:44:32,144,5.38,6:42,8.95,8.658,4:10,14.4,7.0,172
0:44:33,144,5.38,6:42,8.95,8.662,4:10,14.4,7.0,172
0:44:34,144,5.38,,4.47,8.664,8:20,7.2,7.0,172
0:44:35,144,5.39,8:56,6.71,8.667,5:33,10.8,7.0,172
0:44:36,144,5.39,5:22,11.18,8.672,3:20,18.0,7.0,172
0:44:37,144,5.39,5:22,11.18,8.677,3:20,18.0,7.0,172
0:44:38,144,5.39,8:56,6.71,8.68,5:33,10.8,7.0,172
0:44:39,144,5.39,,4.47,8.682,8:20,7.2,7.0,172
0:44:40,144,5.4,6:42,8.95,8.686,4:10,14.4,7.0,172
0:44:41,145,5.4,5:22,11.18,8.691,3:20,18.0,7.0,172
0:44:42,145,5.4,8:56,6.71,8.694,5:33,10.8,7.0,170
0:44:43,145,5.4,,4.47,8.696,8:20,7.2,7.0,170
0:44:44,145,5.41,6:42,8.95,8.7,4:10,14.4,7.0,170
0:44:45,145,5.41,6:42,8.95,8.704,4:10,14.4,7.0,170
0:44:46,145,5.41,6:42,8.95,8.708,4:10,14.4,7.0,170
0:44:47,145,5.41,8:56,6.71,8.711,5:33,10.8,7.0,170
0:44:48,145,5.41,8:56,6.71,8.714,5:33,10.8,7.0,170
0:44:49,145,5.42,6:42,8.95,8.718,4:10,14.4,7.0,170
0:44:50,144,5.42,,4.47,8.72,8:20,7.2,7.0,170
0:44:51,144,5.42,8:56,6.71,8.723,5:33,10.8,7.0,170
0:44:52,144,5.42,5:22,11.18,8.728,3:20,18.0,7.0,170
0:44:53,144,5.43,5:22,11.18,8.733,3:20,18.0,7.0,170
0:44:54,143,5.43,8:56,6.71,8.736,5:33,10.8,7.0,170
0:44:55,143,5.43,,4.47,8.738,8:20,7.2,7.0,170
0:44:56,143,5.43,6:42,8.95,8.742,4:10,14.4,7.0,170
0:44:57,143,5.43,8:56,6.71,8.745,5:33,10.8,7.0,172
0:44:58,143,5.44,6:42,8.95,8.749,4:10,14.4,7.0,172
0:44:59,143,5.44,6:42,8.95,8.753,4:10,14.4,7.0,172
0:45:00,143,5.44,8:56,6.71,8.756,5:33,10.8,7.0,172
0:45:01,143,5.44,6:42,8.95,8.76,4:10,14.4,7.0,172
0:45:02,143,5.44,,4.47,8.762,8:20,7.2,7.0,172
0:45:03,143,5.45,8:56,6.71,8.765,5:33,10.8,7.0,172
0:45:04,143,5.45,5:22,11.18,8.77,3:20,18.0,7.0,172
0:45:05,143,5.45,5:22,11.18,8.775,3:20,18.0,7.0,172
0:45:06,143,5.45,8:56,6.71,8.778,5:33,10.8,7.0,172
0:45:07,143,5.46,,4.47,8.78,8:20,7.2,7.0,172
0:45:08,143,5.46,5:22,11.18,8.785,3:20,18.0,7.0,172
0:45:09,143,5.46,5:22,11.18,8.79,3:20,18.0,7.0,172
0:45:10,143,5.46,,4.47,8.792,8:20,7.2,7.0,172
0:45:11,143,5.46,8:56,6.71,8.795,5:33,10.8,7.0,172
0:45:12,143,5.47,8:56,6.71,8.798,5:33,10.8,7.0,172
0:45:13,143,5.47,6:42,8.95,8.802,4:10,14.4,7.0,172
0:45:14,143,5.47,6:42,8.95,8.806,4:10,14.4,7.0,172
0:45:15,143,5.47,6:42,8.95,8.81,4:10,14.4,7.0,172
0:45:16,143,5.48,6:42,8.95,8.814,4:10,14.4,7.0,172
0:45:17,143,5.48,8:56,6.71,8.817,5:33,10.8,7.0,172
0:45:18,143,5.48,8:56,6.71,8.82,5:33,10.8,7.0,172
0:45:19,143,5.48,,4.47,8.822,8:20,7.2,7.0,172
0:45:20,143,5.48,5:22,11.18,8.827,3:20,18.0,7.0,172
0:45:21,143,5.49,5:22,11.18,8.832,3:20,18.0,7.0,172
0:45:22,143,5.49,,4.47,8.834,8:20,7.2,7.0,172
0:45:23,143,5.49,8:56,6.71,8.837,5:33,10.8,7.0,172
0:45:24,143,5.49,5:22,11.18,8.842,3:20,18.0,7.0,172
0:45:25,143,5.5,5:22,11.18,8.847,3:20,18.0,7.0,172
0:45:26,143,5.5,8:56,6.71,8.85,5:33,10.8,7.0,172
0:45:27,143,5.5,,4.47,8.852,8:20,7.2,7.0,172
0:45:28,143,5.5,6:42,8.95,8.856,4:10,14.4,7.0,172
0:45:29,143,5.5,8:56,6.71,8.859,5:33,10.8,7.0,172
0:45:30,143,5.51,8:56,6.71,8.862,5:33,10.8,7.0,172
0:45:31,142,5.51,6:42,8.95,8.866,4:10,14.4,7.0,172
0:45:32,142,5.51,6:42,8.95,8.87,4:10,14.4,7.0,170
0:45:33,142,5.51,6:42,8.95,8.874,4:10,14.4,7.0,170
0:45:34,142,5.52,,4.47,8.876,8:20,7.2,7.0,170
0:45:35,142,5.52,8:56,6.71,8.879,5:33,10.8,7.0,172
0:45:36,142,5.52,5:22,11.18,8.884,3:20,18.0,7.0,172
0:45:37,142,5.52,5:22,11.18,8.889,3:20,18.0,7.0,172
0:45:38,142,5.52,,4.47,8.891,8:20,7.2,7.0,172
0:45:39,142,5.53,,4.47,8.893,8:20,7.2,7.0,172
0:45:40,142,5.53,5:22,11.18,8.898,3:20,18.0,7.0,172
0:45:41,142,5.53,5:22,11.18,8.903,3:20,18.0,7.0,172
0:45:42,142,5.53,8:56,6.71,8.906,5:33,10.8,7.0,172
0:45:43,142,5.54,,4.47,8.908,8:20,7.2,7.0,172
0:45:44,142,5.54,6:42,8.95,8.912,4:10,14.4,7.0,172
0:45:45,142,5.54,6:42,8.95,8.916,4:10,14.4,7.0,172
0:45:46,142,5.54,6:42,8.95,8.92,4:10,14.4,7.0,170
0:45:47,142,5.54,8:56,6.71,8.923,5:33,10.8,7.0,170
0:45:48,142,5.55,8:56,6.71,8.926,5:33,10.8,7.0,170
0:45:49,142,5.55,6:42,8.95,8.93,4:10,14.4,7.0,170
0:45:50,142,5.55,,4.47,8.932,8:20,7.2,7.0,170
0:45:51,142,5.55,8:56,6.71,8.935,5:33,10.8,7.0,172
0:45:52,142,5.56,5:22,11.18,8.94,3:20,18.0,7.0,170
0:45:53,141,5.56,5:22,11.18,8.945,3:20,18.0,7.0,170
0:45:54,141,5.56,8:56,6.71,8.948,5:33,10.8,7.0,170
0:45:55,141,5.56,,4.47,8.95,8:20,7.2,7.0,170
0:45:56,141,5.56,6:42,8.95,8.954,4:10,14.4,7.0,170
0:45:57,141,5.57,8:56,6.71,8.957,5:33,10.8,7.0,170
0:45:58,141,5.57,6:42,8.95,8.961,4:10,14.4,7.0,170
0:45:59,141,5.57,6:42,8.95,8.965,4:10,14.4,7.0,170
0:46:00,142,5.57,8:56,6.71,8.968,5:33,10.8,7.0,170
0:46:01,142,5.57,6:42,8.95,8.972,4:10,14.4,7.0,172
0:46:02,142,5.58,,4.47,8.974,8:20,7.2,7.0,170
0:46:03,142,5.58,8:56,6.71,8.977,5:33,10.8,7.0,170
0:46:04,142,5.58,5:22,11.18,8.982,3:20,18.0,7.0,170
0:46:05,142,5.58,6:42,8.95,8.986,4:10,14.4,7.0,170
0:46:06,143,5.58,,4.47,8.988,8:20,7.2,7.0,170
0:46:07,143,5.59,8:56,6.71,8.991,5:33,10.8,7.0,170
0:46:08,143,5.59,8:56,6.71,8.994,5:33,10.8,7.0,170
0:46:09,143,5.59,,4.47,8.996,8:20,7.2,7.0,170
0:46:10,143,5.59,5:22,11.18,9.001,3:20,18.0,7.0,170
0:46:11,143,5.6,5:22,11.18,9.006,3:20,18.0,7.0,170
0:46:12,143,5.6,6:42,8.95,9.01,4:10,14.4,7.0,170
0:46:13,143,5.6,8:56,6.71,9.013,5:33,10.8,7.0,170
0:46:14,142,5.6,8:56,6.71,9.016,5:33,10.8,7.0,170
0:46:15,142,5.6,,4.47,9.018,8:20,7.2,7.0,170
0:46:16,142,5.61,6:42,8.95,9.022,4:10,14.4,7.0,170
0:46:17,142,5.61,5:22,11.18,9.027,3:20,18.0,7.0,170
0:46:18,142,5.61,8:56,6.71,9.03,5:33,10.8,7.0,170
0:46:19,142,5.61,,4.47,9.032,8:20,7.2,7.0,168
0:46:20,142,5.61,8:56,6.71,9.035,5:33,10.8,7.0,164
0:46:21,142,5.62,8:56,6.71,9.038,5:33,10.8,7.0,162
0:46:22,142,5.62,,4.47,9.04,8:20,7.2,7.0,158
0:46:23,142,5.62,,2.24,9.041,,3.6,7.0,156
0:46:24,142,5.62,,2.24,9.041,,3.6,7.0,148
0:46:25,142,5.62,,2.24,9.041,,3.6,7.0,140
0:46:26,141,5.62,,2.24,9.041,,3.6,7.0,70
0:46:27,141,5.62,,2.24,9.041,,3.6,7.0,0
0:46:28,141,5.62,,2.24,9.041,,3.6,7.0,0
0:46:29,141,5.62,,2.24,9.041,,3.6,7.0,0
0:46:30,141,5.62,,2.24,9.042,,3.6,7.0,76
0:46:31,141,5.62,,4.47,9.044,8:20,7.2,7.0,154
0:46:32,140,5.62,5:22,11.18,9.049,3:20,18.0,7.0,160
0:46:33,139,5.63,5:22,11.18,9.054,3:20,18.0,7.0,168
0:46:34,138,5.63,,4.47,9.056,8:20,7.2,7.0,170
0:46:35,137,5.63,8:56,6.71,9.059,5:33,10.8,7.0,170
0:46:36,135,5.63,6:42,8.95,9.063,4:10,14.4,7.0,172
0:46:37,134,5.63,6:42,8.95,9.067,4:10,14.4,7.0,172
0:46:38,132,5.64,8:56,6.71,9.07,5:33,10.8,7.0,172
0:46:39,131,5.64,6:42,8.95,9.074,4:10,14.4,7.0,172
0:46:40,131,5.64,6:42,8.95,9.078,4:10,14.4,7.0,174
0:46:41,131,5.64,6:42,8.95,9.082,4:10,14.4,7.0,174
0:46:42,131,5.65,6:42,8.95,9.086,4:10,14.4,7.0,174
0:46:43,131,5.65,6:42,8.95,9.09,4:10,14.4,7.0,174
0:46:44,131,5.65,6:42,8.95,9.094,4:10,14.4,7.0,174
0:46:45,132,5.65,6:42,8.95,9.098,4:10,14.4,7.0,176
0:46:46,132,5.65,,4.47,9.1,8:20,7.2,7.0,176
0:46:47,133,5.66,8:56,6.71,9.103,5:33,10.8,7.0,176
0:46:48,133,5.66,5:22,11.18,9.108,3:20,18.0,7.0,176
0:46:49,133,5.66,4:28,13.42,9.114,2:47,21.6,7.0,176
0:46:50,134,5.66,,4.47,9.116,8:20,7.2,7.0,174
0:46:51,134,5.67,8:56,6.71,9.119,5:33,10.8,7.0,174
0:46:52,134,5.67,5:22,11.18,9.124,3:20,18.0,7.0,174
0:46:53,135,5.67,5:22,11.18,9.129,3:20,18.0,7.0,174
0:46:54,136,5.67,8:56,6.71,9.132,5:33,10.8,7.0,174
0:46:55,136,5.68,,4.47,9.134,8:20,7.2,7.0,174
0:46:56,136,5.68,6:42,8.95,9.138,4:10,14.4,7.0,174
0:46:57,137,5.68,6:42,8.95,9.142,4:10,14.4,7.0,172
0:46:58,137,5.68,6:42,8.95,9.146,4:10,14.4,7.0,172
0:46:59,137,5.69,6:42,8.95,9.15,4:10,14.4,7.0,172
0:47:00,137,5.69,6:42,8.95,9.154,4:10,14.4,7.0,172
0:47:01,137,5.69,6:42,8.95,9.158,4:10,14.4,7.0,174
0:47:02,138,5.69,6:42,8.95,9.162,4:10,14.4,7.0,174
0:47:03,138,5.7,6:42,8.95,9.166,4:10,14.4,7.0,174
0:47:04,138,5.7,6:42,8.95,9.17,4:10,14.4,7.0,172
0:47:05,139,5.7,8:56,6.71,9.173,5:33,10.8,7.0,172
0:47:06,139,5.7,8:56,6.71,9.176,5:33,10.8,7.0,172
0:47:07,139,5.7,,4.47,9.178,8:20,7.2,7.0,172
0:47:08,140,5.71,4:28,13.42,9.184,2:47,21.6,7.0,172
0:47:09,140,5.71,5:22,11.18,9.189,3:20,18.0,7.0,172
0:47:10,140,5.71,8:56,6.71,9.192,5:33,10.8,7.0,172
0:47:11,140,5.71,,4.47,9.194,8:20,7.2,7.0,172
0:47:12,139,5.72,5:22,11.18,9.199,3:20,18.0,7.0,172
0:47:13,139,5.72,5:22,11.18,9.204,3:20,18.0,7.0,172
0:47:14,139,5.72,,4.47,9.206,8:20,7.2,7.0,172
0:47:15,139,5.72,8:56,6.71,9.209,5:33,10.8,7.0,172
0:47:16,139,5.72,6:42,8.95,9.213,4:10,14.4,7.0,172
0:47:17,139,5.73,6:42,8.95,9.217,4:10,14.4,7.0,172
0:47:18,139,5.73,8:56,6.71,9.22,5:33,10.8,7.0,172
0:47:19,139,5.73,6:42,8.95,9.224,4:10,14.4,7.0,172
0:47:20,139,5.73,6:42,8.95,9.228,4:10,14.4,7.0,172
0:47:21,139,5.74,6:42,8.95,9.232,4:10,14.4,7.0,172
0:47:22,139,5.74,,4.47,9.234,8:20,7.2,7.0,172
0:47:23,140,5.74,8:56,6.71,9.237,5:33,10.8,7.0,172
0:47:24,140,5.74,5:22,11.18,9.242,3:20,18.0,7.0,172
0:47:25,140,5.75,5:22,11.18,9.247,3:20,18.0,7.0,172
0:47:26,140,5.75,8:56,6.71,9.25,5:33,10.8,7.0,172
0:47:27,140,5.75,,4.47,9.252,8:20,7.2,7.0,172
0:47:28,141,5.75,6:42,8.95,9.256,4:10,14.4,7.0,172
0:47:29,141,5.75,6:42,8.95,9.26,4:10,14.4,7.0,172
0:47:30,141,5.76,6:42,8.95,9.264,4:10,14.4,7.0,172
0:47:31,142,5.76,6:42,8.95,9.268,4:10,14.4,7.0,172
0:47:32,142,5.76,6:42,8.95,9.272,4:10,14.4,7.0,172
0:47:33,142,5.76,8:56,6.71,9.275,5:33,10.8,7.0,172
0:47:34,142,5.77,6:42,8.95,9.279,4:10,14.4,7.0,172
0:47:35,143,5.77,6:42,8.95,9.283,4:10,14.4,7.0,172
0:47:36,143,5.77,8:56,6.71,9.286,5:33,10.8,7.0,170
0:47:37,144,5.77,6:42,8.95,9.29,4:10,14.4,7.0,170
0:47:38,144,5.77,,4.47,9.292,8:20,7.2,7.0,170
0:47:39,144,5.78,8:56,6.71,9.295,5:33,10.8,7.0,170
0:47:40,144,5.78,5:22,11.18,9.3,3:20,18.0,7.0,170
0:47:41,145,5.78,5:22,11.18,9.305,3:20,18.0,7.0,170
0:47:42,145,5.78,8:56,6.71,9.308,5:33,10.8,7.0,170
0:47:43,145,5.78,,4.47,9.31,8:20,7.2,8.0,170
0:47:44,145,5.79,6:42,8.95,9.314,4:10,14.4,8.0,170
0:47:45,145,5.79,6:42,8.95,9.318,4:10,14.4,8.0,170
0:47:46,145,5.79,6:42,8.95,9.322,4:10,14.4,8.0,170
0:47:47,145,5.79,8:56,6.71,9.325,5:33,10.8,8.0,170
0:47:48,145,5.8,6:42,8.95,9.329,4:10,14.4,8.0,170
0:47:49,144,5.8,6:42,8.95,9.333,4:10,14.4,8.0,172
0:47:50,144,5.8,8:56,6.71,9.336,5:33,10.8,8.0,172
0:47:51,144,5.8,,4.47,9.338,8:20,7.2,8.0,172
0:47:52,144,5.81,5:22,11.18,9.343,3:20,18.0,8.0,170
0:47:53,144,5.81,5:22,11.18,9.348,3:20,18.0,8.0,170
0:47:54,144,5.81,,4.47,9.35,8:20,7.2,8.0,170
0:47:55,144,5.81,8:56,6.71,9.353,5:33,10.8,8.0,170
0:47:56,144,5.81,8:56,6.71,9.356,5:33,10.8,8.0,170
0:47:57,144,5.82,6:42,8.95,9.36,4:10,14.4,8.0,170
0:47:58,144,5.82,6:42,8.95,9.364,4:10,14.4,8.0,170
0:47:59,144,5.82,8:56,6.71,9.367,5:33,10.8,7.0,170
0:48:00,144,5.82,6:42,8.95,9.371,4:10,14.4,7.0,170
0:48:01,144,5.83,6:42,8.95,9.375,4:10,14.4,7.0,170
0:48:02,144,5.83,8:56,6.71,9.378,5:33,10.8,7.0,170
0:48:03,144,5.83,,4.47,9.38,8:20,7.2,7.0,170
0:48:04,144,5.83,5:22,11.18,9.385,3:20,18.0,7.0,170
0:48:05,144,5.83,5:22,11.18,9.39,3:20,18.0,7.0,170
0:48:06,144,5.84,,4.47,9.392,8:20,7.2,7.0,170
0:48:07,143,5.84,8:56,6.71,9.395,5:33,10.8,7.0,170
0:48:08,143,5.84,5:22,11.18,9.4,3:20,18.0,7.0,170
0:48:09,143,5.84,5:22,11.18,9.405,3:20,18.0,7.0,172
0:48:10,143,5.85,8:56,6.71,9.408,5:33,10.8,7.0,172
0:48:11,143,5.85,,4.47,9.41,8:20,7.2,7.0,172
0:48:12,143,5.85,6:42,8.95,9.414,4:10,14.4,7.0,170
0:48:13,143,5.85,8:56,6.71,9.417,5:33,10.8,7.0,170
0:48:14,143,5.85,8:56,6.71,9.42,5:33,10.8,7.0,170
0:48:15,143,5.85,,4.47,9.422,8:20,7.2,7.0,170
0:48:16,143,5.86,5:22,11.18,9.427,3:20,18.0,7.0,170
0:48:17,143,5.86,5:22,11.18,9.432,3:20,18.0,7.0,170
0:48:18,143,5.86,6:42,8.95,9.436,4:10,14.4,7.0,170
0:48:19,144,5.87,6:42,8.95,9.44,4:10,14.4,7.0,170
0:48:20,144,5.87,6:42,8.95,9.444,4:10,14.4,7.0,170
0:48:21,144,5.87,8:56,6.71,9.447,5:33,10.8,7.0,170
0:48:22,144,5.87,8:56,6.71,9.45,5:33,10.8,7.0,170
0:48:23,144,5.87,,4.47,9.452,8:20,7.2,7.0,170
0:48:24,144,5.88,6:42,8.95,9.456,4:10,14.4,7.0,170
0:48:25,144,5.88,8:56,6.71,9.459,5:33,10.8,7.0,170
0:48:26,144,5.88,8:56,6.71,9.462,5:33,10.8,7.0,170
0:48:27,144,5.88,6:42,8.95,9.466,4:10,14.4,7.0,170
0:48:28,144,5.88,6:42,8.95,9.47,4:10,14.4,7.0,170
0:48:29,144,5.89,6:42,8.95,9.474,4:10,14.4,7.0,170
0:48:30,144,5.89,,4.47,9.476,8:20,7.2,7.0,170
0:48:31,144,5.89,,4.47,9.478,8:20,7.2,7.0,170
0:48:32,144,5.89,5:22,11.18,9.483,3:20,18.0,7.0,170
0:48:33,144,5.9,5:22,11.18,9.488,3:20,18.0,7.0,170
0:48:34,144,5.9,,4.47,9.49,8:20,7.2,7.0,170
0:48:35,144,5.9,8:56,6.71,9.493,5:33,10.8,7.0,170
0:48:36,144,5.9,8:56,6.71,9.496,5:33,10.8,7.0,170
0:48:37,145,5.9,6:42,8.95,9.5,4:10,14.4,7.0,170
0:48:38,145,5.91,6:42,8.95,9.504,4:10,14.4,7.0,170
0:48:39,145,5.91,6:42,8.95,9.508,4:10,14.4,7.0,172
0:48:40,145,5.91,6:42,8.95,9.512,4:10,14.4,7.0,172
0:48:41,145,5.91,8:56,6.71,9.515,5:33,10.8,7.0,172
0:48:42,145,5.91,8:56,6.71,9.518,5:33,10.8,7.0,172
0:48:43,146,5.92,,4.47,9.52,8:20,7.2,7.0,172
0:48:44,146,5.92,5:22,11.18,9.525,3:20,18.0,7.0,172
0:48:45,146,5.92,5:22,11.18,9.53,3:20,18.0,7.0,172
0:48:46,146,5.92,,4.47,9.532,8:20,7.2,7.0,170
0:48:47,146,5.92,8:56,6.71,9.535,5:33,10.8,7.0,170
0:48:48,146,5.93,5:22,11.18,9.54,3:20,18.0,7.0,170
0:48:49,146,5.93,5:22,11.18,9.545,3:20,18.0,7.0,172
0:48:50,146,5.93,8:56,6.71,9.548,5:33,10.8,7.0,172
0:48:51,146,5.93,,4.47,9.55,8:20,7.2,7.0,172
0:48:52,146,5.94,6:42,8.95,9.554,4:10,14.4,7.0,170
0:48:53,146,5.94,8:56,6.71,9.557,5:33,10.8,7.0,170
0:48:54,146,5.94,5:22,11.18,9.562,3:20,18.0,7.0,170
0:48:55,146,5.94,6:42,8.95,9.566,4:10,14.4,7.0,170
0:48:56,145,5.95,,4.47,9.568,8:20,7.2,7.0,170
0:48:57,145,5.95,8:56,6.71,9.571,5:33,10.8,7.0,170
0:48:58,145,5.95,8:56,6.71,9.574,5:33,10.8,7.0,170
0:48:59,145,5.95,,4.47,9.576,8:20,7.2,7.0,170
0:49:00,144,5.95,5:22,11.18,9.581,3:20,18.0,7.0,170
0:49:01,144,5.96,5:22,11.18,9.586,3:20,18.0,7.0,170
0:49:02,144,5.96,,4.47,9.588,8:20,7.2,7.0,170
0:49:03,144,5.96,8:56,6.71,9.591,5:33,10.8,7.0,170
0:49:04,143,5.96,8:56,6.71,9.594,5:33,10.8,7.0,170
0:49:05,143,5.96,6:42,8.95,9.598,4:10,14.4,7.0,170
0:49:06,143,5.97,6:42,8.95,9.602,4:10,14.4,7.0,170
0:49:07,143,5.97,6:42,8.95,9.606,4:10,14.4,7.0,170
0:49:08,143,5.97,6:42,8.95,9.61,4:10,14.4,7.0,170
0:49:09,143,5.97,8:56,6.71,9.613,5:33,10.8,7.0,172
0:49:10,143,5.98,5:22,11.18,9.618,3:20,18.0,7.0,172
0:49:11,143,5.98,5:22,11.18,9.623,3:20,18.0,7.0,172
0:49:12,143,5.98,8:56,6.71,9.626,5:33,10.8,7.0,172
0:49:13,143,5.98,,4.47,9.628,8:20,7.2,7.0,172
0:49:14,143,5.98,,4.47,9.63,8:20,7.2,7.0,172
0:49:15,143,5.99,8:56,6.71,9.633,5:33,10.8,7.0,172
0:49:16,143,5.99,5:22,11.18,9.638,3:20,18.0,7.0,172
0:49:17,144,5.99,5:22,11.18,9.643,3:20,18.0,7.0,172
0:49:18,144,5.99,8:56,6.71,9.646,5:33,10.8,7.0,172
0:49:19,144,6.0,,4.47,9.648,8:20,7.2,7.0,172
0:49:20,144,6.0,6:42,8.95,9.652,4:10,14.4,7.0,172
0:49:21,144,6.0,6:42,8.95,9.656,4:10,14.4,7.0,174
0:49:22,145,6.0,6:42,8.95,9.66,4:10,14.4,7.0,172
0:49:23,145,6.0,8:56,6.71,9.663,5:33,10.8,7.0,172
0:49:24,145,6.01,6:42,8.95,9.667,4:10,14.4,7.0,172
0:49:25,146,6.01,6:42,8.95,9.671,4:10,14.4,7.0,172
0:49:26,146,6.01,8:56,6.71,9.674,5:33,10.8,7.0,172
0:49:27,146,6.01,,4.47,9.676,8:20,7.2,7.0,172
0:49:28,146,6.01,6:42,8.95,9.68,4:10,14.4,7.0,172
0:49:29,147,6.02,5:22,11.18,9.685,3:20,18.0,7.0,172
0:49:30,147,6.02,6:42,8.95,9.689,4:10,14.4,7.0,170
0:49:31,147,6.02,6:42,8.95,9.693,4:10,14.4,7.0,170
0:49:32,147,6.02,8:56,6.71,9.696,5:33,10.8,7.0,170
0:49:33,147,6.03,,4.47,9.698,8:20,7.2,7.0,172
0:49:34,147,6.03,6:42,8.95,9.702,4:10,14.4,7.0,170
0:49:35,147,6.03,8:56,6.71,9.705,5:33,10.8,7.0,170
0:49:36,147,6.03,8:56,6.71,9.708,5:33,10.8,7.0,170
0:49:37,147,6.03,6:42,8.95,9.712,4:10,14.4,7.0,170
0:49:38,147,6.04,,4.47,9.714,8:20,7.2,7.0,170
0:49:39,147,6.04,8:56,6.71,9.717,5:33,10.8,7.0,170
0:49:40,146,6.04,5:22,11.18,9.722,3:20,18.0,7.0,170
0:49:41,146,6.04,5:22,11.18,9.727,3:20,18.0,7.0,170
0:49:42,146,6.05,8:56,6.71,9.73,5:33,10.8,7.0,170
0:49:43,146,6.05,,4.47,9.732,8:20,7.2,7.0,170
0:49:44,145,6.05,6:42,8.95,9.736,4:10,14.4,7.0,168
0:49:45,145,6.05,8:56,6.71,9.739,5:33,10.8,7.0,168
0:49:46,145,6.05,8:56,6.71,9.742,5:33,10.8,7.0,168
0:49:47,145,6.06,6:42,8.95,9.746,4:10,14.4,7.0,168
0:49:48,144,6.06,6:42,8.95,9.75,4:10,14.4,7.0,168
0:49:49,144,6.06,8:56,6.71,9.753,5:33,10.8,7.0,168
0:49:50,144,6.06,,4.47,9.755,8:20,7.2,7.0,168
0:49:51,144,6.06,,4.47,9.757,8:20,7.2,7.0,168
0:49:52,144,6.07,5:22,11.18,9.762,3:20,18.0,7.0,170
0:49:53,144,6.07,4:28,13.42,9.768,2:47,21.6,7.0,172
0:49:54,144,6.07,8:56,6.71,9.771,5:33,10.8,7.0,172
0:49:55,144,6.07,8:56,6.71,9.774,5:33,10.8,7.0,174
0:49:56,144,6.08,6:42,8.95,9.778,4:10,14.4,7.0,174
0:49:57,144,6.08,6:42,8.95,9.782,4:10,14.4,7.0,174
0:49:58,144,6.08,6:42,8.95,9.786,4:10,14.4,7.0,172
0:49:59,144,6.08,6:42,8.95,9.79,4:10,14.4,7.0,172
0:50:00,144,6.09,6:42,8.95,9.794,4:10,14.4,7.0,170
0:50:01,144,6.09,6:42,8.95,9.798,4:10,14.4,7.0,170
0:50:02,144,6.09,5:22,11.18,9.803,3:20,18.0,7.0,170
0:50:03,144,6.09,5:22,11.18,9.808,3:20,18.0,7.0,172
0:50:04,144,6.1,8:56,6.71,9.811,5:33,10.8,7.0,172
0:50:05,144,6.1,8:56,6.71,9.814,5:33,10.8,7.0,174
0:50:06,144,6.1,6:42,8.95,9.818,4:10,14.4,7.0,174
0:50:07,144,6.1,6:42,8.95,9.822,4:10,14.4,7.0,174
0:50:08,144,6.11,6:42,8.95,9.826,4:10,14.4,7.0,174
0:50:09,145,6.11,6:42,8.95,9.83,4:10,14.4,6.0,174
0:50:10,145,6.11,8:56,6.71,9.833,5:33,10.8,6.0,172
0:50:11,145,6.11,8:56,6.71,9.836,5:33,10.8,6.0,172
0:50:12,145,6.11,5:22,11.18,9.841,3:20,18.0,6.0,172
0:50:13,145,6.12,5:22,11.18,9.846,3:20,18.0,6.0,174
0:50:14,145,6.12,8:56,6.71,9.849,5:33,10.8,6.0,172
0:50:15,146,6.12,8:56,6.71,9.852,5:33,10.8,6.0,172
0:50:16,146,6.12,6:42,8.95,9.856,4:10,14.4,6.0,172
0:50:17,146,6.13,6:42,8.95,9.86,4:10,14.4,6.0,172
0:50:18,146,6.13,6:42,8.95,9.864,4:10,14.4,6.0,170
0:50:19,146,6.13,5:22,11.18,9.869,3:20,18.0,6.0,168
0:50:20,147,6.13,,4.47,9.871,8:20,7.2,6.0,162
0:50:21,147,6.13,,4.47,9.873,8:20,7.2,6.0,154
0:50:22,147,6.14,8:56,6.71,9.876,5:33,10.8,6.0,156
0:50:23,147,6.14,6:42,8.95,9.88,4:10,14.4,7.0,158
0:50:24,147,6.14,,4.47,9.882,8:20,7.2,7.0,160
0:50:25,147,6.14,8:56,6.71,9.885,5:33,10.8,7.0,162
0:50:26,147,6.14,8:56,6.71,9.888,5:33,10.8,7.0,164
0:50:27,147,6.15,,4.47,9.89,8:20,7.2,7.0,166
0:50:28,147,6.15,6:42,8.95,9.894,4:10,14.4,7.0,166
0:50:29,147,6.15,6:42,8.95,9.898,4:10,14.4,7.0,166
0:50:30,146,6.15,6:42,8.95,9.902,4:10,14.4,7.0,164
0:50:31,146,6.16,6:42,8.95,9.906,4:10,14.4,7.0,164
0:50:32,146,6.16,6:42,8.95,9.91,4:10,14.4,7.0,166
0:50:33,146,6.16,6:42,8.95,9.914,4:10,14.4,7.0,166
0:50:34,145,6.16,,4.47,9.916,8:20,7.2,7.0,168
0:50:35,145,6.16,8:56,6.71,9.919,5:33,10.8,7.0,168
0:50:36,145,6.17,5:22,11.18,9.924,3:20,18.0,7.0,168
0:50:37,145,6.17,5:22,11.18,9.929,3:20,18.0,7.0,170
0:50:38,145,6.17,6:42,8.95,9.933,4:10,14.4,7.0,170
0:50:39,144,6.17,6:42,8.95,9.937,4:10,14.4,6.0,170
0:50:40,144,6.18,8:56,6.71,9.94,5:33,10.8,6.0,170
0:50:41,144,6.18,,4.47,9.942,8:20,7.2,6.0,170
0:50:42,144,6.18,5:22,11.18,9.947,3:20,18.0,6.0,170
0:50:43,144,6.18,5:22,11.18,9.952,3:20,18.0,6.0,170
0:50:44,144,6.19,,4.47,9.954,8:20,7.2,6.0,170
0:50:45,145,6.19,8:56,6.71,9.957,5:33,10.8,6.0,170
0:50:46,145,6.19,8:56,6.71,9.96,5:33,10.8,6.0,170
0:50:47,145,6.19,,4.47,9.962,8:20,7.2,6.0,170
0:50:48,145,6.19,4:28,13.42,9.968,2:47,21.6,6.0,170
0:50:49,145,6.2,5:22,11.18,9.973,3:20,18.0,6.0,170
0:50:50,145,6.2,8:56,6.71,9.976,5:33,10.8,6.0,170
0:50:51,145,6.2,,4.47,9.978,8:20,7.2,6.0,170
0:50:52,145,6.2,6:42,8.95,9.982,4:10,14.4,6.0,170
0:50:53,145,6.2,8:56,6.71,9.985,5:33,10.8,6.0,170
0:50:54,145,6.21,6:42,8.95,9.989,4:10,14.4,6.0,170
0:50:55,145,6.21,6:42,8.95,9.993,4:10,14.4,6.0,170
0:50:56,145,6.21,6:42,8.95,9.997,4:10,14.4,6.0,170
0:50:57,145,6.21,6:42,8.95,10.001,4:10,14.4,6.0,170
0:50:58,145,6.22,5:22,11.18,10.006,3:20,18.0,6.0,170
0:50:59,145,6.22,5:22,11.18,10.011,3:20,18.0,6.0,170
0:51:00,146,6.22,8:56,6.71,10.014,5:33,10.8,6.0,170
0:51:01,145,6.22,,4.47,10.016,8:20,7.2,6.0,172
0:51:02,145,6.22,,4.47,10.018,8:20,7.2,6.0,172
0:51:03,145,6.23,8:56,6.71,10.021,5:33,10.8,6.0,172
0:51:04,145,6.23,5:22,11.18,10.026,3:20,18.0,6.0,172
0:51:05,146,6.23,5:22,11.18,10.031,3:20,18.0,6.0,172
0:51:06,146,6.23,8:56,6.71,10.034,5:33,10.8,6.0,170
0:51:07,146,6.24,,4.47,10.036,8:20,7.2,6.0,170
0:51:08,145,6.24,6:42,8.95,10.04,4:10,14.4,6.0,168
0:51:09,146,6.24,6:42,8.95,10.044,4:10,14.4,6.0,168
0:51:10,146,6.24,6:42,8.95,10.048,4:10,14.4,6.0,164
0:51:11,146,6.25,8:56,6.71,10.051,5:33,10.8,6.0,162
0:51:12,146,6.25,8:56,6.71,10.054,5:33,10.8,6.0,160
0:51:12,146,6.25,,6.71,10.054,,10.8,6.0,160
0:51:13,146,6.25,,4.47,10.056,8:20,7.2,6.0,158
0:51:14,146,6.25,,4.47,10.058,8:20,7.2,6.0,154
0:51:15,146,6.25,8:56,6.71,10.061,5:33,10.8,6.0,150
0:51:16,146,6.25,,2.24,10.062,,3.6,6.0,134
0:51:17,145,6.25,,2.24,10.063,,3.6,6.0,118
0:51:18,145,,,2.24,,,3.6,6.0,
0:51:28,141,,,2.24,,,3.6,,
0:51:29,140,6.25,,2.24,10.063,,3.6,,114
0:51:30,140,6.25,,4.47,10.065,8:20,7.2,,116
0:51:31,139,6.26,,4.47,10.067,8:20,7.2,,120
0:51:32,138,6.26,6:42,8.95,10.071,4:10,14.4,3.0,142
0:51:33,137,6.26,6:42,8.95,10.075,4:10,14.4,3.0,164
0:51:34,136,6.26,5:22,11.18,10.08,3:20,18.0,3.0,168
0:51:35,136,6.27,6:42,8.95,10.084,4:10,14.4,3.0,172
0:51:36,135,6.27,6:42,8.95,10.088,4:10,14.4,3.0,172
0:51:37,135,6.27,6:42,8.95,10.092,4:10,14.4,3.0,172
0:51:38,135,6.27,,4.47,10.094,8:20,7.2,3.0,170
0:51:39,135,6.27,8:56,6.71,10.097,5:33,10.8,3.0,170
0:51:40,134,6.28,6:42,8.95,10.101,4:10,14.4,3.0,170
0:51:41,135,6.28,6:42,8.95,10.105,4:10,14.4,3.0,170
0:51:42,135,6.28,6:42,8.95,10.109,4:10,14.4,3.0,170
0:51:43,135,6.28,6:42,8.95,10.113,4:10,14.4,3.0,170
0:51:44,134,6.29,6:42,8.95,10.117,4:10,14.4,3.0,170
0:51:45,134,6.29,6:42,8.95,10.121,4:10,14.4,3.0,172
0:51:46,134,6.29,5:22,11.18,10.126,3:20,18.0,3.0,172
0:51:47,134,6.3,5:22,11.18,10.131,3:20,18.0,3.0,172
0:51:48,134,6.3,8:56,6.71,10.134,5:33,10.8,3.0,170
0:51:49,134,6.3,,4.47,10.136,8:20,7.2,3.0,170
0:51:50,134,6.3,6:42,8.95,10.14,4:10,14.4,3.0,170
0:51:51,134,6.3,6:42,8.95,10.144,4:10,14.4,3.0,170
0:51:52,134,6.31,6:42,8.95,10.148,4:10,14.4,3.0,170
0:51:53,133,6.31,8:56,6.71,10.151,5:33,10.8,3.0,170
0:51:54,133,6.31,6:42,8.95,10.155,4:10,14.4,3.0,170
0:51:55,134,6.31,6:42,8.95,10.159,4:10,14.4,3.0,170
0:51:56,134,6.31,8:56,6.71,10.162,5:33,10.8,3.0,170
0:51:57,135,6.32,,4.47,10.164,8:20,7.2,3.0,170
0:51:58,135,6.32,8:56,6.71,10.167,5:33,10.8,3.0,170
0:51:59,135,6.32,8:56,6.71,10.17,5:33,10.8,3.0,170
0:52:00,135,6.32,5:22,11.18,10.175,3:20,18.0,3.0,170
0:52:01,136,6.33,5:22,11.18,10.18,3:20,18.0,3.0,170
0:52:02,136,6.33,,4.47,10.182,8:20,7.2,3.0,170
0:52:03,136,6.33,8:56,6.71,10.185,5:33,10.8,3.0,170
0:52:04,136,6.33,5:22,11.18,10.19,3:20,18.0,3.0,170
0:52:05,137,6.34,4:28,13.42,10.196,2:47,21.6,3.0,170
0:52:06,138,6.34,6:42,8.95,10.2,4:10,14.4,3.0,170
0:52:07,138,6.34,6:42,8.95,10.204,4:10,14.4,3.0,170
0:52:08,138,6.34,,4.47,10.206,8:20,7.2,3.0,170
0:52:09,138,6.34,8:56,6.71,10.209,5:33,10.8,3.0,170
0:52:10,139,6.35,5:22,11.18,10.214,3:20,18.0,3.0,170
0:52:11,139,6.35,4:28,13.42,10.22,2:47,21.6,3.0,170
0:52:12,139,6.35,,4.47,10.222,8:20,7.2,3.0,168
0:52:13,139,6.35,8:56,6.71,10.225,5:33,10.8,3.0,168
0:52:14,139,6.35,,4.47,10.227,8:20,7.2,3.0,164
0:52:15,140,6.36,,4.47,10.229,8:20,7.2,3.0,162
0:52:16,140,6.36,8:56,6.71,10.232,5:33,10.8,3.0,162
0:52:17,141,6.36,8:56,6.71,10.235,5:33,10.8,3.0,160
0:52:18,141,6.36,8:56,6.71,10.238,5:33,10.8,3.0,162
0:52:19,141,6.36,,4.47,10.24,8:20,7.2,3.0,164
0:52:20,142,6.37,4:28,13.42,10.246,2:47,21.6,3.0,166
0:52:21,142,6.37,5:22,11.18,10.251,3:20,18.0,3.0,170
0:52:22,142,6.37,6:42,8.95,10.255,4:10,14.4,3.0,170
0:52:23,143,6.37,6:42,8.95,10.259,4:10,14.4,2.0,170
0:52:24,143,6.38,6:42,8.95,10.263,4:10,14.4,2.0,170
0:52:25,143,6.38,6:42,8.95,10.267,4:10,14.4,2.0,170
0:52:26,143,6.38,6:42,8.95,10.271,4:10,14.4,2.0,170
0:52:27,143,6.38,6:42,8.95,10.275,4:10,14.4,2.0,170
0:52:28,143,6.39,8:56,6.71,10.278,5:33,10.8,2.0,170
0:52:29,143,6.39,,4.47,10.28,8:20,7.2,2.0,170
0:52:30,143,6.39,4:28,13.42,10.286,2:47,21.6,2.0,170
0:52:31,143,6.39,5:22,11.18,10.291,3:20,18.0,2.0,172
0:52:32,143,6.4,8:56,6.71,10.294,5:33,10.8,2.0,172
0:52:33,143,6.4,,4.47,10.296,8:20,7.2,2.0,172
0:52:34,143,6.4,4:28,13.42,10.302,2:47,21.6,2.0,172
0:52:35,143,6.4,5:22,11.18,10.307,3:20,18.0,2.0,172
0:52:36,143,6.41,8:56,6.71,10.31,5:33,10.8,2.0,172
0:52:37,143,6.41,,4.47,10.312,8:20,7.2,2.0,172
0:52:38,143,6.41,6:42,8.95,10.316,4:10,14.4,2.0,172
0:52:39,143,6.41,6:42,8.95,10.32,4:10,14.4,2.0,172
0:52:40,143,6.42,6:42,8.95,10.324,4:10,14.4,2.0,172
0:52:41,143,6.42,6:42,8.95,10.328,4:10,14.4,2.0,172
0:52:42,143,6.42,6:42,8.95,10.332,4:10,14.4,2.0,172
0:52:43,143,6.42,6:42,8.95,10.336,4:10,14.4,2.0,172
0:52:44,143,6.42,,4.47,10.338,8:20,7.2,2.0,172
0:52:45,143,6.43,8:56,6.71,10.341,5:33,10.8,2.0,172
0:52:46,143,6.43,5:22,11.18,10.346,3:20,18.0,2.0,172
0:52:47,143,6.43,4:28,13.42,10.352,2:47,21.6,2.0,172
0:52:48,144,6.43,,4.47,10.354,8:20,7.2,2.0,172
0:52:49,144,6.44,8:56,6.71,10.357,5:33,10.8,2.0,172
0:52:50,144,6.44,8:56,6.71,10.36,5:33,10.8,2.0,172
0:52:51,145,6.44,,4.47,10.362,8:20,7.2,2.0,170
0:52:52,145,6.44,4:28,13.42,10.368,2:47,21.6,2.0,170
0:52:53,145,6.45,5:22,11.18,10.373,3:20,18.0,2.0,172
0:52:54,145,6.45,8:56,6.71,10.376,5:33,10.8,2.0,170
0:52:55,146,6.45,6:42,8.95,10.38,4:10,14.4,2.0,170
0:52:56,146,6.45,8:56,6.71,10.383,5:33,10.8,2.0,170
0:52:57,146,6.45,8:56,6.71,10.386,5:33,10.8,2.0,170
0:52:58,146,6.46,5:22,11.18,10.391,3:20,18.0,2.0,170
0:52:59,146,6.46,5:22,11.18,10.396,3:20,18.0,2.0,170
0:53:00,146,6.46,,4.47,10.398,8:20,7.2,2.0,170
0:53:01,146,6.46,8:56,6.71,10.401,5:33,10.8,2.0,168
0:53:02,146,6.46,8:56,6.71,10.404,5:33,10.8,2.0,166
0:53:03,146,6.47,8:56,6.71,10.407,5:33,10.8,2.0,162
0:53:04,146,6.47,,2.24,10.408,,3.6,,138
0:53:05,146,6.47,,4.47,10.41,8:20,7.2,,116
0:53:06,146,6.47,,4.47,10.412,8:20,7.2,,114
0:53:07,145,6.47,,2.24,10.413,,3.6,2.0,114
0:53:08,145,6.47,,2.24,10.414,,3.6,,116
0:53:09,146,6.47,,2.24,10.415,,3.6,,116
0:53:10,146,6.47,,4.47,10.417,8:20,7.2,,128
0:53:11,146,6.47,,4.47,10.419,8:20,7.2,,140
